customer_id,age,age_group,gender,annual_income,loan_amount,loan_purpose,employment_length_years,credit_history_years,num_open_credit_lines,debt_to_income_ratio,has_previous_default,delinquent_2yrs,risk_label
CUST_100000,45,Working Age (25-55),Female,32300.0,10600,credit_card,4,14,7,0.2922,0,1,1
CUST_100001,38,Working Age (25-55),Female,40100.0,13500,home_improvement,4,5,9,0.0911,0,0,0
CUST_100002,47,Working Age (25-55),Female,46400.0,12600,home_improvement,5,12,6,0.2685,0,2,1
CUST_100003,58,Senior (>55),Female,96600.0,32900,home_improvement,0,17,6,0.3155,1,0,1
CUST_100004,37,Working Age (25-55),Female,28600.0,12100,credit_card,4,16,12,0.0853,0,0,0
CUST_100005,37,Working Age (25-55),Male,44500.0,15900,debt_consolidation,1,15,2,0.2679,0,3,1
CUST_100006,58,Senior (>55),Male,91500.0,39900,major_purchase,3,18,12,0.0923,0,0,0
CUST_100007,49,Working Age (25-55),Male,45900.0,11800,debt_consolidation,7,19,3,0.309,0,0,0
CUST_100008,34,Working Age (25-55),Female,69800.0,19900,debt_consolidation,6,14,9,0.2686,0,2,1
CUST_100009,46,Working Age (25-55),Female,50200.0,9700,debt_consolidation,0,15,6,0.2994,0,0,0
CUST_100010,34,Working Age (25-55),Female,62400.0,27800,credit_card,4,7,2,0.2163,0,2,1
CUST_100011,34,Working Age (25-55),Male,47800.0,5700,debt_consolidation,16,11,7,0.1854,0,0,0
CUST_100012,42,Working Age (25-55),Male,78200.0,17600,home_improvement,0,14,10,0.2088,0,0,1
CUST_100013,19,Young (<25),Male,23200.0,4700,credit_card,1,2,8,0.1036,1,0,1
CUST_100014,19,Young (<25),Female,44400.0,10400,credit_card,1,7,11,0.2746,0,0,1
CUST_100015,33,Working Age (25-55),Male,63800.0,26900,debt_consolidation,7,12,7,0.308,0,0,1
CUST_100016,27,Working Age (25-55),Female,72700.0,16600,credit_card,1,10,7,0.2065,0,0,0
CUST_100017,43,Working Age (25-55),Male,123100.0,50000,debt_consolidation,1,15,7,0.1923,0,0,0
CUST_100018,29,Working Age (25-55),Male,43700.0,10800,debt_consolidation,11,12,4,0.1977,0,0,0
CUST_100019,23,Young (<25),Male,122200.0,48800,debt_consolidation,2,7,6,0.1974,0,0,1
CUST_100020,57,Senior (>55),Male,37700.0,10700,home_improvement,0,20,8,0.114,0,0,0
CUST_100021,37,Working Age (25-55),Female,112500.0,23500,credit_card,4,11,8,0.2394,0,0,0
CUST_100022,40,Working Age (25-55),Male,84900.0,21800,credit_card,0,12,7,0.0841,0,0,0
CUST_100023,22,Young (<25),Male,32800.0,8200,credit_card,4,11,8,0.2439,0,0,1
CUST_100024,33,Working Age (25-55),Female,64100.0,12200,credit_card,5,5,4,0.1244,0,0,0
CUST_100025,41,Working Age (25-55),Female,52700.0,10600,debt_consolidation,10,16,3,0.172,0,0,0
CUST_100026,26,Working Age (25-55),Female,76400.0,12600,debt_consolidation,7,7,8,0.5286,1,0,1
CUST_100027,44,Working Age (25-55),Female,47900.0,10400,small_business,0,13,8,0.1845,1,1,1
CUST_100028,32,Working Age (25-55),Female,45800.0,14600,credit_card,2,11,7,0.207,0,0,0
CUST_100029,36,Working Age (25-55),Male,115000.0,27100,credit_card,7,8,6,0.091,0,1,1
CUST_100030,32,Working Age (25-55),Female,51300.0,17900,credit_card,2,8,4,0.3853,1,0,1
CUST_100031,62,Senior (>55),Female,85400.0,38000,home_improvement,17,19,11,0.0807,0,0,0
CUST_100032,39,Working Age (25-55),Male,47900.0,11100,credit_card,6,12,4,0.3158,0,0,0
CUST_100033,27,Working Age (25-55),Male,135500.0,35500,debt_consolidation,0,7,4,0.3017,0,0,0
CUST_100034,49,Working Age (25-55),Male,37300.0,5900,small_business,10,21,9,0.442,0,0,0
CUST_100035,25,Working Age (25-55),Female,38600.0,9200,debt_consolidation,0,14,8,0.3091,0,0,1
CUST_100036,42,Working Age (25-55),Male,125300.0,44400,debt_consolidation,0,8,5,0.2768,1,0,1
CUST_100037,19,Young (<25),Male,42400.0,7500,debt_consolidation,1,8,7,0.1642,0,1,0
CUST_100038,24,Young (<25),Female,130700.0,21400,home_improvement,6,10,6,0.0834,0,0,0
CUST_100039,42,Working Age (25-55),Female,88500.0,20500,home_improvement,3,16,6,0.0693,1,0,0
CUST_100040,48,Working Age (25-55),Male,49800.0,19200,home_improvement,1,14,7,0.2096,0,0,0
CUST_100041,42,Working Age (25-55),Male,20000.0,6400,major_purchase,2,13,8,0.1796,0,2,0
CUST_100042,38,Working Age (25-55),Male,53600.0,23300,debt_consolidation,2,11,5,0.04,0,0,0
CUST_100043,36,Working Age (25-55),Male,57300.0,23900,credit_card,1,11,8,0.2682,0,1,1
CUST_100044,22,Young (<25),Male,102900.0,15700,credit_card,1,4,5,0.0886,0,0,0
CUST_100045,31,Working Age (25-55),Male,129800.0,14900,medical,4,10,8,0.2765,0,0,0
CUST_100046,34,Working Age (25-55),Female,37200.0,8900,debt_consolidation,11,7,4,0.1446,0,0,0
CUST_100047,52,Working Age (25-55),Female,84200.0,23800,major_purchase,1,17,8,0.0714,0,0,0
CUST_100048,44,Working Age (25-55),Female,82500.0,23100,debt_consolidation,1,11,12,0.1138,0,0,0
CUST_100049,19,Young (<25),Male,97800.0,14400,home_improvement,1,7,6,0.2329,0,0,0
CUST_100050,43,Working Age (25-55),Male,71300.0,10200,credit_card,6,13,4,0.298,0,0,0
CUST_100051,35,Working Age (25-55),Male,18600.0,2200,home_improvement,13,13,12,0.0714,0,1,0
CUST_100052,31,Working Age (25-55),Female,49700.0,19800,debt_consolidation,0,14,7,0.0464,0,0,0
CUST_100053,47,Working Age (25-55),Male,28700.0,12400,debt_consolidation,0,21,6,0.3968,0,2,1
CUST_100054,52,Working Age (25-55),Female,48500.0,6800,debt_consolidation,3,10,12,0.0903,0,0,0
CUST_100055,51,Working Age (25-55),Female,92900.0,16200,credit_card,4,15,12,0.228,0,0,0
CUST_100056,29,Working Age (25-55),Male,64100.0,8400,credit_card,3,9,11,0.1697,0,0,0
CUST_100057,36,Working Age (25-55),Male,101900.0,41500,major_purchase,4,13,9,0.2884,1,1,1
CUST_100058,43,Working Age (25-55),Male,65400.0,28500,credit_card,0,10,9,0.1268,0,0,0
CUST_100059,51,Working Age (25-55),Female,26500.0,5100,debt_consolidation,3,14,4,0.2773,0,0,0
CUST_100060,34,Working Age (25-55),Male,18000.0,3700,debt_consolidation,5,12,6,0.0871,0,1,0
CUST_100061,37,Working Age (25-55),Female,58800.0,13300,debt_consolidation,2,13,3,0.1107,0,0,0
CUST_100062,26,Working Age (25-55),Female,48200.0,13300,home_improvement,5,10,5,0.1465,0,0,1
CUST_100063,25,Working Age (25-55),Male,31700.0,10700,home_improvement,3,10,3,0.2027,1,1,0
CUST_100064,49,Working Age (25-55),Male,21300.0,5900,medical,2,18,3,0.1064,0,0,0
CUST_100065,56,Senior (>55),Male,36200.0,15700,debt_consolidation,1,20,12,0.1658,1,0,1
CUST_100066,39,Working Age (25-55),Female,48700.0,6600,debt_consolidation,2,13,6,0.1877,0,1,0
CUST_100067,52,Working Age (25-55),Male,78100.0,29600,debt_consolidation,0,20,6,0.3502,0,0,1
CUST_100068,44,Working Age (25-55),Female,60100.0,13000,credit_card,5,8,7,0.156,0,0,0
CUST_100069,32,Working Age (25-55),Male,131200.0,30500,medical,9,15,5,0.1731,0,0,0
CUST_100070,44,Working Age (25-55),Female,30700.0,10700,debt_consolidation,2,8,5,0.0969,0,0,0
CUST_100071,58,Senior (>55),Female,88000.0,37400,debt_consolidation,0,17,8,0.0957,0,1,0
CUST_100072,39,Working Age (25-55),Male,55600.0,19500,home_improvement,21,12,6,0.1262,0,0,0
CUST_100073,58,Senior (>55),Male,79400.0,29500,credit_card,1,22,8,0.0745,0,0,0
CUST_100074,19,Young (<25),Female,42600.0,15500,debt_consolidation,0,1,2,0.3258,0,0,1
CUST_100075,49,Working Age (25-55),Female,97700.0,20700,home_improvement,2,17,12,0.288,0,1,0
CUST_100076,41,Working Age (25-55),Male,63700.0,23200,debt_consolidation,6,16,5,0.3292,0,0,1
CUST_100077,36,Working Age (25-55),Female,37300.0,14000,major_purchase,1,15,9,0.3503,0,0,1
CUST_100078,41,Working Age (25-55),Female,53800.0,15400,debt_consolidation,4,12,3,0.1885,0,0,0
CUST_100079,19,Young (<25),Female,47500.0,13700,debt_consolidation,1,5,4,0.304,0,0,1
CUST_100080,37,Working Age (25-55),Female,70900.0,25900,debt_consolidation,0,11,12,0.5612,0,0,1
CUST_100081,44,Working Age (25-55),Male,28300.0,10900,debt_consolidation,2,14,7,0.2292,0,0,0
CUST_100082,57,Senior (>55),Male,53300.0,11600,credit_card,6,16,8,0.164,0,0,1
CUST_100083,33,Working Age (25-55),Male,67300.0,25600,credit_card,4,8,4,0.3887,1,1,0
CUST_100084,30,Working Age (25-55),Male,55200.0,21200,credit_card,0,11,16,0.2164,1,0,1
CUST_100085,33,Working Age (25-55),Female,113600.0,20700,credit_card,0,11,9,0.2321,0,0,0
CUST_100086,50,Working Age (25-55),Female,82900.0,29100,debt_consolidation,5,18,9,0.1723,0,0,0
CUST_100087,43,Working Age (25-55),Female,54000.0,8900,debt_consolidation,8,15,7,0.1849,0,0,0
CUST_100088,33,Working Age (25-55),Female,61000.0,8100,medical,2,13,5,0.04,0,1,0
CUST_100089,46,Working Age (25-55),Female,63700.0,19200,home_improvement,4,18,6,0.161,1,0,0
CUST_100090,41,Working Age (25-55),Male,67600.0,28300,debt_consolidation,0,9,11,0.2957,0,2,1
CUST_100091,51,Working Age (25-55),Male,19800.0,2200,debt_consolidation,1,15,5,0.1768,0,0,0
CUST_100092,31,Working Age (25-55),Female,45900.0,17900,credit_card,0,10,11,0.1133,0,1,0
CUST_100093,36,Working Age (25-55),Male,23900.0,6600,debt_consolidation,7,12,4,0.1002,0,0,0
CUST_100094,35,Working Age (25-55),Male,109400.0,43900,credit_card,2,10,4,0.302,0,1,0
CUST_100095,22,Young (<25),Male,52400.0,20700,credit_card,4,10,5,0.1788,0,0,0
CUST_100096,43,Working Age (25-55),Male,48700.0,19800,debt_consolidation,6,20,8,0.1675,1,0,0
CUST_100097,43,Working Age (25-55),Male,88700.0,32700,debt_consolidation,8,15,7,0.48,0,0,1
CUST_100098,40,Working Age (25-55),Male,68300.0,27000,home_improvement,1,14,5,0.2258,0,0,0
CUST_100099,37,Working Age (25-55),Male,29100.0,4700,debt_consolidation,1,15,9,0.2578,0,0,0
CUST_100100,23,Young (<25),Male,52100.0,10800,debt_consolidation,5,2,7,0.205,0,1,1
CUST_100101,34,Working Age (25-55),Female,45100.0,8300,home_improvement,6,11,7,0.1967,0,0,0
CUST_100102,35,Working Age (25-55),Female,20800.0,7500,home_improvement,8,15,8,0.1096,0,0,0
CUST_100103,30,Working Age (25-55),Male,37100.0,5700,debt_consolidation,0,8,8,0.2273,0,0,0
CUST_100104,38,Working Age (25-55),Female,49000.0,8000,small_business,2,9,5,0.2353,0,0,0
CUST_100105,44,Working Age (25-55),Female,50900.0,20700,credit_card,6,14,7,0.1789,0,0,0
CUST_100106,62,Senior (>55),Male,24000.0,8300,debt_consolidation,0,21,6,0.392,0,0,1
CUST_100107,42,Working Age (25-55),Female,102100.0,41500,debt_consolidation,4,11,6,0.4377,0,0,1
CUST_100108,43,Working Age (25-55),Male,51200.0,7600,home_improvement,2,21,7,0.1239,0,1,0
CUST_100109,39,Working Age (25-55),Male,55300.0,13300,debt_consolidation,0,12,2,0.396,1,0,1
CUST_100110,19,Young (<25),Male,67500.0,13400,credit_card,1,3,10,0.2261,0,1,1
CUST_100111,39,Working Age (25-55),Male,35100.0,3600,credit_card,1,13,4,0.328,0,2,1
CUST_100112,40,Working Age (25-55),Female,69600.0,13900,credit_card,0,16,11,0.1697,0,0,0
CUST_100113,69,Senior (>55),Male,44300.0,10300,credit_card,4,24,4,0.04,1,0,0
CUST_100114,37,Working Age (25-55),Male,33100.0,4400,credit_card,1,14,6,0.1884,0,0,0
CUST_100115,43,Working Age (25-55),Male,74300.0,22200,debt_consolidation,1,12,6,0.3233,0,0,1
CUST_100116,39,Working Age (25-55),Female,123100.0,28800,debt_consolidation,11,18,3,0.1271,0,0,0
CUST_100117,25,Working Age (25-55),Female,80700.0,9400,credit_card,3,10,9,0.2211,0,0,0
CUST_100118,53,Working Age (25-55),Male,90000.0,31200,home_improvement,2,21,8,0.1,0,0,0
CUST_100119,49,Working Age (25-55),Female,40700.0,14500,credit_card,6,18,6,0.1705,0,0,0
CUST_100120,49,Working Age (25-55),Male,22500.0,8800,debt_consolidation,12,19,5,0.2043,0,0,0
CUST_100121,29,Working Age (25-55),Female,123000.0,33200,medical,0,7,8,0.1616,0,0,0
CUST_100122,56,Senior (>55),Female,167700.0,50000,debt_consolidation,2,18,3,0.1942,0,0,0
CUST_100123,23,Young (<25),Female,126600.0,50000,debt_consolidation,4,12,7,0.2555,0,0,1
CUST_100124,47,Working Age (25-55),Female,45000.0,13200,debt_consolidation,1,21,11,0.5233,0,0,1
CUST_100125,66,Senior (>55),Male,28700.0,7300,debt_consolidation,7,19,5,0.2359,0,0,0
CUST_100126,28,Working Age (25-55),Male,30100.0,3000,credit_card,10,10,7,0.0885,0,0,0
CUST_100127,33,Working Age (25-55),Female,21500.0,7500,debt_consolidation,14,10,5,0.1554,0,0,0
CUST_100128,41,Working Age (25-55),Male,51100.0,15200,debt_consolidation,1,12,7,0.276,0,0,0
CUST_100129,33,Working Age (25-55),Female,131000.0,50000,debt_consolidation,1,12,8,0.2284,1,0,1
CUST_100130,21,Young (<25),Male,50100.0,15400,credit_card,3,10,10,0.1471,0,2,0
CUST_100131,40,Working Age (25-55),Female,64000.0,28600,small_business,3,15,7,0.2376,0,0,0
CUST_100132,27,Working Age (25-55),Male,115400.0,46000,home_improvement,1,8,6,0.172,0,0,0
CUST_100133,45,Working Age (25-55),Male,43400.0,18800,debt_consolidation,6,17,6,0.2512,0,0,0
CUST_100134,28,Working Age (25-55),Male,166000.0,35600,credit_card,1,8,3,0.2131,0,0,0
CUST_100135,58,Senior (>55),Male,162000.0,24700,debt_consolidation,1,21,2,0.3298,0,0,0
CUST_100136,30,Working Age (25-55),Male,50400.0,19100,debt_consolidation,10,14,11,0.3416,0,0,1
CUST_100137,36,Working Age (25-55),Male,39400.0,14800,home_improvement,0,6,4,0.0929,0,1,0
CUST_100138,49,Working Age (25-55),Male,79500.0,13800,credit_card,0,19,5,0.1503,0,0,0
CUST_100139,25,Working Age (25-55),Male,44800.0,16500,debt_consolidation,1,4,8,0.3095,0,0,1
CUST_100140,42,Working Age (25-55),Male,28700.0,8700,debt_consolidation,4,18,7,0.04,0,0,0
CUST_100141,55,Working Age (25-55),Female,109600.0,15200,debt_consolidation,0,17,8,0.1742,0,0,0
CUST_100142,20,Young (<25),Male,105800.0,29200,debt_consolidation,2,3,8,0.0926,0,0,0
CUST_100143,42,Working Age (25-55),Female,59000.0,25100,credit_card,4,16,8,0.1775,0,0,0
CUST_100144,43,Working Age (25-55),Male,27000.0,7500,debt_consolidation,9,16,7,0.2324,0,1,0
CUST_100145,49,Working Age (25-55),Male,27600.0,10400,major_purchase,1,14,5,0.1161,0,0,0
CUST_100146,25,Working Age (25-55),Male,57500.0,6300,credit_card,7,4,13,0.2626,0,0,0
CUST_100147,24,Young (<25),Female,41200.0,14600,small_business,1,7,7,0.2421,0,3,1
CUST_100148,46,Working Age (25-55),Female,44900.0,19400,home_improvement,5,12,6,0.2653,0,0,1
CUST_100149,43,Working Age (25-55),Male,95000.0,26100,credit_card,2,11,9,0.0998,0,0,0
CUST_100150,43,Working Age (25-55),Male,81100.0,17700,credit_card,0,15,7,0.2408,0,1,0
CUST_100151,44,Working Age (25-55),Female,115600.0,37700,debt_consolidation,6,12,6,0.2307,0,0,0
CUST_100152,31,Working Age (25-55),Female,31400.0,13200,credit_card,1,12,8,0.1557,1,0,1
CUST_100153,42,Working Age (25-55),Male,44900.0,7300,debt_consolidation,0,19,9,0.3136,0,0,0
CUST_100154,43,Working Age (25-55),Male,82200.0,19800,debt_consolidation,2,14,9,0.1974,0,0,0
CUST_100155,31,Working Age (25-55),Female,69300.0,10700,debt_consolidation,5,11,6,0.1195,1,0,0
CUST_100156,62,Senior (>55),Female,125800.0,34400,home_improvement,1,27,10,0.2487,0,0,0
CUST_100157,45,Working Age (25-55),Female,68300.0,19700,medical,1,12,3,0.0901,0,0,0
CUST_100158,25,Working Age (25-55),Male,149700.0,50000,debt_consolidation,0,12,7,0.072,0,0,0
CUST_100159,47,Working Age (25-55),Female,72900.0,17800,credit_card,3,19,3,0.1236,0,3,0
CUST_100160,28,Working Age (25-55),Female,97200.0,29000,small_business,2,12,11,0.4398,0,0,1
CUST_100161,49,Working Age (25-55),Female,45300.0,18600,debt_consolidation,1,21,8,0.04,0,1,0
CUST_100162,53,Working Age (25-55),Female,54600.0,11600,debt_consolidation,0,19,10,0.276,0,0,0
CUST_100163,30,Working Age (25-55),Male,89400.0,30000,debt_consolidation,2,8,8,0.2386,0,2,1
CUST_100164,51,Working Age (25-55),Female,131500.0,48000,small_business,7,21,4,0.0908,0,0,0
CUST_100165,44,Working Age (25-55),Female,80900.0,17400,debt_consolidation,6,18,1,0.1984,0,0,0
CUST_100166,49,Working Age (25-55),Female,51800.0,8200,debt_consolidation,9,20,9,0.166,0,2,0
CUST_100167,62,Senior (>55),Female,115600.0,31900,credit_card,0,21,12,0.2432,1,0,1
CUST_100168,37,Working Age (25-55),Female,18000.0,4000,small_business,16,10,9,0.2434,0,0,0
CUST_100169,30,Working Age (25-55),Male,24800.0,4800,major_purchase,2,11,6,0.1802,0,0,0
CUST_100170,29,Working Age (25-55),Male,78800.0,34700,debt_consolidation,11,12,7,0.1877,0,1,0
CUST_100171,30,Working Age (25-55),Male,54600.0,15100,major_purchase,1,13,6,0.0938,0,0,0
CUST_100172,39,Working Age (25-55),Male,75600.0,30200,debt_consolidation,3,12,8,0.2374,0,1,1
CUST_100173,44,Working Age (25-55),Male,56100.0,9400,debt_consolidation,2,16,7,0.0808,0,0,0
CUST_100174,43,Working Age (25-55),Female,74200.0,31800,major_purchase,2,11,13,0.279,0,0,1
CUST_100175,49,Working Age (25-55),Male,34600.0,13100,credit_card,9,20,3,0.5273,1,0,1
CUST_100176,40,Working Age (25-55),Male,74100.0,28400,debt_consolidation,6,11,13,0.1542,0,0,0
CUST_100177,57,Senior (>55),Male,93600.0,22100,credit_card,24,22,7,0.1725,0,0,0
CUST_100178,36,Working Age (25-55),Male,106000.0,28600,home_improvement,4,9,6,0.1339,0,0,0
CUST_100179,72,Senior (>55),Female,164000.0,50000,small_business,3,28,9,0.3448,0,0,0
CUST_100180,47,Working Age (25-55),Male,62000.0,23300,small_business,0,17,7,0.2501,0,2,1
CUST_100181,29,Working Age (25-55),Male,63000.0,25000,credit_card,11,7,6,0.3613,1,1,1
CUST_100182,27,Working Age (25-55),Male,23400.0,3000,small_business,4,11,10,0.2432,0,0,0
CUST_100183,45,Working Age (25-55),Female,40400.0,16800,credit_card,6,13,4,0.2296,0,1,1
CUST_100184,37,Working Age (25-55),Female,48700.0,20800,credit_card,2,15,8,0.22,0,0,0
CUST_100185,48,Working Age (25-55),Female,96500.0,29700,home_improvement,3,15,17,0.2936,0,1,1
CUST_100186,45,Working Age (25-55),Male,38700.0,6400,debt_consolidation,14,10,6,0.0947,1,0,0
CUST_100187,39,Working Age (25-55),Female,84000.0,32500,debt_consolidation,0,10,4,0.2035,0,0,0
CUST_100188,29,Working Age (25-55),Female,54100.0,15800,debt_consolidation,1,8,4,0.04,0,3,0
CUST_100189,21,Young (<25),Male,49100.0,19000,credit_card,0,11,10,0.0888,0,0,0
CUST_100190,34,Working Age (25-55),Female,62100.0,23900,debt_consolidation,7,14,5,0.3439,0,1,1
CUST_100191,50,Working Age (25-55),Male,43700.0,5700,debt_consolidation,0,22,7,0.4158,1,1,1
CUST_100192,42,Working Age (25-55),Female,42800.0,13400,debt_consolidation,0,19,16,0.1132,0,0,0
CUST_100193,25,Working Age (25-55),Male,21200.0,5700,debt_consolidation,1,7,7,0.1991,0,0,0
CUST_100194,42,Working Age (25-55),Male,47300.0,20400,home_improvement,3,14,5,0.1019,1,0,1
CUST_100195,44,Working Age (25-55),Male,41600.0,8500,debt_consolidation,2,14,10,0.3116,0,0,0
CUST_100196,29,Working Age (25-55),Male,40800.0,7000,debt_consolidation,0,8,8,0.1049,0,0,0
CUST_100197,41,Working Age (25-55),Female,68100.0,28200,credit_card,15,8,10,0.1102,0,2,0
CUST_100198,40,Working Age (25-55),Female,77800.0,11800,small_business,15,13,7,0.464,0,0,0
CUST_100199,26,Working Age (25-55),Female,61600.0,21000,debt_consolidation,1,5,4,0.3101,0,3,0
CUST_100200,44,Working Age (25-55),Male,93700.0,19200,debt_consolidation,6,15,4,0.0591,0,0,0
CUST_100201,46,Working Age (25-55),Male,74400.0,22200,major_purchase,4,22,7,0.0694,0,0,0
CUST_100202,52,Working Age (25-55),Female,46100.0,14600,debt_consolidation,1,16,6,0.2563,0,2,0
CUST_100203,52,Working Age (25-55),Male,42000.0,10300,major_purchase,1,18,9,0.1851,0,0,0
CUST_100204,23,Young (<25),Female,64300.0,28400,debt_consolidation,3,10,5,0.1563,0,0,1
CUST_100205,28,Working Age (25-55),Male,74300.0,10900,debt_consolidation,2,10,5,0.1963,0,0,0
CUST_100206,46,Working Age (25-55),Male,116900.0,27700,debt_consolidation,1,16,6,0.0492,0,0,0
CUST_100207,46,Working Age (25-55),Female,104300.0,26100,debt_consolidation,8,15,6,0.2022,0,0,0
CUST_100208,46,Working Age (25-55),Male,40200.0,12900,small_business,3,15,5,0.4747,0,0,1
CUST_100209,75,Senior (>55),Female,51200.0,12400,medical,5,23,7,0.0406,0,0,0
CUST_100210,46,Working Age (25-55),Male,78400.0,10500,major_purchase,1,18,3,0.2164,1,1,1
CUST_100211,53,Working Age (25-55),Male,97500.0,42100,small_business,3,13,4,0.4594,1,0,1
CUST_100212,51,Working Age (25-55),Female,90800.0,22300,small_business,1,20,4,0.2346,0,1,0
CUST_100213,47,Working Age (25-55),Female,52300.0,11500,credit_card,3,12,5,0.2337,1,0,1
CUST_100214,36,Working Age (25-55),Female,27200.0,7000,small_business,7,15,7,0.4086,0,0,1
CUST_100215,49,Working Age (25-55),Male,31300.0,5500,debt_consolidation,7,16,6,0.2829,0,1,0
CUST_100216,30,Working Age (25-55),Male,62900.0,8500,debt_consolidation,2,6,10,0.1259,1,1,1
CUST_100217,37,Working Age (25-55),Female,65400.0,9900,credit_card,5,14,7,0.2503,0,2,0
CUST_100218,34,Working Age (25-55),Male,29600.0,4700,small_business,14,14,6,0.2731,1,2,1
CUST_100219,40,Working Age (25-55),Male,55500.0,9400,credit_card,4,12,11,0.175,0,0,0
CUST_100220,67,Senior (>55),Female,76700.0,18900,small_business,0,25,5,0.1628,0,0,0
CUST_100221,19,Young (<25),Female,28800.0,9200,credit_card,1,1,5,0.074,0,0,0
CUST_100222,48,Working Age (25-55),Male,99500.0,31900,home_improvement,0,12,7,0.159,0,0,0
CUST_100223,20,Young (<25),Male,44000.0,4400,medical,2,10,11,0.161,1,1,1
CUST_100224,34,Working Age (25-55),Female,108200.0,45700,debt_consolidation,3,11,4,0.3054,0,0,1
CUST_100225,53,Working Age (25-55),Female,40400.0,15700,major_purchase,2,12,6,0.3045,0,1,0
CUST_100226,40,Working Age (25-55),Female,30800.0,13500,credit_card,0,11,8,0.1803,1,0,1
CUST_100227,27,Working Age (25-55),Male,42100.0,9500,credit_card,2,6,5,0.1246,0,0,0
CUST_100228,31,Working Age (25-55),Female,51400.0,17100,small_business,11,10,3,0.0827,0,0,0
CUST_100229,48,Working Age (25-55),Female,43800.0,7000,debt_consolidation,0,15,7,0.1176,0,0,0
CUST_100230,31,Working Age (25-55),Male,48100.0,18600,debt_consolidation,3,11,13,0.2312,0,0,0
CUST_100231,42,Working Age (25-55),Male,65100.0,10200,credit_card,13,14,8,0.2061,0,0,0
CUST_100232,40,Working Age (25-55),Female,49300.0,10600,debt_consolidation,2,18,9,0.2906,0,1,1
CUST_100233,32,Working Age (25-55),Female,52200.0,14200,credit_card,2,12,4,0.1884,0,0,0
CUST_100234,65,Senior (>55),Male,21200.0,6500,debt_consolidation,4,24,7,0.2245,0,0,0
CUST_100235,47,Working Age (25-55),Female,67200.0,19900,major_purchase,3,19,6,0.0557,0,0,0
CUST_100236,19,Young (<25),Female,51600.0,7000,debt_consolidation,0,5,6,0.1732,0,0,0
CUST_100237,42,Working Age (25-55),Male,131400.0,32500,credit_card,0,10,5,0.1342,0,1,0
CUST_100238,32,Working Age (25-55),Female,32300.0,13700,major_purchase,4,14,3,0.1249,1,2,1
CUST_100239,50,Working Age (25-55),Male,20000.0,8100,major_purchase,12,17,7,0.2125,0,0,0
CUST_100240,30,Working Age (25-55),Male,76100.0,23300,home_improvement,0,10,6,0.4408,1,0,1
CUST_100241,38,Working Age (25-55),Female,65600.0,19700,credit_card,1,11,7,0.3116,0,0,1
CUST_100242,46,Working Age (25-55),Female,31100.0,4300,debt_consolidation,2,14,7,0.1692,0,0,0
CUST_100243,50,Working Age (25-55),Male,23400.0,4000,debt_consolidation,8,20,8,0.2181,1,1,0
CUST_100244,25,Working Age (25-55),Male,126200.0,23800,debt_consolidation,1,11,7,0.2844,0,0,0
CUST_100245,35,Working Age (25-55),Male,117900.0,31900,home_improvement,10,14,7,0.1444,0,0,0
CUST_100246,34,Working Age (25-55),Male,18000.0,6400,debt_consolidation,0,14,6,0.3226,0,1,1
CUST_100247,32,Working Age (25-55),Female,42100.0,11000,credit_card,14,12,8,0.1685,0,0,0
CUST_100248,61,Senior (>55),Male,135300.0,19500,debt_consolidation,4,21,9,0.3803,1,0,0
CUST_100249,44,Working Age (25-55),Female,41700.0,10600,credit_card,5,14,1,0.2727,0,0,1
CUST_100250,24,Young (<25),Female,41400.0,6500,credit_card,2,12,8,0.2567,0,0,0
CUST_100251,51,Working Age (25-55),Female,46400.0,16800,home_improvement,7,16,6,0.2073,0,0,0
CUST_100252,65,Senior (>55),Female,29200.0,4600,debt_consolidation,0,23,6,0.2913,0,0,0
CUST_100253,52,Working Age (25-55),Male,21200.0,5700,debt_consolidation,0,15,9,0.1632,0,0,0
CUST_100254,21,Young (<25),Female,96700.0,33100,debt_consolidation,2,5,9,0.0992,0,0,0
CUST_100255,34,Working Age (25-55),Female,19700.0,3500,debt_consolidation,9,11,8,0.183,0,0,0
CUST_100256,55,Working Age (25-55),Female,62100.0,7900,credit_card,7,16,6,0.364,1,0,1
CUST_100257,31,Working Age (25-55),Male,88200.0,26200,debt_consolidation,3,13,7,0.0658,0,0,0
CUST_100258,45,Working Age (25-55),Male,24400.0,2900,debt_consolidation,4,11,6,0.251,0,1,1
CUST_100259,49,Working Age (25-55),Female,32600.0,10000,small_business,0,17,3,0.2025,0,0,0
CUST_100260,28,Working Age (25-55),Female,105600.0,38400,credit_card,9,10,6,0.1331,0,0,0
CUST_100261,39,Working Age (25-55),Female,72600.0,15600,debt_consolidation,7,8,6,0.2237,0,1,0
CUST_100262,19,Young (<25),Male,38600.0,10500,debt_consolidation,1,5,5,0.112,0,1,0
CUST_100263,27,Working Age (25-55),Male,104900.0,44600,debt_consolidation,3,10,12,0.1887,0,3,1
CUST_100264,36,Working Age (25-55),Male,105200.0,27900,credit_card,16,13,7,0.2605,0,0,0
CUST_100265,25,Working Age (25-55),Male,62800.0,28200,credit_card,7,8,8,0.0731,1,0,1
CUST_100266,59,Senior (>55),Female,33000.0,5100,credit_card,5,22,13,0.2704,0,0,0
CUST_100267,22,Young (<25),Male,43200.0,15000,debt_consolidation,2,7,10,0.0751,0,2,0
CUST_100268,34,Working Age (25-55),Male,63400.0,20800,credit_card,4,11,5,0.3326,0,0,1
CUST_100269,41,Working Age (25-55),Female,48800.0,19800,debt_consolidation,4,15,9,0.1354,0,0,0
CUST_100270,57,Senior (>55),Female,90800.0,12000,credit_card,2,22,4,0.1059,0,0,0
CUST_100271,22,Young (<25),Male,23400.0,4600,home_improvement,1,5,4,0.2125,0,0,0
CUST_100272,53,Working Age (25-55),Male,23800.0,3500,debt_consolidation,2,17,4,0.0629,1,0,0
CUST_100273,40,Working Age (25-55),Female,59800.0,25500,debt_consolidation,4,11,13,0.3327,0,3,1
CUST_100274,28,Working Age (25-55),Male,41300.0,10300,small_business,2,8,5,0.1848,0,1,1
CUST_100275,45,Working Age (25-55),Male,38400.0,16100,debt_consolidation,1,20,6,0.109,0,1,0
CUST_100276,42,Working Age (25-55),Female,20500.0,4200,debt_consolidation,7,16,7,0.1976,1,0,1
CUST_100277,32,Working Age (25-55),Female,54800.0,7900,home_improvement,3,7,7,0.1017,0,1,0
CUST_100278,40,Working Age (25-55),Female,52600.0,10700,credit_card,0,12,5,0.3446,1,0,1
CUST_100279,35,Working Age (25-55),Male,77600.0,24000,home_improvement,2,13,5,0.1729,0,1,0
CUST_100280,41,Working Age (25-55),Female,56300.0,22300,debt_consolidation,10,11,11,0.2459,0,1,1
CUST_100281,47,Working Age (25-55),Female,50400.0,11800,debt_consolidation,7,14,5,0.4193,0,0,1
CUST_100282,59,Senior (>55),Male,103500.0,43500,debt_consolidation,1,24,8,0.3703,0,0,1
CUST_100283,25,Working Age (25-55),Male,26300.0,4900,credit_card,7,6,3,0.5427,0,0,1
CUST_100284,65,Senior (>55),Female,72800.0,25000,debt_consolidation,0,25,9,0.1201,0,1,0
CUST_100285,19,Young (<25),Female,21600.0,7700,credit_card,1,10,5,0.2054,0,0,0
CUST_100286,38,Working Age (25-55),Male,34200.0,6700,debt_consolidation,1,11,6,0.1646,1,1,1
CUST_100287,47,Working Age (25-55),Male,27800.0,3000,debt_consolidation,0,13,7,0.3611,1,0,1
CUST_100288,43,Working Age (25-55),Male,83300.0,19000,debt_consolidation,2,14,9,0.3987,1,1,1
CUST_100289,32,Working Age (25-55),Female,52300.0,6100,major_purchase,2,7,1,0.5126,0,0,1
CUST_100290,37,Working Age (25-55),Male,53800.0,22300,small_business,3,13,3,0.3268,0,1,1
CUST_100291,34,Working Age (25-55),Male,29500.0,12800,medical,7,11,9,0.174,0,0,0
CUST_100292,32,Working Age (25-55),Male,45900.0,16400,debt_consolidation,9,12,6,0.1899,0,0,0
CUST_100293,50,Working Age (25-55),Male,35600.0,12600,debt_consolidation,2,21,11,0.2115,0,0,0
CUST_100294,44,Working Age (25-55),Female,66900.0,12300,debt_consolidation,2,17,13,0.0934,0,0,0
CUST_100295,31,Working Age (25-55),Female,31400.0,4000,credit_card,0,12,4,0.1617,0,0,0
CUST_100296,50,Working Age (25-55),Male,112600.0,42900,debt_consolidation,0,11,11,0.6155,1,0,0
CUST_100297,43,Working Age (25-55),Male,21600.0,6400,debt_consolidation,5,16,5,0.3282,1,0,1
CUST_100298,49,Working Age (25-55),Male,34800.0,11800,debt_consolidation,0,22,10,0.124,0,0,0
CUST_100299,47,Working Age (25-55),Female,136300.0,50000,credit_card,6,7,8,0.2022,0,1,1
CUST_100300,30,Working Age (25-55),Male,42600.0,10400,debt_consolidation,3,12,4,0.2193,0,0,0
CUST_100301,33,Working Age (25-55),Male,26300.0,4000,debt_consolidation,1,11,13,0.1478,0,2,0
CUST_100302,48,Working Age (25-55),Female,61100.0,23100,debt_consolidation,3,14,5,0.1806,0,0,0
CUST_100303,47,Working Age (25-55),Female,41700.0,10800,debt_consolidation,1,18,10,0.1086,0,0,0
CUST_100304,39,Working Age (25-55),Male,34200.0,13300,credit_card,2,18,13,0.2577,0,1,1
CUST_100305,41,Working Age (25-55),Male,29700.0,7500,home_improvement,8,16,6,0.2611,0,0,0
CUST_100306,55,Working Age (25-55),Male,248400.0,43700,debt_consolidation,3,18,4,0.3824,0,0,0
CUST_100307,32,Working Age (25-55),Male,47200.0,7500,home_improvement,0,8,9,0.1577,1,0,1
CUST_100308,46,Working Age (25-55),Female,18800.0,6800,debt_consolidation,6,16,3,0.2481,0,0,1
CUST_100309,37,Working Age (25-55),Female,123200.0,37100,debt_consolidation,1,15,5,0.1317,0,0,0
CUST_100310,37,Working Age (25-55),Male,75800.0,18300,credit_card,6,11,2,0.3509,0,0,0
CUST_100311,53,Working Age (25-55),Male,35500.0,9700,major_purchase,3,17,5,0.2816,1,0,1
CUST_100312,49,Working Age (25-55),Male,32400.0,9500,credit_card,3,25,11,0.0811,0,0,0
CUST_100313,49,Working Age (25-55),Male,78500.0,14400,debt_consolidation,9,20,6,0.22,0,1,0
CUST_100314,55,Working Age (25-55),Female,47300.0,11000,credit_card,6,22,2,0.2027,1,0,0
CUST_100315,40,Working Age (25-55),Male,18800.0,3800,debt_consolidation,0,9,6,0.3359,0,0,1
CUST_100316,48,Working Age (25-55),Female,144800.0,34200,credit_card,1,14,7,0.3184,0,1,0
CUST_100317,36,Working Age (25-55),Female,42700.0,11800,debt_consolidation,10,12,5,0.2275,0,0,0
CUST_100318,43,Working Age (25-55),Female,123300.0,19800,credit_card,0,12,8,0.3266,0,0,0
CUST_100319,38,Working Age (25-55),Female,109400.0,26000,debt_consolidation,3,18,13,0.1059,0,0,0
CUST_100320,41,Working Age (25-55),Female,31200.0,7300,home_improvement,6,18,7,0.2234,0,0,0
CUST_100321,47,Working Age (25-55),Female,95600.0,19100,credit_card,4,14,7,0.0805,0,0,0
CUST_100322,30,Working Age (25-55),Female,37900.0,17000,debt_consolidation,7,15,5,0.1626,0,0,0
CUST_100323,65,Senior (>55),Female,19400.0,2400,small_business,6,22,5,0.04,0,0,0
CUST_100324,27,Working Age (25-55),Male,42900.0,13900,credit_card,5,17,8,0.2878,0,0,0
CUST_100325,25,Working Age (25-55),Female,67400.0,10900,debt_consolidation,7,9,8,0.3271,0,0,0
CUST_100326,53,Working Age (25-55),Female,42000.0,16500,debt_consolidation,5,20,3,0.183,0,0,0
CUST_100327,49,Working Age (25-55),Male,45800.0,19200,credit_card,2,21,8,0.04,0,0,0
CUST_100328,47,Working Age (25-55),Male,101600.0,24400,debt_consolidation,3,20,6,0.4557,0,0,1
CUST_100329,47,Working Age (25-55),Male,57400.0,22300,major_purchase,6,17,8,0.1264,0,1,0
CUST_100330,39,Working Age (25-55),Female,34100.0,6400,debt_consolidation,10,13,6,0.2754,0,0,0
CUST_100331,29,Working Age (25-55),Male,79700.0,11900,debt_consolidation,1,11,6,0.3137,1,0,1
CUST_100332,40,Working Age (25-55),Female,60400.0,12700,major_purchase,2,11,6,0.2638,1,0,1
CUST_100333,31,Working Age (25-55),Female,18000.0,4000,medical,13,11,13,0.2861,0,0,0
CUST_100334,51,Working Age (25-55),Female,68600.0,16400,debt_consolidation,4,14,3,0.3042,1,0,1
CUST_100335,38,Working Age (25-55),Male,67200.0,15500,home_improvement,0,7,8,0.2191,0,0,0
CUST_100336,30,Working Age (25-55),Female,54800.0,13400,debt_consolidation,5,10,3,0.1897,0,0,0
CUST_100337,36,Working Age (25-55),Female,88500.0,30800,home_improvement,18,16,10,0.1674,0,3,0
CUST_100338,44,Working Age (25-55),Female,37400.0,7000,small_business,8,18,9,0.1914,0,0,0
CUST_100339,33,Working Age (25-55),Male,65200.0,6900,debt_consolidation,6,11,8,0.3556,0,0,0
CUST_100340,30,Working Age (25-55),Male,22900.0,6200,debt_consolidation,1,15,5,0.1937,0,0,0
CUST_100341,42,Working Age (25-55),Female,67800.0,17400,debt_consolidation,10,12,7,0.3136,0,0,0
CUST_100342,42,Working Age (25-55),Male,158600.0,19200,debt_consolidation,3,8,9,0.2536,0,1,0
CUST_100343,33,Working Age (25-55),Male,31300.0,4600,debt_consolidation,11,5,3,0.1482,0,0,0
CUST_100344,34,Working Age (25-55),Male,35700.0,9900,home_improvement,2,8,13,0.1449,0,0,0
CUST_100345,42,Working Age (25-55),Female,36700.0,6700,debt_consolidation,0,17,9,0.0911,0,0,0
CUST_100346,22,Young (<25),Male,58200.0,23700,credit_card,3,5,5,0.3425,0,0,1
CUST_100347,23,Young (<25),Female,30200.0,4900,home_improvement,1,9,7,0.3321,0,0,1
CUST_100348,31,Working Age (25-55),Male,68300.0,7300,credit_card,6,15,5,0.3165,0,0,0
CUST_100349,37,Working Age (25-55),Female,86300.0,22100,debt_consolidation,15,9,8,0.3257,0,0,0
CUST_100350,43,Working Age (25-55),Female,72700.0,32400,debt_consolidation,5,16,6,0.2484,0,0,0
CUST_100351,57,Senior (>55),Female,20500.0,6600,credit_card,10,21,6,0.0789,0,0,0
CUST_100352,50,Working Age (25-55),Male,93700.0,21000,debt_consolidation,3,14,7,0.4339,1,0,1
CUST_100353,38,Working Age (25-55),Female,90700.0,9600,home_improvement,7,17,6,0.1429,0,0,0
CUST_100354,39,Working Age (25-55),Male,85500.0,23100,debt_consolidation,9,12,6,0.0785,0,0,0
CUST_100355,27,Working Age (25-55),Female,66500.0,11500,credit_card,6,8,9,0.5066,0,0,1
CUST_100356,39,Working Age (25-55),Male,61200.0,20000,credit_card,3,19,2,0.3421,0,0,1
CUST_100357,36,Working Age (25-55),Male,95600.0,29100,credit_card,4,14,3,0.0825,0,0,0
CUST_100358,43,Working Age (25-55),Male,156100.0,30100,debt_consolidation,6,17,7,0.3369,0,0,0
CUST_100359,30,Working Age (25-55),Male,32100.0,4000,debt_consolidation,1,14,3,0.2235,0,0,1
CUST_100360,46,Working Age (25-55),Male,98000.0,35700,small_business,8,14,5,0.3341,0,1,1
CUST_100361,58,Senior (>55),Female,51700.0,15800,debt_consolidation,15,24,6,0.0601,0,0,1
CUST_100362,38,Working Age (25-55),Male,50400.0,19900,debt_consolidation,3,11,8,0.2868,0,0,1
CUST_100363,44,Working Age (25-55),Female,23300.0,4400,credit_card,6,13,6,0.189,0,0,0
CUST_100364,48,Working Age (25-55),Male,46300.0,15200,home_improvement,6,15,5,0.1631,0,0,0
CUST_100365,35,Working Age (25-55),Male,31300.0,4400,debt_consolidation,5,10,9,0.1716,0,2,0
CUST_100366,42,Working Age (25-55),Female,42000.0,8500,credit_card,3,17,8,0.2891,0,2,1
CUST_100367,40,Working Age (25-55),Female,29600.0,9800,credit_card,10,14,12,0.1687,1,1,1
CUST_100368,41,Working Age (25-55),Female,42300.0,16500,debt_consolidation,2,12,12,0.3605,0,0,1
CUST_100369,30,Working Age (25-55),Male,43300.0,9200,credit_card,0,12,8,0.1738,0,1,0
CUST_100370,40,Working Age (25-55),Male,57100.0,21700,home_improvement,9,13,5,0.0534,0,2,0
CUST_100371,45,Working Age (25-55),Male,22300.0,7500,medical,5,14,5,0.2464,0,2,1
CUST_100372,57,Senior (>55),Male,24500.0,5400,debt_consolidation,9,20,5,0.2437,0,2,1
CUST_100373,51,Working Age (25-55),Male,66100.0,26900,credit_card,0,19,6,0.3729,0,0,1
CUST_100374,65,Senior (>55),Female,34900.0,9700,debt_consolidation,0,23,6,0.1883,1,0,1
CUST_100375,30,Working Age (25-55),Female,97800.0,32000,debt_consolidation,12,9,9,0.0456,0,0,0
CUST_100376,50,Working Age (25-55),Male,61300.0,16800,credit_card,0,20,9,0.0773,0,0,0
CUST_100377,42,Working Age (25-55),Male,75600.0,19500,debt_consolidation,8,14,3,0.217,0,1,0
CUST_100378,66,Senior (>55),Male,117700.0,46700,debt_consolidation,8,21,6,0.0877,1,0,0
CUST_100379,30,Working Age (25-55),Female,45700.0,9300,debt_consolidation,6,6,4,0.2101,0,0,0
CUST_100380,29,Working Age (25-55),Female,39500.0,4500,debt_consolidation,0,13,4,0.2651,0,0,0
CUST_100381,32,Working Age (25-55),Female,87500.0,35700,credit_card,5,11,7,0.5734,0,0,1
CUST_100382,19,Young (<25),Female,71700.0,27900,debt_consolidation,1,7,12,0.3251,0,0,1
CUST_100383,33,Working Age (25-55),Female,48900.0,11200,credit_card,2,14,9,0.2009,0,0,0
CUST_100384,30,Working Age (25-55),Male,116500.0,19200,debt_consolidation,2,9,10,0.0599,0,0,0
CUST_100385,41,Working Age (25-55),Female,48200.0,16200,credit_card,2,10,7,0.0701,1,0,0
CUST_100386,44,Working Age (25-55),Male,55200.0,7000,small_business,0,15,6,0.1308,0,2,0
CUST_100387,62,Senior (>55),Female,54800.0,13600,debt_consolidation,11,22,10,0.3012,0,2,0
CUST_100388,51,Working Age (25-55),Male,32400.0,4200,credit_card,10,17,10,0.1833,0,0,0
CUST_100389,33,Working Age (25-55),Female,56500.0,17500,credit_card,15,15,7,0.1623,0,0,0
CUST_100390,29,Working Age (25-55),Female,116800.0,12800,credit_card,4,2,4,0.1722,0,3,0
CUST_100391,45,Working Age (25-55),Female,69200.0,22200,debt_consolidation,6,19,7,0.1841,0,0,0
CUST_100392,24,Young (<25),Male,55100.0,18500,credit_card,1,10,7,0.1872,0,1,1
CUST_100393,61,Senior (>55),Male,49600.0,13400,debt_consolidation,5,22,6,0.1776,0,0,0
CUST_100394,54,Working Age (25-55),Female,65000.0,10500,debt_consolidation,5,8,11,0.1772,0,2,0
CUST_100395,34,Working Age (25-55),Female,81800.0,11100,credit_card,11,15,6,0.2692,0,0,0
CUST_100396,19,Young (<25),Male,75700.0,15900,debt_consolidation,1,3,7,0.4095,1,0,1
CUST_100397,56,Senior (>55),Female,45100.0,11900,credit_card,13,18,7,0.0907,1,0,0
CUST_100398,38,Working Age (25-55),Female,64800.0,21000,credit_card,10,12,16,0.1493,0,0,0
CUST_100399,54,Working Age (25-55),Male,70500.0,7100,home_improvement,10,20,7,0.1575,0,0,0
CUST_100400,20,Young (<25),Male,31100.0,10800,debt_consolidation,0,8,5,0.2193,0,0,1
CUST_100401,32,Working Age (25-55),Female,59400.0,20800,medical,9,13,6,0.1287,0,0,0
CUST_100402,40,Working Age (25-55),Female,18000.0,4600,credit_card,4,16,5,0.0869,0,0,0
CUST_100403,40,Working Age (25-55),Male,70600.0,15500,debt_consolidation,2,14,6,0.2211,0,0,0
CUST_100404,34,Working Age (25-55),Female,77900.0,30800,debt_consolidation,0,13,6,0.2031,0,0,0
CUST_100405,47,Working Age (25-55),Female,81700.0,30600,credit_card,5,13,8,0.1279,0,0,0
CUST_100406,27,Working Age (25-55),Male,43600.0,19400,small_business,1,7,5,0.1988,0,0,0
CUST_100407,38,Working Age (25-55),Male,64200.0,14800,credit_card,3,15,10,0.5185,0,1,1
CUST_100408,41,Working Age (25-55),Female,118600.0,49500,credit_card,5,16,6,0.3218,0,0,1
CUST_100409,46,Working Age (25-55),Male,117900.0,15400,debt_consolidation,12,18,5,0.1649,0,0,0
CUST_100410,48,Working Age (25-55),Male,53300.0,13000,debt_consolidation,8,15,9,0.3088,0,0,0
CUST_100411,26,Working Age (25-55),Female,58500.0,15400,debt_consolidation,2,11,6,0.1046,0,3,0
CUST_100412,21,Young (<25),Male,99800.0,25400,home_improvement,2,3,9,0.0592,0,0,0
CUST_100413,55,Working Age (25-55),Female,23700.0,7600,debt_consolidation,1,22,5,0.1786,0,0,1
CUST_100414,43,Working Age (25-55),Female,45400.0,7200,debt_consolidation,2,14,10,0.3528,0,0,1
CUST_100415,31,Working Age (25-55),Male,112900.0,45500,debt_consolidation,0,15,6,0.1842,0,0,0
CUST_100416,58,Senior (>55),Female,92600.0,27100,small_business,17,15,9,0.4313,1,1,1
CUST_100417,41,Working Age (25-55),Female,66400.0,27700,home_improvement,4,19,9,0.2289,0,2,1
CUST_100418,54,Working Age (25-55),Female,23700.0,2400,debt_consolidation,0,17,12,0.3952,0,0,1
CUST_100419,40,Working Age (25-55),Female,52700.0,16900,major_purchase,2,12,9,0.1416,0,0,0
CUST_100420,64,Senior (>55),Male,39200.0,9600,debt_consolidation,3,22,11,0.2416,1,0,1
CUST_100421,61,Senior (>55),Male,65000.0,18000,debt_consolidation,3,19,7,0.1361,0,0,0
CUST_100422,37,Working Age (25-55),Male,34700.0,12500,debt_consolidation,0,12,7,0.5969,0,0,1
CUST_100423,51,Working Age (25-55),Female,30800.0,5500,debt_consolidation,15,15,9,0.1558,0,0,0
CUST_100424,47,Working Age (25-55),Female,18000.0,3100,debt_consolidation,1,14,8,0.04,1,0,0
CUST_100425,56,Senior (>55),Female,106100.0,36700,credit_card,0,21,7,0.1806,0,1,0
CUST_100426,28,Working Age (25-55),Female,43500.0,12300,credit_card,0,7,9,0.4052,0,0,1
CUST_100427,48,Working Age (25-55),Female,59100.0,10700,credit_card,4,14,9,0.2245,0,0,0
CUST_100428,52,Working Age (25-55),Male,54100.0,14600,credit_card,0,14,6,0.4092,0,0,1
CUST_100429,19,Young (<25),Male,30100.0,7900,home_improvement,0,5,7,0.1731,0,0,0
CUST_100430,25,Working Age (25-55),Male,27100.0,9300,debt_consolidation,2,12,4,0.4715,1,0,1
CUST_100431,19,Young (<25),Female,31200.0,3100,credit_card,1,4,9,0.499,0,0,1
CUST_100432,36,Working Age (25-55),Male,36400.0,11100,credit_card,0,10,6,0.1386,0,1,0
CUST_100433,48,Working Age (25-55),Female,66300.0,20700,major_purchase,1,17,6,0.4801,1,0,1
CUST_100434,58,Senior (>55),Female,35000.0,12600,debt_consolidation,2,19,9,0.1444,0,0,0
CUST_100435,40,Working Age (25-55),Male,141600.0,50000,debt_consolidation,0,20,9,0.1088,0,0,0
CUST_100436,59,Senior (>55),Male,95300.0,24200,credit_card,3,20,9,0.04,0,0,0
CUST_100437,23,Young (<25),Female,84500.0,18600,home_improvement,0,9,11,0.1663,0,0,0
CUST_100438,19,Young (<25),Female,50700.0,6900,debt_consolidation,0,9,5,0.1404,1,0,0
CUST_100439,39,Working Age (25-55),Female,124600.0,27100,credit_card,3,16,2,0.3019,0,0,0
CUST_100440,44,Working Age (25-55),Male,48100.0,6000,debt_consolidation,1,16,6,0.2561,0,0,0
CUST_100441,39,Working Age (25-55),Female,53300.0,20300,medical,0,13,4,0.0899,0,0,0
CUST_100442,19,Young (<25),Male,59500.0,22800,debt_consolidation,1,12,9,0.0665,0,0,0
CUST_100443,38,Working Age (25-55),Female,79700.0,19600,debt_consolidation,12,13,8,0.1938,0,1,0
CUST_100444,24,Young (<25),Female,76900.0,14700,debt_consolidation,6,7,5,0.2574,0,0,0
CUST_100445,48,Working Age (25-55),Male,41700.0,5900,debt_consolidation,8,14,9,0.3343,0,1,1
CUST_100446,44,Working Age (25-55),Male,40400.0,16100,debt_consolidation,10,10,8,0.3014,0,0,1
CUST_100447,28,Working Age (25-55),Female,77000.0,31300,home_improvement,10,12,2,0.1838,0,0,0
CUST_100448,33,Working Age (25-55),Male,80300.0,15500,small_business,7,4,5,0.1313,0,1,0
CUST_100449,27,Working Age (25-55),Male,43600.0,13800,debt_consolidation,4,9,5,0.3805,0,2,1
CUST_100450,39,Working Age (25-55),Male,22600.0,4300,credit_card,2,13,9,0.2285,0,1,1
CUST_100451,51,Working Age (25-55),Male,48300.0,8600,debt_consolidation,1,24,7,0.0786,1,0,0
CUST_100452,28,Working Age (25-55),Male,76300.0,8200,debt_consolidation,5,4,9,0.1382,0,3,0
CUST_100453,46,Working Age (25-55),Male,146200.0,44200,debt_consolidation,26,13,10,0.3858,0,2,0
CUST_100454,33,Working Age (25-55),Male,28000.0,4300,debt_consolidation,3,11,9,0.104,1,1,1
CUST_100455,30,Working Age (25-55),Female,42800.0,4500,credit_card,6,9,3,0.1876,0,0,0
CUST_100456,38,Working Age (25-55),Female,43700.0,6000,debt_consolidation,3,11,15,0.0471,0,0,0
CUST_100457,27,Working Age (25-55),Female,114200.0,24000,small_business,2,9,10,0.24,0,0,0
CUST_100458,33,Working Age (25-55),Female,53100.0,17700,credit_card,2,7,12,0.0558,1,0,0
CUST_100459,25,Working Age (25-55),Female,32900.0,5600,home_improvement,3,9,11,0.1717,0,1,0
CUST_100460,63,Senior (>55),Male,73700.0,30300,major_purchase,2,15,9,0.1323,0,0,0
CUST_100461,40,Working Age (25-55),Female,43400.0,8700,major_purchase,6,13,4,0.2295,1,0,1
CUST_100462,31,Working Age (25-55),Female,27600.0,6000,credit_card,10,9,11,0.2426,0,0,0
CUST_100463,42,Working Age (25-55),Male,33200.0,5900,credit_card,10,17,10,0.2496,0,0,0
CUST_100464,38,Working Age (25-55),Female,140600.0,26500,debt_consolidation,1,18,4,0.2768,0,0,0
CUST_100465,37,Working Age (25-55),Female,66900.0,8400,home_improvement,11,11,6,0.2486,0,0,0
CUST_100466,47,Working Age (25-55),Female,57500.0,11700,credit_card,2,20,7,0.1505,1,1,1
CUST_100467,49,Working Age (25-55),Female,47200.0,18900,major_purchase,1,16,7,0.3353,0,0,1
CUST_100468,33,Working Age (25-55),Female,63600.0,21700,debt_consolidation,6,8,5,0.2389,0,0,0
CUST_100469,33,Working Age (25-55),Male,63200.0,25700,debt_consolidation,1,16,4,0.0462,0,0,0
CUST_100470,36,Working Age (25-55),Male,63600.0,8700,debt_consolidation,0,14,5,0.3982,0,0,1
CUST_100471,19,Young (<25),Female,57700.0,15000,home_improvement,1,6,8,0.245,0,0,0
CUST_100472,21,Young (<25),Female,87400.0,15800,debt_consolidation,3,9,10,0.3562,0,0,0
CUST_100473,56,Senior (>55),Female,54900.0,19300,credit_card,1,20,7,0.1824,0,0,0
CUST_100474,59,Senior (>55),Male,31600.0,13900,debt_consolidation,4,20,5,0.487,0,0,1
CUST_100475,37,Working Age (25-55),Female,38700.0,14900,debt_consolidation,5,8,10,0.3105,0,0,1
CUST_100476,46,Working Age (25-55),Female,18200.0,2000,debt_consolidation,6,15,7,0.2333,0,0,0
CUST_100477,43,Working Age (25-55),Male,165200.0,34800,credit_card,11,16,8,0.1552,0,0,0
CUST_100478,75,Senior (>55),Female,87100.0,9600,debt_consolidation,2,25,10,0.1451,0,0,0
CUST_100479,53,Working Age (25-55),Female,34300.0,3900,credit_card,0,21,8,0.1386,1,0,0
CUST_100480,38,Working Age (25-55),Female,46400.0,5900,major_purchase,1,14,11,0.072,0,0,0
CUST_100481,28,Working Age (25-55),Male,38200.0,7500,medical,2,7,9,0.3075,0,0,1
CUST_100482,20,Young (<25),Male,126600.0,26100,credit_card,2,3,9,0.1482,0,0,0
CUST_100483,42,Working Age (25-55),Male,24800.0,6000,credit_card,0,14,10,0.3135,0,0,1
CUST_100484,30,Working Age (25-55),Male,57700.0,13900,debt_consolidation,1,8,8,0.1468,0,0,0
CUST_100485,22,Young (<25),Male,51000.0,18900,medical,4,8,9,0.3867,0,0,1
CUST_100486,32,Working Age (25-55),Male,85400.0,12800,debt_consolidation,5,9,8,0.2813,0,2,0
CUST_100487,27,Working Age (25-55),Male,51200.0,7900,credit_card,6,7,7,0.0507,1,3,0
CUST_100488,60,Senior (>55),Female,20600.0,6600,debt_consolidation,8,24,13,0.2617,1,1,1
CUST_100489,50,Working Age (25-55),Male,47200.0,14200,debt_consolidation,7,17,4,0.1543,0,1,0
CUST_100490,39,Working Age (25-55),Female,31700.0,4900,debt_consolidation,5,11,8,0.1437,0,0,0
CUST_100491,57,Senior (>55),Female,56600.0,22500,home_improvement,2,20,8,0.1203,0,0,0
CUST_100492,40,Working Age (25-55),Male,119200.0,25600,credit_card,20,18,6,0.374,1,0,0
CUST_100493,29,Working Age (25-55),Female,20800.0,4800,credit_card,4,11,6,0.2549,0,0,0
CUST_100494,58,Senior (>55),Male,34900.0,8600,debt_consolidation,1,22,6,0.4516,0,0,1
CUST_100495,46,Working Age (25-55),Female,40000.0,8500,home_improvement,1,13,2,0.1326,0,0,0
CUST_100496,27,Working Age (25-55),Male,43900.0,13000,debt_consolidation,5,12,5,0.215,0,2,0
CUST_100497,37,Working Age (25-55),Male,81400.0,19200,debt_consolidation,12,19,6,0.3834,1,2,1
CUST_100498,29,Working Age (25-55),Male,49200.0,9400,credit_card,0,7,5,0.0957,0,0,0
CUST_100499,23,Young (<25),Female,68100.0,28400,major_purchase,0,4,12,0.3388,0,0,1
CUST_100500,51,Working Age (25-55),Female,38400.0,8000,debt_consolidation,10,18,9,0.308,0,0,0
CUST_100501,62,Senior (>55),Male,61500.0,21200,credit_card,12,24,6,0.3427,0,0,0
CUST_100502,23,Young (<25),Female,83100.0,18400,credit_card,1,7,4,0.045,0,3,0
CUST_100503,46,Working Age (25-55),Male,36200.0,9100,small_business,2,12,7,0.4037,0,1,1
CUST_100504,32,Working Age (25-55),Male,83300.0,15200,debt_consolidation,5,10,5,0.2852,0,0,0
CUST_100505,34,Working Age (25-55),Female,55800.0,20300,debt_consolidation,2,13,9,0.2227,1,1,1
CUST_100506,32,Working Age (25-55),Female,96300.0,34500,debt_consolidation,10,9,4,0.4946,1,0,1
CUST_100507,29,Working Age (25-55),Female,48500.0,5200,debt_consolidation,0,11,13,0.0726,0,0,0
CUST_100508,40,Working Age (25-55),Male,66800.0,8100,debt_consolidation,0,17,2,0.2641,0,0,0
CUST_100509,30,Working Age (25-55),Female,53000.0,22400,medical,1,11,5,0.4789,0,0,1
CUST_100510,43,Working Age (25-55),Female,51400.0,21100,debt_consolidation,1,14,8,0.241,0,0,0
CUST_100511,39,Working Age (25-55),Female,62500.0,17300,major_purchase,0,16,6,0.3731,0,0,1
CUST_100512,37,Working Age (25-55),Male,72800.0,19800,debt_consolidation,0,10,9,0.1678,0,0,0
CUST_100513,29,Working Age (25-55),Female,27200.0,10500,major_purchase,7,7,8,0.0853,0,1,0
CUST_100514,33,Working Age (25-55),Female,119200.0,17700,credit_card,0,10,3,0.3666,1,0,1
CUST_100515,49,Working Age (25-55),Male,19500.0,6400,debt_consolidation,12,15,7,0.3959,0,0,1
CUST_100516,46,Working Age (25-55),Male,37200.0,9900,credit_card,2,13,6,0.322,1,0,1
CUST_100517,28,Working Age (25-55),Male,51400.0,18500,debt_consolidation,5,15,8,0.2346,0,0,0
CUST_100518,41,Working Age (25-55),Female,68000.0,7500,debt_consolidation,1,20,5,0.1607,0,0,0
CUST_100519,49,Working Age (25-55),Female,128900.0,39600,debt_consolidation,1,16,9,0.0751,1,0,0
CUST_100520,19,Young (<25),Male,19500.0,5700,debt_consolidation,1,6,8,0.1821,0,0,0
CUST_100521,46,Working Age (25-55),Female,41000.0,16200,credit_card,4,15,7,0.3118,0,0,1
CUST_100522,32,Working Age (25-55),Male,18000.0,6100,home_improvement,7,14,7,0.2412,1,0,1
CUST_100523,46,Working Age (25-55),Male,55100.0,22500,debt_consolidation,7,20,8,0.3296,0,0,0
CUST_100524,30,Working Age (25-55),Female,62900.0,25800,major_purchase,5,5,5,0.1929,0,0,0
CUST_100525,19,Young (<25),Male,130000.0,31600,major_purchase,1,8,12,0.1752,0,0,0
CUST_100526,20,Young (<25),Male,57900.0,8600,debt_consolidation,2,3,8,0.369,0,0,1
CUST_100527,40,Working Age (25-55),Female,96200.0,30800,debt_consolidation,4,19,9,0.1856,0,1,0
CUST_100528,43,Working Age (25-55),Male,74700.0,30300,debt_consolidation,23,16,6,0.0638,1,0,0
CUST_100529,29,Working Age (25-55),Female,42600.0,5400,credit_card,8,7,8,0.2595,0,0,0
CUST_100530,47,Working Age (25-55),Female,25000.0,7400,debt_consolidation,0,15,9,0.189,0,1,0
CUST_100531,20,Young (<25),Female,63000.0,8800,debt_consolidation,1,6,7,0.2811,0,1,1
CUST_100532,39,Working Age (25-55),Male,23800.0,2600,credit_card,4,15,7,0.1361,0,0,0
CUST_100533,25,Working Age (25-55),Male,110500.0,37300,credit_card,6,11,5,0.4094,0,0,1
CUST_100534,32,Working Age (25-55),Male,49600.0,16800,debt_consolidation,3,7,4,0.216,0,0,0
CUST_100535,40,Working Age (25-55),Female,104500.0,32400,small_business,7,19,8,0.1446,0,0,0
CUST_100536,29,Working Age (25-55),Male,41600.0,16700,credit_card,1,14,3,0.1549,0,0,0
CUST_100537,35,Working Age (25-55),Female,62800.0,8100,debt_consolidation,1,9,9,0.1907,0,0,0
CUST_100538,52,Working Age (25-55),Male,60800.0,8300,credit_card,0,18,8,0.1714,0,1,0
CUST_100539,33,Working Age (25-55),Female,52900.0,21300,debt_consolidation,4,16,4,0.2922,0,0,1
CUST_100540,50,Working Age (25-55),Female,42700.0,11800,credit_card,5,21,10,0.1881,0,0,0
CUST_100541,26,Working Age (25-55),Female,67200.0,13100,debt_consolidation,1,8,9,0.1182,0,1,0
CUST_100542,46,Working Age (25-55),Male,32600.0,11700,debt_consolidation,4,18,7,0.3546,0,0,1
CUST_100543,57,Senior (>55),Female,27900.0,11500,debt_consolidation,0,28,5,0.1212,1,0,0
CUST_100544,19,Young (<25),Male,107300.0,36600,debt_consolidation,0,6,3,0.1152,0,0,0
CUST_100545,30,Working Age (25-55),Female,80800.0,30500,credit_card,6,8,5,0.04,0,0,0
CUST_100546,46,Working Age (25-55),Female,56200.0,11200,credit_card,2,16,7,0.4946,0,0,1
CUST_100547,37,Working Age (25-55),Female,135400.0,27200,debt_consolidation,5,13,4,0.1969,0,0,0
CUST_100548,44,Working Age (25-55),Male,46800.0,18800,debt_consolidation,8,13,11,0.1895,0,1,1
CUST_100549,32,Working Age (25-55),Male,112100.0,35300,home_improvement,9,12,4,0.2736,0,0,0
CUST_100550,41,Working Age (25-55),Female,59700.0,10900,debt_consolidation,0,10,3,0.063,0,0,0
CUST_100551,38,Working Age (25-55),Female,30800.0,8700,debt_consolidation,3,11,9,0.2294,0,0,0
CUST_100552,54,Working Age (25-55),Female,149700.0,50000,credit_card,6,21,11,0.143,0,0,0
CUST_100553,43,Working Age (25-55),Male,93400.0,16500,home_improvement,7,9,5,0.1485,0,1,0
CUST_100554,44,Working Age (25-55),Female,50700.0,16700,small_business,7,18,4,0.3642,0,0,1
CUST_100555,35,Working Age (25-55),Male,80800.0,9300,home_improvement,1,6,6,0.2645,0,0,0
CUST_100556,34,Working Age (25-55),Male,43400.0,9000,debt_consolidation,1,6,6,0.3908,0,0,1
CUST_100557,34,Working Age (25-55),Female,85500.0,28700,home_improvement,4,10,6,0.0509,0,0,0
CUST_100558,44,Working Age (25-55),Male,18000.0,2700,debt_consolidation,6,16,8,0.2991,0,0,0
CUST_100559,34,Working Age (25-55),Male,30900.0,5500,debt_consolidation,1,15,11,0.5092,1,0,1
CUST_100560,43,Working Age (25-55),Male,92800.0,37800,credit_card,0,15,14,0.3774,1,0,1
CUST_100561,64,Senior (>55),Female,47200.0,15900,credit_card,6,21,6,0.2631,0,0,0
CUST_100562,50,Working Age (25-55),Female,60700.0,16700,debt_consolidation,1,19,7,0.1932,0,0,0
CUST_100563,36,Working Age (25-55),Female,25800.0,4500,debt_consolidation,0,9,8,0.2166,0,0,0
CUST_100564,54,Working Age (25-55),Female,149700.0,32900,home_improvement,0,19,6,0.1354,0,0,0
CUST_100565,35,Working Age (25-55),Female,104300.0,31400,small_business,1,8,3,0.0905,1,0,0
CUST_100566,19,Young (<25),Female,48500.0,7500,credit_card,1,6,7,0.2231,0,0,0
CUST_100567,27,Working Age (25-55),Male,43400.0,11700,debt_consolidation,2,9,10,0.1118,0,0,1
CUST_100568,19,Young (<25),Female,95400.0,23200,small_business,0,4,4,0.0894,0,0,0
CUST_100569,35,Working Age (25-55),Female,161200.0,43000,home_improvement,0,12,6,0.3937,0,0,1
CUST_100570,40,Working Age (25-55),Female,91500.0,12500,credit_card,1,14,7,0.3671,1,0,1
CUST_100571,60,Senior (>55),Male,178900.0,24600,debt_consolidation,5,24,4,0.3157,0,0,0
CUST_100572,43,Working Age (25-55),Male,32600.0,14300,debt_consolidation,0,10,5,0.1831,0,0,0
CUST_100573,37,Working Age (25-55),Male,34500.0,15300,debt_consolidation,4,12,9,0.1916,0,0,0
CUST_100574,49,Working Age (25-55),Female,28200.0,7000,debt_consolidation,0,14,7,0.3199,1,3,1
CUST_100575,19,Young (<25),Male,69100.0,26000,debt_consolidation,1,9,5,0.1016,0,0,1
CUST_100576,42,Working Age (25-55),Female,59700.0,19700,credit_card,0,16,5,0.29,0,0,1
CUST_100577,49,Working Age (25-55),Female,49800.0,7000,debt_consolidation,0,18,7,0.3198,0,0,0
CUST_100578,22,Young (<25),Female,84500.0,17200,home_improvement,4,5,6,0.165,0,0,0
CUST_100579,53,Working Age (25-55),Female,106700.0,22400,debt_consolidation,3,21,11,0.1263,0,1,0
CUST_100580,44,Working Age (25-55),Female,23400.0,7200,credit_card,8,10,5,0.2179,0,0,0
CUST_100581,35,Working Age (25-55),Male,39000.0,11800,home_improvement,0,7,1,0.2432,0,0,1
CUST_100582,47,Working Age (25-55),Male,85100.0,36000,credit_card,0,12,5,0.0675,0,0,0
CUST_100583,67,Senior (>55),Female,41900.0,15800,debt_consolidation,1,23,8,0.3017,1,0,1
CUST_100584,42,Working Age (25-55),Male,34900.0,14000,credit_card,7,16,4,0.4513,0,0,1
CUST_100585,42,Working Age (25-55),Female,94900.0,39100,small_business,1,5,5,0.2279,1,1,1
CUST_100586,34,Working Age (25-55),Female,26700.0,10200,medical,2,15,4,0.0454,1,0,0
CUST_100587,29,Working Age (25-55),Male,45900.0,9900,credit_card,1,10,9,0.2184,0,0,0
CUST_100588,49,Working Age (25-55),Male,64900.0,11400,home_improvement,0,12,11,0.1822,0,0,0
CUST_100589,29,Working Age (25-55),Female,39500.0,11900,debt_consolidation,11,10,3,0.2488,1,0,1
CUST_100590,40,Working Age (25-55),Female,83300.0,28400,small_business,3,17,7,0.1193,0,0,0
CUST_100591,34,Working Age (25-55),Male,39600.0,9300,major_purchase,7,13,4,0.2237,1,0,1
CUST_100592,45,Working Age (25-55),Male,117600.0,46700,credit_card,5,19,7,0.337,1,0,0
CUST_100593,44,Working Age (25-55),Male,50600.0,22100,home_improvement,3,11,3,0.1748,1,0,1
CUST_100594,52,Working Age (25-55),Female,78400.0,23500,credit_card,0,16,8,0.061,0,0,0
CUST_100595,33,Working Age (25-55),Female,81700.0,21200,debt_consolidation,5,8,9,0.1883,0,1,0
CUST_100596,36,Working Age (25-55),Female,38400.0,15200,small_business,0,17,7,0.2093,0,0,0
CUST_100597,28,Working Age (25-55),Female,18000.0,2000,credit_card,2,11,8,0.4355,1,0,1
CUST_100598,34,Working Age (25-55),Male,66100.0,9600,credit_card,4,20,6,0.1178,0,0,0
CUST_100599,44,Working Age (25-55),Female,56400.0,22300,credit_card,7,13,6,0.1963,0,1,0
CUST_100600,49,Working Age (25-55),Female,73500.0,26200,small_business,5,14,7,0.3132,0,0,1
CUST_100601,28,Working Age (25-55),Male,47800.0,11700,home_improvement,5,9,8,0.1104,0,0,0
CUST_100602,50,Working Age (25-55),Male,42800.0,17600,debt_consolidation,0,21,2,0.1199,0,3,0
CUST_100603,56,Senior (>55),Female,163500.0,36500,credit_card,2,18,11,0.2352,0,0,0
CUST_100604,44,Working Age (25-55),Male,24100.0,7800,medical,0,15,3,0.0779,0,1,0
CUST_100605,62,Senior (>55),Male,81100.0,26100,credit_card,6,21,10,0.4817,1,2,1
CUST_100606,30,Working Age (25-55),Male,39500.0,6500,major_purchase,12,10,4,0.1441,0,0,0
CUST_100607,25,Working Age (25-55),Female,45000.0,9000,home_improvement,1,6,10,0.245,0,1,1
CUST_100608,19,Young (<25),Male,45500.0,19100,credit_card,0,6,11,0.1994,0,0,1
CUST_100609,57,Senior (>55),Male,34800.0,5700,debt_consolidation,3,19,4,0.2716,0,0,1
CUST_100610,47,Working Age (25-55),Female,74200.0,11900,debt_consolidation,9,16,3,0.1026,0,0,0
CUST_100611,39,Working Age (25-55),Female,116400.0,31200,credit_card,4,16,4,0.2063,0,0,0
CUST_100612,43,Working Age (25-55),Male,70200.0,9300,debt_consolidation,0,20,10,0.3858,1,0,1
CUST_100613,26,Working Age (25-55),Female,57300.0,23700,home_improvement,8,6,6,0.2965,0,0,1
CUST_100614,69,Senior (>55),Male,31500.0,4300,home_improvement,8,22,5,0.1044,0,0,0
CUST_100615,41,Working Age (25-55),Female,72000.0,22700,debt_consolidation,0,11,1,0.3017,0,0,1
CUST_100616,41,Working Age (25-55),Female,177400.0,38800,home_improvement,12,14,10,0.1704,0,1,0
CUST_100617,48,Working Age (25-55),Female,43900.0,16700,credit_card,2,15,5,0.1685,0,1,0
CUST_100618,45,Working Age (25-55),Male,44100.0,13500,debt_consolidation,2,16,7,0.3415,0,0,1
CUST_100619,42,Working Age (25-55),Female,39800.0,9400,debt_consolidation,3,18,6,0.098,0,0,0
CUST_100620,30,Working Age (25-55),Male,41400.0,18400,small_business,8,2,7,0.1856,0,0,0
CUST_100621,45,Working Age (25-55),Male,18000.0,2200,debt_consolidation,5,17,2,0.2044,0,0,0
CUST_100622,62,Senior (>55),Male,67700.0,20500,debt_consolidation,0,20,10,0.1345,0,0,0
CUST_100623,56,Senior (>55),Male,34000.0,15200,debt_consolidation,15,20,6,0.1947,1,0,0
CUST_100624,59,Senior (>55),Male,22300.0,7600,debt_consolidation,0,17,5,0.207,0,0,0
CUST_100625,33,Working Age (25-55),Female,82000.0,29400,credit_card,6,15,4,0.1593,0,0,0
CUST_100626,28,Working Age (25-55),Male,29900.0,3300,debt_consolidation,5,12,7,0.2766,0,0,0
CUST_100627,38,Working Age (25-55),Male,45000.0,4800,home_improvement,1,15,6,0.4715,0,0,1
CUST_100628,40,Working Age (25-55),Female,121400.0,13700,debt_consolidation,0,16,10,0.2774,0,0,0
CUST_100629,53,Working Age (25-55),Female,25000.0,11200,credit_card,10,16,6,0.2801,1,1,1
CUST_100630,19,Young (<25),Male,23300.0,10300,debt_consolidation,1,4,7,0.4256,1,2,1
CUST_100631,58,Senior (>55),Female,62800.0,13600,medical,5,22,12,0.2076,0,1,0
CUST_100632,38,Working Age (25-55),Male,101900.0,20600,credit_card,3,10,11,0.2336,1,0,1
CUST_100633,34,Working Age (25-55),Female,22800.0,3400,small_business,6,16,4,0.0846,0,0,0
CUST_100634,27,Working Age (25-55),Female,67800.0,14600,home_improvement,3,8,8,0.3793,1,0,1
CUST_100635,20,Young (<25),Male,74600.0,17100,home_improvement,1,8,6,0.1405,0,1,0
CUST_100636,49,Working Age (25-55),Female,18000.0,6500,small_business,2,23,10,0.099,0,0,0
CUST_100637,40,Working Age (25-55),Female,84100.0,33900,debt_consolidation,9,11,7,0.3422,0,3,1
CUST_100638,24,Young (<25),Male,87700.0,31700,credit_card,3,8,3,0.2596,1,0,1
CUST_100639,24,Young (<25),Female,45600.0,14900,debt_consolidation,1,11,7,0.4839,0,0,1
CUST_100640,35,Working Age (25-55),Male,107900.0,39700,home_improvement,13,15,8,0.2142,0,0,0
CUST_100641,60,Senior (>55),Male,101200.0,36300,major_purchase,7,20,5,0.04,0,0,1
CUST_100642,36,Working Age (25-55),Male,57300.0,15300,major_purchase,0,11,6,0.2049,0,0,0
CUST_100643,21,Young (<25),Female,42300.0,9200,debt_consolidation,3,6,4,0.0721,1,0,0
CUST_100644,37,Working Age (25-55),Female,31700.0,6300,debt_consolidation,5,17,7,0.1123,0,1,0
CUST_100645,36,Working Age (25-55),Male,53100.0,17900,debt_consolidation,0,11,6,0.2755,0,0,0
CUST_100646,19,Young (<25),Male,74100.0,32300,debt_consolidation,1,6,10,0.1532,0,1,1
CUST_100647,39,Working Age (25-55),Male,45300.0,13700,debt_consolidation,5,12,7,0.0472,1,1,0
CUST_100648,37,Working Age (25-55),Male,18000.0,7500,debt_consolidation,7,15,10,0.2575,0,0,0
CUST_100649,48,Working Age (25-55),Female,108900.0,11400,medical,1,17,10,0.2297,0,0,0
CUST_100650,62,Senior (>55),Female,60200.0,22800,credit_card,1,18,7,0.2998,0,1,1
CUST_100651,53,Working Age (25-55),Female,44000.0,17500,credit_card,1,15,7,0.2042,0,1,1
CUST_100652,36,Working Age (25-55),Female,86800.0,27800,credit_card,4,6,12,0.3277,1,0,1
CUST_100653,26,Working Age (25-55),Female,125300.0,50000,credit_card,0,6,6,0.0984,0,0,0
CUST_100654,70,Senior (>55),Male,18000.0,5500,major_purchase,0,26,10,0.3685,0,0,1
CUST_100655,40,Working Age (25-55),Female,68800.0,12700,credit_card,5,17,9,0.1088,0,2,0
CUST_100656,40,Working Age (25-55),Female,24700.0,4300,debt_consolidation,7,16,7,0.2909,0,0,0
CUST_100657,39,Working Age (25-55),Female,71300.0,21000,credit_card,3,15,5,0.3855,0,0,1
CUST_100658,42,Working Age (25-55),Male,58100.0,24200,medical,2,14,4,0.3816,1,1,1
CUST_100659,38,Working Age (25-55),Male,76900.0,9600,debt_consolidation,2,15,1,0.4538,0,0,1
CUST_100660,33,Working Age (25-55),Male,41200.0,12800,credit_card,2,12,6,0.2695,0,0,0
CUST_100661,33,Working Age (25-55),Male,19300.0,7100,debt_consolidation,15,16,7,0.1019,0,1,0
CUST_100662,39,Working Age (25-55),Female,42300.0,5900,debt_consolidation,7,13,5,0.1918,1,0,0
CUST_100663,33,Working Age (25-55),Male,67800.0,9600,small_business,1,15,7,0.2921,0,1,0
CUST_100664,31,Working Age (25-55),Female,94700.0,21600,debt_consolidation,2,13,8,0.3324,0,0,0
CUST_100665,41,Working Age (25-55),Female,28400.0,5600,debt_consolidation,3,16,11,0.0612,0,0,0
CUST_100666,36,Working Age (25-55),Male,95300.0,16100,debt_consolidation,4,6,4,0.0659,0,1,0
CUST_100667,58,Senior (>55),Male,37900.0,6400,medical,3,23,6,0.1661,1,1,1
CUST_100668,19,Young (<25),Female,66100.0,9600,debt_consolidation,1,6,4,0.2125,0,0,0
CUST_100669,53,Working Age (25-55),Female,40900.0,12800,home_improvement,7,17,11,0.3444,0,0,0
CUST_100670,54,Working Age (25-55),Male,59900.0,20400,debt_consolidation,3,14,10,0.3957,0,3,1
CUST_100671,19,Young (<25),Female,88500.0,30600,small_business,1,6,5,0.2273,0,0,1
CUST_100672,35,Working Age (25-55),Female,27600.0,7900,medical,6,12,4,0.1421,0,3,0
CUST_100673,35,Working Age (25-55),Female,37300.0,16200,debt_consolidation,7,8,4,0.2437,0,0,0
CUST_100674,23,Young (<25),Female,60000.0,24500,debt_consolidation,5,3,8,0.3957,0,0,1
CUST_100675,30,Working Age (25-55),Male,203000.0,50000,debt_consolidation,1,11,3,0.4366,0,0,1
CUST_100676,26,Working Age (25-55),Female,33700.0,8000,home_improvement,1,11,7,0.2416,0,0,0
CUST_100677,61,Senior (>55),Female,166400.0,50000,debt_consolidation,10,21,4,0.3384,0,0,0
CUST_100678,51,Working Age (25-55),Male,163200.0,50000,debt_consolidation,7,21,8,0.2038,0,0,0
CUST_100679,55,Working Age (25-55),Male,51400.0,11300,debt_consolidation,13,18,4,0.3816,0,0,1
CUST_100680,48,Working Age (25-55),Female,46000.0,6300,debt_consolidation,0,16,4,0.1266,0,0,0
CUST_100681,26,Working Age (25-55),Female,37000.0,12500,debt_consolidation,4,6,7,0.1541,0,3,1
CUST_100682,33,Working Age (25-55),Female,52200.0,7700,small_business,0,6,4,0.1724,0,0,0
CUST_100683,45,Working Age (25-55),Male,25000.0,5100,small_business,3,21,10,0.2427,0,3,0
CUST_100684,25,Working Age (25-55),Male,52000.0,14300,debt_consolidation,0,12,8,0.185,0,0,0
CUST_100685,48,Working Age (25-55),Male,123400.0,41700,credit_card,0,12,6,0.1743,0,0,0
CUST_100686,37,Working Age (25-55),Male,38700.0,16400,credit_card,0,13,7,0.3756,0,0,1
CUST_100687,35,Working Age (25-55),Male,47500.0,14600,home_improvement,4,11,6,0.294,0,0,1
CUST_100688,48,Working Age (25-55),Male,21300.0,7100,credit_card,2,15,8,0.0866,0,0,0
CUST_100689,45,Working Age (25-55),Male,66600.0,13900,credit_card,0,14,7,0.3986,0,0,1
CUST_100690,35,Working Age (25-55),Female,62700.0,21400,credit_card,1,13,8,0.1853,0,0,0
CUST_100691,53,Working Age (25-55),Male,56100.0,14200,home_improvement,0,21,7,0.3203,0,0,0
CUST_100692,27,Working Age (25-55),Female,48100.0,19200,debt_consolidation,9,10,5,0.2707,0,0,0
CUST_100693,47,Working Age (25-55),Female,46100.0,10900,debt_consolidation,1,16,5,0.1782,0,0,0
CUST_100694,47,Working Age (25-55),Male,71400.0,18800,debt_consolidation,2,15,6,0.274,0,1,1
CUST_100695,36,Working Age (25-55),Female,53300.0,13400,credit_card,9,15,12,0.3661,0,0,0
CUST_100696,43,Working Age (25-55),Male,64400.0,24700,debt_consolidation,5,16,9,0.4101,0,0,1
CUST_100697,24,Young (<25),Male,61000.0,26500,credit_card,6,8,8,0.2602,0,2,1
CUST_100698,51,Working Age (25-55),Female,100500.0,21600,debt_consolidation,5,17,5,0.2268,1,0,0
CUST_100699,37,Working Age (25-55),Male,78600.0,20900,small_business,14,13,6,0.4853,0,1,1
CUST_100700,33,Working Age (25-55),Female,60200.0,20900,debt_consolidation,1,10,4,0.1985,0,1,1
CUST_100701,52,Working Age (25-55),Female,124900.0,50000,credit_card,22,20,11,0.1643,0,2,0
CUST_100702,31,Working Age (25-55),Male,68300.0,18600,credit_card,8,7,6,0.2359,0,0,0
CUST_100703,23,Young (<25),Male,111000.0,15300,debt_consolidation,4,6,5,0.3582,0,0,0
CUST_100704,21,Young (<25),Male,75600.0,17300,debt_consolidation,3,9,9,0.3681,1,0,1
CUST_100705,47,Working Age (25-55),Female,19700.0,5800,home_improvement,5,13,5,0.1644,0,3,0
CUST_100706,24,Young (<25),Male,111000.0,27300,debt_consolidation,0,3,8,0.3649,0,0,1
CUST_100707,61,Senior (>55),Female,58400.0,9700,small_business,1,21,7,0.3481,0,0,0
CUST_100708,19,Young (<25),Male,52700.0,6000,small_business,1,1,8,0.2004,0,0,0
CUST_100709,60,Senior (>55),Female,63200.0,21500,credit_card,3,17,4,0.4196,0,0,1
CUST_100710,42,Working Age (25-55),Male,44800.0,20000,home_improvement,2,16,8,0.352,0,0,1
CUST_100711,38,Working Age (25-55),Female,61400.0,25900,credit_card,7,12,9,0.2634,0,0,0
CUST_100712,33,Working Age (25-55),Female,39100.0,13300,credit_card,3,15,7,0.2133,0,0,0
CUST_100713,44,Working Age (25-55),Male,109200.0,43100,medical,0,11,5,0.2635,0,0,1
CUST_100714,39,Working Age (25-55),Male,50900.0,9600,debt_consolidation,6,13,6,0.1089,0,1,0
CUST_100715,53,Working Age (25-55),Male,43900.0,14000,debt_consolidation,6,19,7,0.1611,0,0,0
CUST_100716,41,Working Age (25-55),Male,32600.0,4000,debt_consolidation,0,10,9,0.0633,0,0,0
CUST_100717,41,Working Age (25-55),Male,62800.0,21800,credit_card,15,17,1,0.2296,0,0,0
CUST_100718,35,Working Age (25-55),Male,60000.0,26400,debt_consolidation,1,13,13,0.1705,0,0,0
CUST_100719,39,Working Age (25-55),Female,67100.0,26900,major_purchase,3,8,8,0.0955,0,1,1
CUST_100720,43,Working Age (25-55),Male,30800.0,8800,debt_consolidation,0,14,7,0.2096,0,1,1
CUST_100721,19,Young (<25),Female,22500.0,8500,small_business,1,7,7,0.3632,0,0,1
CUST_100722,23,Young (<25),Male,76400.0,32900,debt_consolidation,2,6,10,0.1276,0,0,0
CUST_100723,48,Working Age (25-55),Male,122600.0,21500,debt_consolidation,2,12,7,0.2361,0,0,0
CUST_100724,42,Working Age (25-55),Male,30800.0,11600,debt_consolidation,8,15,11,0.1749,0,1,0
CUST_100725,37,Working Age (25-55),Male,129900.0,25300,debt_consolidation,0,19,12,0.0506,0,0,0
CUST_100726,40,Working Age (25-55),Male,63300.0,25800,credit_card,7,12,3,0.367,1,1,1
CUST_100727,44,Working Age (25-55),Male,54000.0,7300,major_purchase,4,20,11,0.1286,0,0,0
CUST_100728,33,Working Age (25-55),Female,43500.0,7100,debt_consolidation,15,9,6,0.3688,1,0,1
CUST_100729,30,Working Age (25-55),Male,25300.0,8900,credit_card,4,11,5,0.1069,0,0,0
CUST_100730,42,Working Age (25-55),Female,93300.0,15000,debt_consolidation,0,17,8,0.2027,0,0,0
CUST_100731,28,Working Age (25-55),Male,35400.0,5500,debt_consolidation,0,9,8,0.2845,0,1,1
CUST_100732,44,Working Age (25-55),Female,35300.0,10400,credit_card,10,14,8,0.1436,0,0,0
CUST_100733,19,Young (<25),Female,93500.0,36700,debt_consolidation,1,8,4,0.2017,0,0,1
CUST_100734,52,Working Age (25-55),Female,19200.0,3700,small_business,2,23,9,0.2506,0,1,0
CUST_100735,45,Working Age (25-55),Female,23400.0,9200,home_improvement,4,16,6,0.3494,0,0,1
CUST_100736,43,Working Age (25-55),Male,53600.0,20500,debt_consolidation,3,13,8,0.2645,0,2,1
CUST_100737,51,Working Age (25-55),Female,63700.0,19300,credit_card,17,17,14,0.3275,0,0,0
CUST_100738,59,Senior (>55),Male,70700.0,23100,debt_consolidation,14,28,5,0.247,0,0,0
CUST_100739,52,Working Age (25-55),Female,45900.0,5200,home_improvement,20,18,10,0.182,0,3,0
CUST_100740,19,Young (<25),Male,217900.0,49800,small_business,1,4,6,0.3499,0,0,0
CUST_100741,24,Young (<25),Male,47800.0,9200,small_business,6,4,5,0.2738,0,2,1
CUST_100742,32,Working Age (25-55),Male,47700.0,7300,debt_consolidation,1,5,7,0.3487,0,2,1
CUST_100743,40,Working Age (25-55),Male,34900.0,8200,debt_consolidation,8,15,10,0.0539,0,0,0
CUST_100744,46,Working Age (25-55),Female,58000.0,13000,credit_card,6,18,8,0.04,0,0,0
CUST_100745,31,Working Age (25-55),Male,76000.0,27000,medical,13,9,8,0.3203,0,0,0
CUST_100746,42,Working Age (25-55),Female,105000.0,32500,major_purchase,4,14,7,0.4871,0,0,1
CUST_100747,30,Working Age (25-55),Male,23900.0,10000,debt_consolidation,0,6,9,0.4851,0,0,1
CUST_100748,32,Working Age (25-55),Male,47300.0,7100,home_improvement,4,11,7,0.1195,1,0,0
CUST_100749,23,Young (<25),Female,69300.0,8400,major_purchase,5,9,6,0.2529,0,0,0
CUST_100750,28,Working Age (25-55),Male,74800.0,21500,debt_consolidation,1,8,7,0.1235,0,0,1
CUST_100751,23,Young (<25),Male,54400.0,5500,small_business,2,13,6,0.3617,0,3,1
CUST_100752,28,Working Age (25-55),Female,73000.0,27400,debt_consolidation,4,7,8,0.1793,0,1,1
CUST_100753,52,Working Age (25-55),Female,34700.0,9600,debt_consolidation,2,19,10,0.4048,1,0,1
CUST_100754,28,Working Age (25-55),Female,127600.0,34600,debt_consolidation,2,12,8,0.1638,0,0,0
CUST_100755,71,Senior (>55),Male,93500.0,21200,credit_card,0,24,6,0.2888,0,3,1
CUST_100756,45,Working Age (25-55),Male,25900.0,6000,small_business,14,15,5,0.1654,0,0,0
CUST_100757,42,Working Age (25-55),Female,30000.0,7500,credit_card,6,10,6,0.1646,0,0,0
CUST_100758,29,Working Age (25-55),Female,30500.0,3200,debt_consolidation,0,14,6,0.2752,0,0,0
CUST_100759,48,Working Age (25-55),Male,78700.0,10200,debt_consolidation,7,16,10,0.4216,0,0,0
CUST_100760,33,Working Age (25-55),Male,26700.0,7400,credit_card,6,13,10,0.1581,0,0,0
CUST_100761,41,Working Age (25-55),Female,45200.0,6900,credit_card,0,16,9,0.1776,0,0,0
CUST_100762,70,Senior (>55),Female,69600.0,25900,credit_card,2,22,6,0.1974,0,0,0
CUST_100763,38,Working Age (25-55),Male,52200.0,10200,debt_consolidation,4,12,5,0.3174,0,0,0
CUST_100764,53,Working Age (25-55),Female,62500.0,8400,home_improvement,3,22,7,0.1535,0,1,0
CUST_100765,31,Working Age (25-55),Female,30100.0,5500,major_purchase,7,7,12,0.1888,1,0,1
CUST_100766,39,Working Age (25-55),Male,75100.0,16900,credit_card,2,20,6,0.2089,0,0,0
CUST_100767,61,Senior (>55),Male,38700.0,4300,home_improvement,0,19,5,0.1552,0,0,0
CUST_100768,32,Working Age (25-55),Female,45300.0,6800,major_purchase,14,7,5,0.254,0,0,0
CUST_100769,61,Senior (>55),Female,61700.0,13200,credit_card,1,21,6,0.3063,0,0,1
CUST_100770,48,Working Age (25-55),Female,57300.0,12000,credit_card,6,23,6,0.2026,0,0,1
CUST_100771,33,Working Age (25-55),Female,54900.0,20900,home_improvement,0,5,4,0.2493,0,0,1
CUST_100772,47,Working Age (25-55),Male,35900.0,14200,debt_consolidation,1,16,8,0.2731,0,0,1
CUST_100773,51,Working Age (25-55),Female,45900.0,7700,credit_card,2,19,9,0.2315,0,0,0
CUST_100774,47,Working Age (25-55),Male,54200.0,7800,small_business,1,16,3,0.4691,0,0,1
CUST_100775,21,Young (<25),Male,25400.0,8200,debt_consolidation,2,8,10,0.2425,0,0,1
CUST_100776,31,Working Age (25-55),Female,42000.0,16000,small_business,0,8,5,0.2195,0,0,1
CUST_100777,37,Working Age (25-55),Female,67100.0,29300,credit_card,4,11,8,0.3419,0,0,1
CUST_100778,39,Working Age (25-55),Male,26800.0,2700,debt_consolidation,5,13,8,0.0819,0,0,0
CUST_100779,47,Working Age (25-55),Male,102300.0,25000,credit_card,0,13,11,0.2219,0,0,0
CUST_100780,42,Working Age (25-55),Male,108900.0,38900,debt_consolidation,10,14,5,0.1321,0,0,0
CUST_100781,23,Young (<25),Female,27300.0,10600,small_business,1,6,10,0.1283,0,0,0
CUST_100782,44,Working Age (25-55),Male,114300.0,13900,credit_card,1,13,11,0.2763,0,0,0
CUST_100783,47,Working Age (25-55),Male,50100.0,16900,major_purchase,5,17,9,0.2382,0,1,0
CUST_100784,46,Working Age (25-55),Male,68200.0,13700,credit_card,3,10,7,0.5401,0,0,1
CUST_100785,52,Working Age (25-55),Female,41200.0,5200,credit_card,3,17,9,0.1844,0,0,1
CUST_100786,50,Working Age (25-55),Male,90000.0,24400,medical,0,24,8,0.2492,0,0,0
CUST_100787,45,Working Age (25-55),Male,67700.0,10500,debt_consolidation,8,12,6,0.1079,0,0,0
CUST_100788,39,Working Age (25-55),Female,34600.0,12400,home_improvement,4,17,7,0.083,1,0,0
CUST_100789,20,Young (<25),Male,28500.0,10200,debt_consolidation,0,7,9,0.0956,0,1,0
CUST_100790,45,Working Age (25-55),Female,24300.0,9600,small_business,2,13,10,0.2254,0,1,1
CUST_100791,42,Working Age (25-55),Female,60100.0,14000,credit_card,8,10,8,0.1861,0,0,0
CUST_100792,43,Working Age (25-55),Female,74200.0,7800,major_purchase,4,15,12,0.0998,0,0,0
CUST_100793,24,Young (<25),Male,77500.0,14800,small_business,0,12,10,0.2258,0,0,0
CUST_100794,27,Working Age (25-55),Female,50800.0,13400,debt_consolidation,2,8,4,0.1975,0,0,0
CUST_100795,52,Working Age (25-55),Female,28700.0,9800,debt_consolidation,1,17,7,0.2865,0,3,1
CUST_100796,39,Working Age (25-55),Male,37200.0,8700,credit_card,3,16,6,0.1913,0,3,0
CUST_100797,48,Working Age (25-55),Female,102100.0,29400,credit_card,9,17,10,0.1908,0,0,0
CUST_100798,40,Working Age (25-55),Male,41500.0,11800,debt_consolidation,2,9,11,0.2214,0,0,0
CUST_100799,40,Working Age (25-55),Male,58600.0,9200,debt_consolidation,2,14,4,0.3138,0,1,1
CUST_100800,51,Working Age (25-55),Male,30000.0,9500,credit_card,11,22,7,0.3125,0,0,0
CUST_100801,33,Working Age (25-55),Male,65200.0,16500,debt_consolidation,4,11,8,0.1733,0,0,0
CUST_100802,41,Working Age (25-55),Male,42100.0,16100,small_business,4,6,8,0.2089,0,1,1
CUST_100803,34,Working Age (25-55),Female,96300.0,32900,home_improvement,1,13,7,0.2204,0,0,0
CUST_100804,34,Working Age (25-55),Male,82900.0,11500,home_improvement,4,11,7,0.1882,0,0,0
CUST_100805,36,Working Age (25-55),Female,41200.0,11200,debt_consolidation,4,7,4,0.1104,1,0,1
CUST_100806,42,Working Age (25-55),Male,50500.0,17500,debt_consolidation,2,9,7,0.0779,0,1,0
CUST_100807,34,Working Age (25-55),Female,40000.0,5200,credit_card,16,14,6,0.0968,0,2,0
CUST_100808,55,Working Age (25-55),Male,24800.0,9400,medical,10,17,5,0.1958,0,0,0
CUST_100809,29,Working Age (25-55),Male,33800.0,6000,debt_consolidation,6,7,8,0.2945,0,0,0
CUST_100810,37,Working Age (25-55),Male,60400.0,16700,debt_consolidation,3,12,5,0.2522,0,2,1
CUST_100811,34,Working Age (25-55),Female,64800.0,27800,debt_consolidation,3,9,4,0.298,0,0,1
CUST_100812,57,Senior (>55),Female,58800.0,17600,credit_card,1,20,5,0.2087,0,0,0
CUST_100813,42,Working Age (25-55),Male,45900.0,11400,credit_card,1,14,5,0.3302,1,0,1
CUST_100814,52,Working Age (25-55),Male,90500.0,9300,debt_consolidation,7,14,7,0.2189,0,2,0
CUST_100815,22,Young (<25),Female,56100.0,8200,credit_card,3,6,2,0.2384,1,0,1
CUST_100816,43,Working Age (25-55),Male,79800.0,24100,credit_card,10,16,9,0.2374,0,2,0
CUST_100817,50,Working Age (25-55),Male,20400.0,5600,credit_card,0,17,3,0.0844,0,0,0
CUST_100818,40,Working Age (25-55),Female,18000.0,4100,credit_card,3,13,9,0.4131,1,0,1
CUST_100819,52,Working Age (25-55),Male,63300.0,26800,home_improvement,5,24,9,0.197,0,0,0
CUST_100820,33,Working Age (25-55),Male,24700.0,5300,credit_card,3,13,12,0.2269,0,0,0
CUST_100821,56,Senior (>55),Female,48200.0,13900,credit_card,11,22,10,0.4005,0,1,1
CUST_100822,67,Senior (>55),Female,45900.0,13700,small_business,22,22,9,0.3489,1,0,0
CUST_100823,35,Working Age (25-55),Male,129700.0,36900,major_purchase,0,12,5,0.4128,0,0,0
CUST_100824,34,Working Age (25-55),Male,67500.0,18000,debt_consolidation,0,10,3,0.3281,0,0,1
CUST_100825,57,Senior (>55),Female,59400.0,12900,debt_consolidation,0,22,3,0.2507,0,0,0
CUST_100826,58,Senior (>55),Male,85800.0,35900,home_improvement,5,19,8,0.04,0,1,0
CUST_100827,33,Working Age (25-55),Male,66300.0,17100,debt_consolidation,2,12,6,0.3096,0,0,0
CUST_100828,34,Working Age (25-55),Male,42100.0,12000,major_purchase,6,12,3,0.425,0,0,1
CUST_100829,36,Working Age (25-55),Female,97700.0,32200,debt_consolidation,2,12,8,0.1413,0,0,0
CUST_100830,23,Young (<25),Male,29400.0,3600,major_purchase,4,16,5,0.219,0,1,0
CUST_100831,28,Working Age (25-55),Female,64700.0,24200,credit_card,7,7,6,0.115,0,0,0
CUST_100832,27,Working Age (25-55),Female,23100.0,6500,home_improvement,3,7,8,0.167,0,1,1
CUST_100833,30,Working Age (25-55),Female,60600.0,20000,debt_consolidation,3,12,12,0.092,0,0,0
CUST_100834,39,Working Age (25-55),Male,60200.0,22300,medical,0,11,8,0.1438,0,0,0
CUST_100835,42,Working Age (25-55),Male,136200.0,50000,debt_consolidation,2,13,4,0.1268,0,0,0
CUST_100836,58,Senior (>55),Female,22900.0,5400,debt_consolidation,3,17,9,0.2816,0,0,0
CUST_100837,28,Working Age (25-55),Male,38900.0,14900,debt_consolidation,3,11,10,0.04,0,0,0
CUST_100838,51,Working Age (25-55),Female,85200.0,16200,major_purchase,11,19,6,0.3454,0,0,0
CUST_100839,37,Working Age (25-55),Female,65100.0,21600,credit_card,11,12,8,0.1871,0,0,0
CUST_100840,39,Working Age (25-55),Male,59800.0,8100,credit_card,8,15,14,0.3869,0,0,0
CUST_100841,48,Working Age (25-55),Male,32000.0,3400,credit_card,2,11,9,0.2246,0,0,0
CUST_100842,26,Working Age (25-55),Female,39100.0,5200,small_business,6,6,10,0.3067,0,0,1
CUST_100843,44,Working Age (25-55),Male,107400.0,22700,credit_card,2,14,9,0.1963,0,0,0
CUST_100844,41,Working Age (25-55),Female,52700.0,5800,credit_card,1,10,6,0.4491,0,0,1
CUST_100845,45,Working Age (25-55),Female,66600.0,21400,home_improvement,2,10,5,0.307,0,1,1
CUST_100846,43,Working Age (25-55),Male,50900.0,10700,home_improvement,0,14,7,0.1698,0,0,0
CUST_100847,69,Senior (>55),Male,28300.0,10100,debt_consolidation,2,26,10,0.1814,0,0,0
CUST_100848,32,Working Age (25-55),Female,90500.0,10500,debt_consolidation,3,15,5,0.2318,0,0,0
CUST_100849,33,Working Age (25-55),Male,71500.0,12600,debt_consolidation,15,9,3,0.2184,0,0,0
CUST_100850,32,Working Age (25-55),Male,192500.0,46700,debt_consolidation,1,13,1,0.3239,0,0,0
CUST_100851,33,Working Age (25-55),Female,31000.0,7300,credit_card,11,13,9,0.2328,0,0,0
CUST_100852,32,Working Age (25-55),Male,85200.0,12400,credit_card,1,14,4,0.1832,1,2,1
CUST_100853,54,Working Age (25-55),Male,26300.0,11800,major_purchase,1,17,9,0.2622,0,0,0
CUST_100854,57,Senior (>55),Male,59100.0,11800,debt_consolidation,3,14,9,0.2806,0,0,0
CUST_100855,33,Working Age (25-55),Male,92700.0,32700,home_improvement,5,11,7,0.1537,0,0,0
CUST_100856,30,Working Age (25-55),Male,18000.0,3200,credit_card,0,7,6,0.2398,0,0,1
CUST_100857,45,Working Age (25-55),Female,48400.0,19700,debt_consolidation,1,13,11,0.1049,0,1,0
CUST_100858,33,Working Age (25-55),Male,39700.0,9400,credit_card,3,10,7,0.3942,0,3,1
CUST_100859,47,Working Age (25-55),Male,36800.0,15300,medical,2,15,14,0.2135,0,0,0
CUST_100860,42,Working Age (25-55),Female,67000.0,14700,debt_consolidation,6,15,5,0.2157,0,0,0
CUST_100861,21,Young (<25),Male,100300.0,10300,credit_card,3,9,7,0.0465,1,1,0
CUST_100862,58,Senior (>55),Male,50300.0,14100,debt_consolidation,0,19,9,0.1329,0,1,0
CUST_100863,61,Senior (>55),Male,60700.0,17200,debt_consolidation,11,22,11,0.1737,0,0,0
CUST_100864,32,Working Age (25-55),Female,57700.0,8200,credit_card,1,11,8,0.1487,0,2,0
CUST_100865,35,Working Age (25-55),Female,54200.0,9900,small_business,6,15,5,0.4504,1,0,1
CUST_100866,43,Working Age (25-55),Male,29800.0,11200,home_improvement,7,14,5,0.2416,0,3,1
CUST_100867,44,Working Age (25-55),Female,99700.0,11300,credit_card,16,15,3,0.1768,0,0,0
CUST_100868,47,Working Age (25-55),Male,63700.0,17300,major_purchase,3,15,4,0.1726,0,1,0
CUST_100869,64,Senior (>55),Female,67300.0,19200,debt_consolidation,4,21,7,0.1938,0,0,0
CUST_100870,37,Working Age (25-55),Female,34800.0,11900,home_improvement,2,10,10,0.1265,0,0,0
CUST_100871,30,Working Age (25-55),Female,42100.0,4800,credit_card,5,7,5,0.1096,0,2,0
CUST_100872,23,Young (<25),Female,49200.0,15000,small_business,3,10,5,0.1043,0,0,0
CUST_100873,31,Working Age (25-55),Male,23300.0,2400,home_improvement,2,7,6,0.4133,1,0,1
CUST_100874,39,Working Age (25-55),Female,21400.0,4100,major_purchase,9,12,5,0.1228,0,0,0
CUST_100875,61,Senior (>55),Female,38900.0,10700,debt_consolidation,0,24,5,0.3189,0,0,0
CUST_100876,33,Working Age (25-55),Female,72200.0,30200,credit_card,10,10,4,0.14,0,0,0
CUST_100877,42,Working Age (25-55),Male,37800.0,5500,home_improvement,9,17,7,0.0554,0,0,0
CUST_100878,39,Working Age (25-55),Female,30900.0,4900,home_improvement,3,11,4,0.3459,0,0,1
CUST_100879,54,Working Age (25-55),Male,34600.0,11600,credit_card,3,15,10,0.0916,0,0,0
CUST_100880,70,Senior (>55),Male,42200.0,9800,debt_consolidation,2,19,5,0.1281,0,0,0
CUST_100881,33,Working Age (25-55),Male,44600.0,14200,debt_consolidation,15,15,7,0.142,0,0,0
CUST_100882,34,Working Age (25-55),Male,178300.0,50000,debt_consolidation,0,8,13,0.3956,1,0,1
CUST_100883,52,Working Age (25-55),Male,96800.0,43100,small_business,4,20,6,0.0796,0,0,0
CUST_100884,48,Working Age (25-55),Male,95200.0,21300,small_business,5,13,2,0.0673,0,0,0
CUST_100885,62,Senior (>55),Female,103000.0,28500,debt_consolidation,13,25,6,0.1734,0,0,0
CUST_100886,47,Working Age (25-55),Female,31300.0,13000,major_purchase,7,23,7,0.1046,0,0,0
CUST_100887,35,Working Age (25-55),Female,27700.0,3700,debt_consolidation,5,7,3,0.319,0,0,1
CUST_100888,47,Working Age (25-55),Male,29500.0,7600,debt_consolidation,0,13,7,0.1873,0,0,0
CUST_100889,53,Working Age (25-55),Male,112900.0,26200,debt_consolidation,2,20,8,0.1675,1,1,0
CUST_100890,49,Working Age (25-55),Male,40100.0,8100,small_business,0,18,5,0.1334,0,0,0
CUST_100891,46,Working Age (25-55),Female,27200.0,12200,home_improvement,10,18,9,0.3867,0,0,1
CUST_100892,52,Working Age (25-55),Male,42700.0,15200,debt_consolidation,6,16,8,0.3324,0,0,1
CUST_100893,54,Working Age (25-55),Female,47500.0,11200,credit_card,7,24,3,0.1276,1,0,1
CUST_100894,56,Senior (>55),Female,62800.0,24500,debt_consolidation,5,19,5,0.0521,0,0,0
CUST_100895,47,Working Age (25-55),Female,62200.0,16900,debt_consolidation,3,12,5,0.1846,0,0,0
CUST_100896,37,Working Age (25-55),Female,34400.0,13900,debt_consolidation,0,12,2,0.3043,0,0,1
CUST_100897,41,Working Age (25-55),Male,79000.0,15300,debt_consolidation,2,10,10,0.2867,0,0,0
CUST_100898,54,Working Age (25-55),Female,38100.0,6800,small_business,0,23,7,0.2709,0,1,1
CUST_100899,30,Working Age (25-55),Female,49700.0,9300,credit_card,6,8,4,0.3431,0,0,1
CUST_100900,44,Working Age (25-55),Male,79000.0,22800,debt_consolidation,0,16,5,0.5135,1,0,1
CUST_100901,35,Working Age (25-55),Male,38100.0,7700,debt_consolidation,6,10,5,0.2033,0,0,0
CUST_100902,40,Working Age (25-55),Male,39600.0,6000,debt_consolidation,5,12,8,0.1082,0,0,0
CUST_100903,55,Working Age (25-55),Female,75000.0,33600,debt_consolidation,3,13,7,0.2234,0,0,0
CUST_100904,42,Working Age (25-55),Male,33800.0,14000,credit_card,0,16,6,0.3836,1,0,1
CUST_100905,40,Working Age (25-55),Male,43800.0,14100,debt_consolidation,1,17,9,0.1205,0,1,0
CUST_100906,23,Young (<25),Female,73500.0,30300,home_improvement,1,5,7,0.0984,0,1,1
CUST_100907,48,Working Age (25-55),Male,167700.0,50000,debt_consolidation,6,12,6,0.3362,1,0,1
CUST_100908,47,Working Age (25-55),Female,75600.0,25400,debt_consolidation,0,18,12,0.2755,0,0,0
CUST_100909,65,Senior (>55),Female,70300.0,19800,major_purchase,8,17,9,0.3166,0,1,1
CUST_100910,36,Working Age (25-55),Male,72500.0,29600,debt_consolidation,7,16,7,0.0761,0,1,0
CUST_100911,42,Working Age (25-55),Male,30000.0,9000,debt_consolidation,1,11,6,0.1067,0,2,0
CUST_100912,42,Working Age (25-55),Female,57700.0,8300,debt_consolidation,6,11,4,0.2078,1,1,1
CUST_100913,58,Senior (>55),Male,53300.0,12200,debt_consolidation,5,21,6,0.3925,0,0,0
CUST_100914,38,Working Age (25-55),Male,64700.0,16600,debt_consolidation,6,10,2,0.0892,0,0,0
CUST_100915,43,Working Age (25-55),Male,57800.0,24700,debt_consolidation,1,12,12,0.2559,1,0,1
CUST_100916,47,Working Age (25-55),Female,66800.0,22100,small_business,0,17,5,0.3401,0,0,1
CUST_100917,42,Working Age (25-55),Male,45600.0,18500,home_improvement,1,7,11,0.3886,1,0,1
CUST_100918,34,Working Age (25-55),Female,56000.0,20400,credit_card,2,16,6,0.04,0,1,0
CUST_100919,42,Working Age (25-55),Male,27600.0,5800,credit_card,7,14,6,0.2661,0,0,0
CUST_100920,52,Working Age (25-55),Female,45400.0,16000,credit_card,6,14,11,0.1727,0,0,0
CUST_100921,27,Working Age (25-55),Female,116400.0,19600,debt_consolidation,9,6,6,0.3657,0,0,0
CUST_100922,41,Working Age (25-55),Male,64600.0,15700,debt_consolidation,0,17,3,0.1596,0,0,0
CUST_100923,31,Working Age (25-55),Female,53600.0,20500,debt_consolidation,0,12,9,0.0693,0,0,0
CUST_100924,54,Working Age (25-55),Female,153700.0,48300,credit_card,6,23,4,0.3309,0,0,0
CUST_100925,21,Young (<25),Female,25600.0,10000,debt_consolidation,1,5,6,0.0563,0,0,0
CUST_100926,33,Working Age (25-55),Male,29400.0,5600,debt_consolidation,2,12,4,0.2784,0,0,0
CUST_100927,44,Working Age (25-55),Female,139000.0,50000,debt_consolidation,3,16,7,0.1099,0,0,0
CUST_100928,58,Senior (>55),Male,55600.0,9500,debt_consolidation,0,22,6,0.327,0,0,0
CUST_100929,39,Working Age (25-55),Female,47400.0,13800,debt_consolidation,5,17,8,0.3626,0,0,1
CUST_100930,33,Working Age (25-55),Female,28000.0,7000,debt_consolidation,1,9,7,0.2436,0,0,0
CUST_100931,62,Senior (>55),Female,69300.0,20400,debt_consolidation,5,21,9,0.3311,0,0,0
CUST_100932,22,Young (<25),Male,73100.0,10800,debt_consolidation,4,5,11,0.2357,0,0,0
CUST_100933,19,Young (<25),Female,29700.0,6700,debt_consolidation,0,6,9,0.3693,0,0,1
CUST_100934,45,Working Age (25-55),Female,50200.0,16700,debt_consolidation,13,17,10,0.2337,0,0,0
CUST_100935,33,Working Age (25-55),Male,45000.0,13300,debt_consolidation,3,6,8,0.4614,0,0,1
CUST_100936,27,Working Age (25-55),Male,62400.0,18200,home_improvement,9,12,5,0.0956,0,0,0
CUST_100937,48,Working Age (25-55),Female,29300.0,8200,debt_consolidation,1,13,9,0.1914,0,0,0
CUST_100938,42,Working Age (25-55),Female,107900.0,46400,debt_consolidation,4,13,6,0.2102,0,2,0
CUST_100939,33,Working Age (25-55),Male,89700.0,38300,debt_consolidation,2,15,3,0.04,1,1,1
CUST_100940,24,Young (<25),Female,44400.0,10000,debt_consolidation,6,9,2,0.1741,0,0,0
CUST_100941,50,Working Age (25-55),Female,48100.0,10700,debt_consolidation,4,18,10,0.2329,0,0,0
CUST_100942,47,Working Age (25-55),Male,50300.0,14800,medical,3,12,7,0.1903,0,0,0
CUST_100943,38,Working Age (25-55),Male,35300.0,4700,small_business,12,10,5,0.438,0,0,1
CUST_100944,62,Senior (>55),Male,42500.0,8800,debt_consolidation,2,24,10,0.1,0,1,0
CUST_100945,27,Working Age (25-55),Female,46700.0,8400,credit_card,1,7,7,0.2603,0,0,0
CUST_100946,21,Young (<25),Female,131500.0,23400,debt_consolidation,3,5,9,0.0767,0,1,0
CUST_100947,31,Working Age (25-55),Male,91200.0,29500,debt_consolidation,4,13,9,0.3614,0,2,1
CUST_100948,39,Working Age (25-55),Female,90600.0,21200,home_improvement,2,10,6,0.1354,0,0,0
CUST_100949,42,Working Age (25-55),Male,66400.0,10600,debt_consolidation,3,15,5,0.3062,0,0,0
CUST_100950,37,Working Age (25-55),Male,29300.0,12000,debt_consolidation,16,13,5,0.2386,0,1,0
CUST_100951,44,Working Age (25-55),Female,53000.0,21500,credit_card,6,15,10,0.1337,0,0,0
CUST_100952,24,Young (<25),Male,92400.0,37100,credit_card,0,6,5,0.1306,1,0,1
CUST_100953,57,Senior (>55),Male,27100.0,6400,medical,1,18,7,0.0945,0,3,0
CUST_100954,39,Working Age (25-55),Male,76900.0,9200,home_improvement,18,10,8,0.0874,0,0,0
CUST_100955,53,Working Age (25-55),Female,194400.0,26700,home_improvement,6,19,4,0.2233,1,0,1
CUST_100956,44,Working Age (25-55),Female,97100.0,19100,debt_consolidation,12,13,6,0.2107,0,0,0
CUST_100957,45,Working Age (25-55),Male,117900.0,20900,debt_consolidation,1,18,3,0.1395,0,0,0
CUST_100958,46,Working Age (25-55),Female,61100.0,24800,home_improvement,6,15,3,0.2529,1,0,1
CUST_100959,45,Working Age (25-55),Male,92300.0,41100,medical,6,12,8,0.1488,0,0,0
CUST_100960,47,Working Age (25-55),Female,36500.0,14100,debt_consolidation,1,15,13,0.2734,1,0,1
CUST_100961,55,Working Age (25-55),Male,83900.0,29800,medical,4,18,8,0.2316,0,0,0
CUST_100962,42,Working Age (25-55),Female,77600.0,23700,debt_consolidation,4,17,12,0.0583,0,1,1
CUST_100963,48,Working Age (25-55),Male,63500.0,23500,debt_consolidation,3,15,3,0.2942,0,1,1
CUST_100964,38,Working Age (25-55),Female,111700.0,48200,debt_consolidation,8,12,7,0.2155,0,1,1
CUST_100965,57,Senior (>55),Female,40300.0,12500,credit_card,8,24,3,0.2798,0,0,0
CUST_100966,31,Working Age (25-55),Female,48900.0,7500,home_improvement,9,12,4,0.2085,0,2,0
CUST_100967,61,Senior (>55),Male,57100.0,9000,debt_consolidation,8,26,7,0.2427,0,0,0
CUST_100968,39,Working Age (25-55),Female,30800.0,9400,major_purchase,3,17,6,0.2984,0,1,1
CUST_100969,22,Young (<25),Male,61400.0,13300,credit_card,2,5,9,0.2003,0,0,0
CUST_100970,41,Working Age (25-55),Male,21000.0,8800,credit_card,8,17,6,0.1318,0,0,0
CUST_100971,31,Working Age (25-55),Female,96400.0,30300,home_improvement,3,15,4,0.4865,0,0,1
CUST_100972,50,Working Age (25-55),Male,55600.0,18700,debt_consolidation,1,22,5,0.2451,1,0,1
CUST_100973,32,Working Age (25-55),Female,40700.0,4200,home_improvement,3,14,5,0.4108,0,0,0
CUST_100974,34,Working Age (25-55),Male,34200.0,9400,debt_consolidation,0,14,13,0.2769,0,0,0
CUST_100975,19,Young (<25),Male,47600.0,11900,debt_consolidation,1,5,4,0.1048,0,3,0
CUST_100976,34,Working Age (25-55),Female,79100.0,27500,credit_card,2,9,4,0.2105,0,0,0
CUST_100977,19,Young (<25),Female,73200.0,17100,major_purchase,1,5,9,0.2081,0,0,0
CUST_100978,20,Young (<25),Female,36800.0,16300,credit_card,2,2,13,0.2128,1,0,1
CUST_100979,49,Working Age (25-55),Male,34000.0,11400,credit_card,7,21,3,0.4173,0,1,1
CUST_100980,49,Working Age (25-55),Female,77800.0,25700,home_improvement,7,16,5,0.142,0,2,0
CUST_100981,45,Working Age (25-55),Male,36400.0,15400,debt_consolidation,4,19,6,0.3026,0,0,0
CUST_100982,28,Working Age (25-55),Female,56000.0,25100,small_business,9,6,12,0.2132,0,0,0
CUST_100983,39,Working Age (25-55),Male,58000.0,9800,debt_consolidation,7,16,5,0.2887,0,0,0
CUST_100984,39,Working Age (25-55),Female,64300.0,24700,debt_consolidation,4,12,7,0.2385,0,1,1
CUST_100985,26,Working Age (25-55),Male,86900.0,13600,debt_consolidation,8,5,7,0.4098,1,0,1
CUST_100986,58,Senior (>55),Male,27000.0,7000,debt_consolidation,1,25,7,0.2364,0,0,0
CUST_100987,50,Working Age (25-55),Male,18900.0,2600,debt_consolidation,14,20,8,0.252,0,0,0
CUST_100988,37,Working Age (25-55),Female,39700.0,12600,debt_consolidation,2,13,6,0.0913,0,0,0
CUST_100989,40,Working Age (25-55),Female,145900.0,38500,debt_consolidation,3,14,3,0.2065,0,0,0
CUST_100990,42,Working Age (25-55),Female,164800.0,50000,credit_card,0,16,10,0.2096,0,3,1
CUST_100991,19,Young (<25),Male,148300.0,50000,credit_card,1,7,9,0.3364,0,0,1
CUST_100992,37,Working Age (25-55),Female,48700.0,15400,credit_card,4,10,6,0.0416,1,0,0
CUST_100993,31,Working Age (25-55),Male,20300.0,4100,debt_consolidation,13,9,7,0.2765,0,3,1
CUST_100994,27,Working Age (25-55),Female,18000.0,7100,home_improvement,9,15,7,0.1569,0,0,0
CUST_100995,36,Working Age (25-55),Male,38600.0,11300,debt_consolidation,16,20,8,0.3177,0,1,0
CUST_100996,61,Senior (>55),Male,48600.0,13200,credit_card,2,26,7,0.1508,0,2,0
CUST_100997,47,Working Age (25-55),Male,110800.0,49400,debt_consolidation,23,17,8,0.4286,0,1,1
CUST_100998,33,Working Age (25-55),Female,87300.0,17400,credit_card,3,10,7,0.3293,0,2,1
CUST_100999,46,Working Age (25-55),Female,61400.0,17500,debt_consolidation,9,13,8,0.3005,0,0,0
CUST_101000,56,Senior (>55),Female,33200.0,11200,home_improvement,1,17,9,0.081,0,0,0
CUST_101001,51,Working Age (25-55),Female,31900.0,4600,small_business,3,16,9,0.2547,0,2,0
CUST_101002,40,Working Age (25-55),Male,62300.0,14000,home_improvement,16,20,9,0.1545,0,0,0
CUST_101003,32,Working Age (25-55),Male,79500.0,30300,debt_consolidation,14,16,7,0.3424,0,1,0
CUST_101004,48,Working Age (25-55),Male,67200.0,12300,debt_consolidation,5,19,6,0.2032,0,0,0
CUST_101005,44,Working Age (25-55),Female,30700.0,8400,major_purchase,7,12,6,0.227,0,1,0
CUST_101006,50,Working Age (25-55),Male,77500.0,24900,debt_consolidation,0,20,7,0.1418,0,0,0
CUST_101007,47,Working Age (25-55),Male,68500.0,22900,major_purchase,6,15,7,0.2526,0,0,0
CUST_101008,52,Working Age (25-55),Male,30100.0,10700,debt_consolidation,4,11,6,0.0981,0,2,0
CUST_101009,33,Working Age (25-55),Female,35200.0,14200,major_purchase,0,12,10,0.2929,0,0,1
CUST_101010,55,Working Age (25-55),Female,79100.0,18800,major_purchase,0,16,7,0.3976,0,0,1
CUST_101011,42,Working Age (25-55),Female,47600.0,16500,credit_card,0,12,9,0.2815,0,2,1
CUST_101012,64,Senior (>55),Male,129800.0,46200,debt_consolidation,6,21,7,0.3888,1,3,1
CUST_101013,31,Working Age (25-55),Male,71400.0,14600,debt_consolidation,0,9,5,0.3598,0,0,1
CUST_101014,60,Senior (>55),Female,41500.0,18200,major_purchase,3,20,3,0.4339,1,0,1
CUST_101015,42,Working Age (25-55),Female,53900.0,21700,small_business,2,14,4,0.1339,0,2,0
CUST_101016,32,Working Age (25-55),Male,56100.0,11300,debt_consolidation,3,5,6,0.0425,0,0,0
CUST_101017,34,Working Age (25-55),Male,36300.0,12200,debt_consolidation,6,16,6,0.1708,1,0,1
CUST_101018,36,Working Age (25-55),Female,32800.0,11500,small_business,5,9,13,0.2361,0,1,1
CUST_101019,45,Working Age (25-55),Male,79700.0,20000,credit_card,3,12,7,0.2715,0,0,0
CUST_101020,46,Working Age (25-55),Male,86200.0,34700,small_business,3,15,7,0.0665,0,0,0
CUST_101021,33,Working Age (25-55),Male,75500.0,25800,small_business,2,11,11,0.4602,0,1,1
CUST_101022,39,Working Age (25-55),Female,124700.0,41200,major_purchase,9,18,6,0.1949,0,0,0
CUST_101023,65,Senior (>55),Male,40200.0,7100,debt_consolidation,2,23,5,0.0559,0,0,0
CUST_101024,60,Senior (>55),Male,136100.0,33000,debt_consolidation,1,22,6,0.3027,0,0,0
CUST_101025,45,Working Age (25-55),Female,33000.0,8300,debt_consolidation,6,16,4,0.277,0,0,0
CUST_101026,40,Working Age (25-55),Male,31000.0,11100,major_purchase,2,14,4,0.0631,0,1,0
CUST_101027,41,Working Age (25-55),Male,20600.0,6500,credit_card,9,15,7,0.1091,0,1,0
CUST_101028,47,Working Age (25-55),Male,42400.0,5500,debt_consolidation,1,10,7,0.4468,0,0,1
CUST_101029,27,Working Age (25-55),Female,41100.0,8500,debt_consolidation,6,8,5,0.2914,0,0,0
CUST_101030,36,Working Age (25-55),Male,72300.0,19200,debt_consolidation,0,16,7,0.2424,0,0,0
CUST_101031,19,Young (<25),Male,62000.0,22200,home_improvement,1,18,6,0.3354,0,0,1
CUST_101032,44,Working Age (25-55),Female,28100.0,10100,home_improvement,2,11,5,0.2406,0,0,0
CUST_101033,47,Working Age (25-55),Male,43700.0,11900,credit_card,8,17,6,0.3172,0,0,0
CUST_101034,34,Working Age (25-55),Male,44200.0,6200,debt_consolidation,16,10,9,0.1394,0,0,0
CUST_101035,58,Senior (>55),Male,20400.0,4100,major_purchase,3,26,11,0.088,0,1,0
CUST_101036,25,Working Age (25-55),Female,31600.0,6000,debt_consolidation,7,4,9,0.0718,1,0,0
CUST_101037,22,Young (<25),Male,35500.0,13300,credit_card,4,9,5,0.0702,0,2,0
CUST_101038,42,Working Age (25-55),Female,119200.0,19400,debt_consolidation,17,10,3,0.2001,0,0,0
CUST_101039,52,Working Age (25-55),Female,60200.0,15800,debt_consolidation,8,17,9,0.197,0,0,0
CUST_101040,60,Senior (>55),Male,78000.0,26100,debt_consolidation,0,20,9,0.1494,0,2,0
CUST_101041,34,Working Age (25-55),Female,23800.0,10400,credit_card,6,15,2,0.1659,0,0,0
CUST_101042,52,Working Age (25-55),Male,104500.0,47000,credit_card,3,14,3,0.2078,1,1,1
CUST_101043,39,Working Age (25-55),Female,110800.0,48000,debt_consolidation,0,15,8,0.1807,0,0,0
CUST_101044,37,Working Age (25-55),Female,18100.0,6400,debt_consolidation,1,13,11,0.1483,0,3,0
CUST_101045,50,Working Age (25-55),Female,36800.0,13300,small_business,12,18,8,0.0678,0,1,0
CUST_101046,47,Working Age (25-55),Male,71200.0,26000,debt_consolidation,13,19,4,0.0605,0,0,0
CUST_101047,21,Young (<25),Male,77200.0,31000,debt_consolidation,3,3,14,0.0693,0,1,0
CUST_101048,57,Senior (>55),Male,37300.0,16200,debt_consolidation,20,22,6,0.1446,0,0,0
CUST_101049,56,Senior (>55),Female,45800.0,11700,small_business,8,17,9,0.2257,1,0,1
CUST_101050,32,Working Age (25-55),Female,39000.0,9600,debt_consolidation,0,14,11,0.1824,0,0,0
CUST_101051,44,Working Age (25-55),Male,57600.0,15000,medical,1,16,4,0.3368,0,0,1
CUST_101052,45,Working Age (25-55),Female,104700.0,34600,debt_consolidation,0,15,13,0.1622,0,0,0
CUST_101053,43,Working Age (25-55),Female,35500.0,13200,debt_consolidation,0,13,9,0.1291,0,2,0
CUST_101054,33,Working Age (25-55),Male,93900.0,38000,debt_consolidation,1,14,4,0.0706,0,0,0
CUST_101055,31,Working Age (25-55),Female,35200.0,9100,credit_card,3,14,6,0.2395,0,0,0
CUST_101056,39,Working Age (25-55),Male,34000.0,7700,debt_consolidation,9,12,9,0.2608,1,0,1
CUST_101057,54,Working Age (25-55),Male,85000.0,37800,credit_card,9,15,7,0.2318,0,0,0
CUST_101058,46,Working Age (25-55),Female,90000.0,16300,debt_consolidation,4,18,5,0.181,0,0,0
CUST_101059,35,Working Age (25-55),Female,86500.0,15400,debt_consolidation,13,7,6,0.2932,0,0,0
CUST_101060,49,Working Age (25-55),Female,26300.0,9200,small_business,3,13,8,0.3521,0,0,1
CUST_101061,19,Young (<25),Male,41900.0,6800,home_improvement,1,3,6,0.2515,0,0,1
CUST_101062,53,Working Age (25-55),Male,85200.0,20400,debt_consolidation,3,17,8,0.2196,1,2,1
CUST_101063,19,Young (<25),Female,55400.0,11200,credit_card,1,2,7,0.04,0,1,0
CUST_101064,35,Working Age (25-55),Female,30000.0,4800,credit_card,12,6,12,0.29,0,0,0
CUST_101065,26,Working Age (25-55),Male,69700.0,21100,debt_consolidation,2,5,9,0.2794,0,1,1
CUST_101066,24,Young (<25),Male,36600.0,8400,credit_card,3,10,6,0.04,0,3,0
CUST_101067,53,Working Age (25-55),Female,145400.0,38100,debt_consolidation,1,14,7,0.0595,0,0,0
CUST_101068,34,Working Age (25-55),Female,126700.0,21400,credit_card,5,10,4,0.1999,0,1,0
CUST_101069,44,Working Age (25-55),Female,75500.0,27800,home_improvement,26,21,6,0.1244,0,0,0
CUST_101070,39,Working Age (25-55),Male,114500.0,24100,debt_consolidation,0,13,7,0.224,0,0,0
CUST_101071,45,Working Age (25-55),Male,56100.0,12300,debt_consolidation,11,16,5,0.3522,0,0,0
CUST_101072,40,Working Age (25-55),Female,82500.0,15500,debt_consolidation,0,11,5,0.2816,1,0,1
CUST_101073,24,Young (<25),Male,122100.0,30800,major_purchase,2,14,3,0.0518,1,1,0
CUST_101074,51,Working Age (25-55),Female,62000.0,16300,home_improvement,0,16,2,0.3106,1,0,1
CUST_101075,34,Working Age (25-55),Female,47100.0,13400,debt_consolidation,7,11,5,0.119,0,0,1
CUST_101076,21,Young (<25),Female,21200.0,9300,debt_consolidation,0,11,2,0.2422,0,0,1
CUST_101077,34,Working Age (25-55),Male,51800.0,21600,debt_consolidation,4,11,10,0.1278,0,0,0
CUST_101078,58,Senior (>55),Male,85200.0,26700,credit_card,1,20,12,0.0677,0,2,0
CUST_101079,50,Working Age (25-55),Male,91100.0,10400,credit_card,0,16,8,0.3754,1,0,1
CUST_101080,35,Working Age (25-55),Female,71500.0,22500,medical,7,11,8,0.3243,0,0,1
CUST_101081,35,Working Age (25-55),Female,40200.0,5300,debt_consolidation,1,13,6,0.0799,0,0,0
CUST_101082,36,Working Age (25-55),Female,18300.0,6400,credit_card,1,14,10,0.1655,0,1,0
CUST_101083,64,Senior (>55),Male,41300.0,9800,home_improvement,1,20,7,0.093,0,2,0
CUST_101084,44,Working Age (25-55),Female,45800.0,18000,small_business,4,13,6,0.2645,0,0,0
CUST_101085,45,Working Age (25-55),Male,45600.0,19600,debt_consolidation,5,13,5,0.1296,0,0,0
CUST_101086,52,Working Age (25-55),Female,76100.0,18700,credit_card,0,13,4,0.2021,0,0,0
CUST_101087,42,Working Age (25-55),Female,161500.0,42200,debt_consolidation,1,9,3,0.4739,0,1,1
CUST_101088,36,Working Age (25-55),Female,58000.0,17800,debt_consolidation,2,13,11,0.068,0,0,0
CUST_101089,37,Working Age (25-55),Female,48100.0,8100,small_business,2,15,9,0.306,0,0,0
CUST_101090,39,Working Age (25-55),Female,47000.0,20000,major_purchase,10,16,8,0.1618,1,0,0
CUST_101091,39,Working Age (25-55),Female,58000.0,14600,home_improvement,7,6,5,0.1656,1,0,1
CUST_101092,48,Working Age (25-55),Male,34400.0,5400,debt_consolidation,4,16,9,0.205,0,0,0
CUST_101093,40,Working Age (25-55),Male,57900.0,21200,small_business,2,10,5,0.1802,1,2,1
CUST_101094,48,Working Age (25-55),Female,69400.0,12300,debt_consolidation,6,17,5,0.162,0,0,0
CUST_101095,39,Working Age (25-55),Female,60800.0,9100,debt_consolidation,9,12,8,0.2423,0,0,0
CUST_101096,40,Working Age (25-55),Female,69700.0,20700,credit_card,4,15,6,0.3349,0,0,1
CUST_101097,19,Young (<25),Female,68800.0,23000,debt_consolidation,1,6,4,0.1665,0,0,0
CUST_101098,50,Working Age (25-55),Female,20400.0,6100,major_purchase,6,11,8,0.3425,0,2,1
CUST_101099,44,Working Age (25-55),Male,76900.0,25400,debt_consolidation,4,12,7,0.2517,1,0,1
CUST_101100,51,Working Age (25-55),Female,37500.0,5300,debt_consolidation,1,17,10,0.1606,0,0,0
CUST_101101,19,Young (<25),Female,29700.0,7900,credit_card,1,6,12,0.1273,0,0,0
CUST_101102,65,Senior (>55),Female,29500.0,6600,home_improvement,1,18,5,0.0926,0,0,1
CUST_101103,38,Working Age (25-55),Female,68800.0,30300,credit_card,7,8,12,0.1639,0,0,0
CUST_101104,53,Working Age (25-55),Male,47900.0,5600,debt_consolidation,8,18,3,0.1176,0,0,0
CUST_101105,27,Working Age (25-55),Female,21500.0,4400,home_improvement,8,5,9,0.2951,0,3,1
CUST_101106,47,Working Age (25-55),Female,70500.0,30300,debt_consolidation,3,11,12,0.4021,0,0,1
CUST_101107,27,Working Age (25-55),Male,24500.0,10900,debt_consolidation,1,8,8,0.3078,0,0,1
CUST_101108,32,Working Age (25-55),Female,58500.0,22700,credit_card,0,9,16,0.1397,0,0,0
CUST_101109,62,Senior (>55),Male,61800.0,7800,debt_consolidation,6,19,7,0.2967,0,0,0
CUST_101110,37,Working Age (25-55),Male,88200.0,26100,medical,10,10,8,0.1416,0,0,0
CUST_101111,42,Working Age (25-55),Female,144300.0,34600,credit_card,5,14,6,0.1041,0,1,0
CUST_101112,50,Working Age (25-55),Male,25600.0,9800,medical,0,15,7,0.1106,0,0,0
CUST_101113,45,Working Age (25-55),Female,52600.0,6300,debt_consolidation,13,15,14,0.3834,1,0,1
CUST_101114,41,Working Age (25-55),Male,46500.0,7900,medical,22,13,5,0.1856,0,1,0
CUST_101115,44,Working Age (25-55),Female,68800.0,18700,debt_consolidation,2,15,8,0.1731,0,0,0
CUST_101116,68,Senior (>55),Female,61000.0,9500,debt_consolidation,4,26,7,0.1393,1,1,0
CUST_101117,39,Working Age (25-55),Male,44600.0,15300,debt_consolidation,7,16,4,0.4247,0,2,1
CUST_101118,42,Working Age (25-55),Male,42500.0,16500,credit_card,6,18,4,0.1143,0,0,0
CUST_101119,52,Working Age (25-55),Male,29300.0,10200,debt_consolidation,17,20,8,0.5203,1,0,1
CUST_101120,53,Working Age (25-55),Male,93300.0,23700,credit_card,0,19,10,0.2208,0,0,0
CUST_101121,54,Working Age (25-55),Female,69700.0,28400,debt_consolidation,4,17,8,0.1785,0,0,0
CUST_101122,47,Working Age (25-55),Female,89700.0,13300,debt_consolidation,5,15,9,0.1874,0,0,0
CUST_101123,26,Working Age (25-55),Female,45700.0,8700,credit_card,8,6,6,0.04,0,0,0
CUST_101124,59,Senior (>55),Female,37700.0,10200,debt_consolidation,10,20,4,0.2173,0,0,0
CUST_101125,26,Working Age (25-55),Female,29900.0,3600,home_improvement,8,11,7,0.2247,0,1,0
CUST_101126,43,Working Age (25-55),Male,66000.0,8800,credit_card,3,12,6,0.1142,0,0,0
CUST_101127,30,Working Age (25-55),Female,30600.0,7300,major_purchase,8,10,4,0.5622,0,0,1
CUST_101128,39,Working Age (25-55),Female,149800.0,50000,debt_consolidation,2,11,5,0.3263,1,0,1
CUST_101129,43,Working Age (25-55),Female,26400.0,11000,medical,2,15,12,0.1049,0,0,0
CUST_101130,43,Working Age (25-55),Male,63000.0,16600,credit_card,1,13,10,0.1408,0,0,0
CUST_101131,45,Working Age (25-55),Male,128300.0,19200,medical,8,13,2,0.3145,0,1,0
CUST_101132,59,Senior (>55),Male,75300.0,12200,debt_consolidation,21,18,5,0.294,1,0,0
CUST_101133,45,Working Age (25-55),Female,59700.0,13900,home_improvement,1,17,7,0.1165,0,1,0
CUST_101134,37,Working Age (25-55),Male,31800.0,5500,home_improvement,0,12,9,0.1803,0,0,0
CUST_101135,51,Working Age (25-55),Female,25300.0,3300,debt_consolidation,8,16,5,0.17,0,0,0
CUST_101136,54,Working Age (25-55),Male,82700.0,27800,credit_card,4,19,8,0.2921,0,0,0
CUST_101137,25,Working Age (25-55),Male,124000.0,37600,home_improvement,7,7,7,0.0864,0,0,0
CUST_101138,47,Working Age (25-55),Female,42600.0,8600,credit_card,1,19,7,0.2392,0,0,0
CUST_101139,48,Working Age (25-55),Male,29000.0,10800,debt_consolidation,0,13,8,0.3781,1,2,1
CUST_101140,36,Working Age (25-55),Male,18000.0,6700,credit_card,3,12,10,0.155,0,1,0
CUST_101141,56,Senior (>55),Female,31600.0,8600,debt_consolidation,0,15,9,0.1717,0,0,0
CUST_101142,38,Working Age (25-55),Male,50900.0,6800,home_improvement,1,12,5,0.3196,1,0,1
CUST_101143,41,Working Age (25-55),Female,130600.0,50000,debt_consolidation,0,9,8,0.2423,1,1,1
CUST_101144,37,Working Age (25-55),Female,78500.0,26200,debt_consolidation,1,15,5,0.3046,0,0,1
CUST_101145,40,Working Age (25-55),Female,64100.0,12000,debt_consolidation,0,16,7,0.0633,1,0,0
CUST_101146,26,Working Age (25-55),Female,43500.0,13600,credit_card,8,11,7,0.2735,0,1,1
CUST_101147,22,Young (<25),Male,39300.0,9500,medical,1,7,9,0.247,0,0,0
CUST_101148,59,Senior (>55),Female,117400.0,37800,debt_consolidation,2,18,8,0.1238,1,1,1
CUST_101149,29,Working Age (25-55),Male,60500.0,16100,debt_consolidation,11,7,6,0.0431,0,1,0
CUST_101150,28,Working Age (25-55),Female,18000.0,4900,debt_consolidation,5,14,4,0.2832,0,0,0
CUST_101151,19,Young (<25),Male,37400.0,13400,small_business,1,10,4,0.3391,0,0,1
CUST_101152,32,Working Age (25-55),Male,33800.0,10600,credit_card,6,11,6,0.2963,1,0,1
CUST_101153,24,Young (<25),Male,40100.0,5100,debt_consolidation,6,6,1,0.1127,1,0,0
CUST_101154,59,Senior (>55),Female,73800.0,9100,credit_card,10,24,5,0.2662,0,2,0
CUST_101155,52,Working Age (25-55),Female,51100.0,10600,debt_consolidation,5,16,3,0.2501,0,3,0
CUST_101156,31,Working Age (25-55),Female,51900.0,13000,debt_consolidation,11,11,7,0.1311,0,0,0
CUST_101157,67,Senior (>55),Male,111600.0,21900,debt_consolidation,3,27,5,0.2972,0,1,0
CUST_101158,51,Working Age (25-55),Male,36900.0,12100,home_improvement,1,15,4,0.1336,0,3,0
CUST_101159,36,Working Age (25-55),Female,151000.0,25400,major_purchase,10,15,4,0.1621,0,0,0
CUST_101160,19,Young (<25),Female,37500.0,13000,home_improvement,1,8,3,0.0711,0,0,0
CUST_101161,67,Senior (>55),Male,56900.0,21100,debt_consolidation,11,23,5,0.4004,0,0,0
CUST_101162,23,Young (<25),Female,46400.0,6700,credit_card,0,5,9,0.4265,0,0,1
CUST_101163,20,Young (<25),Male,58000.0,19000,debt_consolidation,2,4,6,0.1945,0,2,1
CUST_101164,52,Working Age (25-55),Male,69200.0,30200,home_improvement,14,19,6,0.283,1,0,1
CUST_101165,69,Senior (>55),Male,68800.0,11500,credit_card,1,19,9,0.1458,0,0,0
CUST_101166,56,Senior (>55),Female,35800.0,15000,major_purchase,14,19,9,0.2399,0,0,0
CUST_101167,46,Working Age (25-55),Female,29200.0,9100,debt_consolidation,15,17,6,0.4394,1,1,1
CUST_101168,47,Working Age (25-55),Male,214600.0,50000,home_improvement,10,19,6,0.345,0,0,0
CUST_101169,50,Working Age (25-55),Male,41500.0,4900,credit_card,4,13,6,0.1904,1,0,1
CUST_101170,49,Working Age (25-55),Female,79600.0,28800,debt_consolidation,5,21,7,0.04,0,0,0
CUST_101171,43,Working Age (25-55),Female,22400.0,6000,credit_card,10,20,1,0.2453,0,0,0
CUST_101172,41,Working Age (25-55),Male,46500.0,16400,major_purchase,7,15,5,0.2905,0,0,0
CUST_101173,39,Working Age (25-55),Male,50500.0,19400,major_purchase,4,10,5,0.3203,0,0,1
CUST_101174,30,Working Age (25-55),Male,70300.0,19900,home_improvement,12,9,6,0.1321,0,1,0
CUST_101175,36,Working Age (25-55),Male,18000.0,3500,debt_consolidation,5,12,10,0.1328,1,0,0
CUST_101176,19,Young (<25),Female,59400.0,8900,small_business,1,7,4,0.3035,0,0,0
CUST_101177,38,Working Age (25-55),Female,28800.0,4500,credit_card,0,13,5,0.2115,1,0,1
CUST_101178,28,Working Age (25-55),Male,64800.0,26100,debt_consolidation,0,10,6,0.2941,0,1,1
CUST_101179,26,Working Age (25-55),Male,30600.0,4400,debt_consolidation,3,8,8,0.0662,0,0,0
CUST_101180,42,Working Age (25-55),Female,33800.0,7900,debt_consolidation,2,15,6,0.1608,0,0,0
CUST_101181,56,Senior (>55),Female,46600.0,10100,debt_consolidation,7,18,4,0.1818,0,2,0
CUST_101182,51,Working Age (25-55),Male,30400.0,12200,home_improvement,0,16,8,0.1078,0,2,0
CUST_101183,21,Young (<25),Female,41700.0,11100,debt_consolidation,3,5,6,0.2156,0,0,0
CUST_101184,28,Working Age (25-55),Female,28100.0,12600,debt_consolidation,1,15,9,0.1245,0,1,0
CUST_101185,51,Working Age (25-55),Male,19800.0,7100,debt_consolidation,2,22,7,0.3737,1,1,1
CUST_101186,28,Working Age (25-55),Male,94800.0,37700,credit_card,1,11,2,0.2382,0,0,1
CUST_101187,37,Working Age (25-55),Male,26600.0,3600,debt_consolidation,4,16,7,0.3579,0,0,1
CUST_101188,46,Working Age (25-55),Female,49100.0,9300,debt_consolidation,0,18,2,0.4658,0,0,1
CUST_101189,28,Working Age (25-55),Male,82000.0,12100,debt_consolidation,0,10,5,0.3184,0,0,0
CUST_101190,41,Working Age (25-55),Male,38600.0,10100,credit_card,6,9,7,0.0896,0,0,0
CUST_101191,23,Young (<25),Male,34400.0,12100,debt_consolidation,1,7,5,0.4045,0,0,1
CUST_101192,32,Working Age (25-55),Male,61400.0,9800,credit_card,1,10,7,0.18,1,0,1
CUST_101193,43,Working Age (25-55),Female,100200.0,14600,debt_consolidation,7,11,8,0.13,0,0,0
CUST_101194,20,Young (<25),Female,28500.0,9000,debt_consolidation,0,2,7,0.2164,1,0,1
CUST_101195,45,Working Age (25-55),Female,49900.0,9000,debt_consolidation,2,17,5,0.1089,0,0,0
CUST_101196,39,Working Age (25-55),Female,20900.0,5600,debt_consolidation,0,14,3,0.3802,0,0,1
CUST_101197,46,Working Age (25-55),Male,43600.0,5100,debt_consolidation,2,12,14,0.2307,0,0,1
CUST_101198,42,Working Age (25-55),Male,55200.0,18700,debt_consolidation,6,12,10,0.1615,1,0,1
CUST_101199,56,Senior (>55),Male,33900.0,9800,debt_consolidation,0,23,6,0.1503,1,2,1
CUST_101200,41,Working Age (25-55),Male,42100.0,13700,home_improvement,10,11,6,0.0667,0,0,0
CUST_101201,34,Working Age (25-55),Female,25000.0,4900,debt_consolidation,12,12,7,0.1834,0,0,0
CUST_101202,41,Working Age (25-55),Female,56500.0,11200,small_business,0,13,11,0.2252,0,2,0
CUST_101203,46,Working Age (25-55),Female,96800.0,36800,home_improvement,23,17,3,0.1375,1,0,0
CUST_101204,40,Working Age (25-55),Female,29600.0,10400,home_improvement,1,11,6,0.2447,0,0,0
CUST_101205,40,Working Age (25-55),Female,38500.0,11700,debt_consolidation,0,14,4,0.1987,0,0,0
CUST_101206,31,Working Age (25-55),Male,71400.0,22800,small_business,0,11,9,0.1906,0,1,1
CUST_101207,32,Working Age (25-55),Male,105500.0,14000,debt_consolidation,2,11,11,0.1691,0,2,0
CUST_101208,23,Young (<25),Female,23800.0,9500,debt_consolidation,4,8,6,0.1388,0,0,0
CUST_101209,60,Senior (>55),Female,49400.0,18300,debt_consolidation,2,22,6,0.2438,0,0,0
CUST_101210,25,Working Age (25-55),Male,63300.0,19400,major_purchase,7,15,9,0.4447,0,0,1
CUST_101211,31,Working Age (25-55),Female,51200.0,21600,debt_consolidation,6,18,3,0.1169,0,2,0
CUST_101212,31,Working Age (25-55),Male,18000.0,2900,major_purchase,2,8,3,0.3492,0,1,1
CUST_101213,50,Working Age (25-55),Male,71400.0,24300,debt_consolidation,6,10,6,0.229,1,2,1
CUST_101214,36,Working Age (25-55),Male,124900.0,50000,major_purchase,14,14,9,0.2458,0,0,0
CUST_101215,54,Working Age (25-55),Female,57800.0,12100,major_purchase,0,19,5,0.3148,0,0,0
CUST_101216,31,Working Age (25-55),Male,30700.0,3200,major_purchase,1,14,4,0.2086,0,3,0
CUST_101217,43,Working Age (25-55),Female,40900.0,14600,credit_card,3,15,7,0.0766,0,0,0
CUST_101218,29,Working Age (25-55),Male,143400.0,14700,small_business,3,10,4,0.0472,0,0,0
CUST_101219,65,Senior (>55),Female,89400.0,36200,major_purchase,3,26,8,0.1844,0,0,0
CUST_101220,25,Working Age (25-55),Female,77000.0,9200,debt_consolidation,1,12,8,0.1443,0,0,0
CUST_101221,43,Working Age (25-55),Male,65900.0,21600,debt_consolidation,5,10,10,0.1744,0,2,0
CUST_101222,47,Working Age (25-55),Male,37700.0,8700,home_improvement,5,14,10,0.1424,0,0,0
CUST_101223,44,Working Age (25-55),Male,48500.0,8300,debt_consolidation,4,15,7,0.0746,0,0,0
CUST_101224,37,Working Age (25-55),Male,51900.0,21500,home_improvement,0,13,4,0.1374,0,2,0
CUST_101225,38,Working Age (25-55),Male,73300.0,26500,debt_consolidation,3,12,7,0.1811,0,0,0
CUST_101226,40,Working Age (25-55),Female,124200.0,27200,credit_card,2,15,7,0.2764,0,0,0
CUST_101227,38,Working Age (25-55),Male,100200.0,20000,debt_consolidation,3,16,9,0.1638,0,0,0
CUST_101228,51,Working Age (25-55),Male,24800.0,8900,debt_consolidation,12,23,7,0.233,0,0,0
CUST_101229,66,Senior (>55),Male,61300.0,24100,debt_consolidation,3,24,8,0.1931,0,0,0
CUST_101230,33,Working Age (25-55),Male,81200.0,28500,small_business,0,8,10,0.3676,0,0,1
CUST_101231,23,Young (<25),Female,76100.0,24700,debt_consolidation,2,7,9,0.3188,0,0,1
CUST_101232,38,Working Age (25-55),Male,38300.0,6900,home_improvement,8,13,5,0.128,0,3,0
CUST_101233,70,Senior (>55),Female,260000.0,50000,home_improvement,7,26,9,0.1709,0,0,0
CUST_101234,30,Working Age (25-55),Female,26800.0,9700,credit_card,3,11,9,0.0489,0,0,0
CUST_101235,59,Senior (>55),Male,29900.0,8400,debt_consolidation,1,26,3,0.3225,0,0,0
CUST_101236,60,Senior (>55),Female,61600.0,17200,debt_consolidation,3,19,3,0.3217,0,0,0
CUST_101237,33,Working Age (25-55),Male,173600.0,50000,credit_card,4,12,11,0.2362,0,0,0
CUST_101238,46,Working Age (25-55),Female,34200.0,13300,debt_consolidation,28,23,9,0.2677,0,0,0
CUST_101239,59,Senior (>55),Female,46800.0,16800,credit_card,5,18,8,0.2294,0,0,0
CUST_101240,35,Working Age (25-55),Male,98000.0,39200,major_purchase,5,12,2,0.0447,0,0,0
CUST_101241,37,Working Age (25-55),Male,53600.0,14900,debt_consolidation,3,10,2,0.251,0,0,0
CUST_101242,33,Working Age (25-55),Male,45100.0,14400,credit_card,2,11,9,0.0795,1,0,0
CUST_101243,27,Working Age (25-55),Male,73900.0,29500,medical,8,7,8,0.1667,0,0,0
CUST_101244,32,Working Age (25-55),Male,62900.0,11400,small_business,3,14,8,0.2332,1,0,1
CUST_101245,25,Working Age (25-55),Female,95500.0,24400,small_business,7,9,5,0.4779,0,0,1
CUST_101246,40,Working Age (25-55),Female,110200.0,35000,small_business,3,11,7,0.1775,0,2,0
CUST_101247,30,Working Age (25-55),Female,64100.0,26900,debt_consolidation,0,13,10,0.1193,0,0,0
CUST_101248,42,Working Age (25-55),Male,63600.0,6700,small_business,5,15,7,0.2034,0,0,0
CUST_101249,21,Young (<25),Male,60900.0,10600,major_purchase,0,10,7,0.1798,0,0,0
CUST_101250,43,Working Age (25-55),Female,70900.0,12900,credit_card,1,11,6,0.04,0,0,0
CUST_101251,50,Working Age (25-55),Male,55800.0,12000,debt_consolidation,2,18,5,0.2977,0,1,1
CUST_101252,19,Young (<25),Male,54200.0,10800,debt_consolidation,1,8,5,0.3115,0,1,1
CUST_101253,44,Working Age (25-55),Female,104600.0,32100,debt_consolidation,3,14,7,0.04,0,0,0
CUST_101254,54,Working Age (25-55),Female,124700.0,50000,debt_consolidation,0,15,5,0.2907,0,1,1
CUST_101255,25,Working Age (25-55),Male,23600.0,7600,credit_card,4,8,5,0.1565,0,0,0
CUST_101256,60,Senior (>55),Male,54500.0,10100,credit_card,2,24,5,0.3603,0,0,0
CUST_101257,45,Working Age (25-55),Male,37100.0,14900,credit_card,12,19,5,0.4217,1,0,1
CUST_101258,31,Working Age (25-55),Female,45700.0,14700,debt_consolidation,3,9,5,0.3224,0,0,1
CUST_101259,39,Working Age (25-55),Male,67600.0,11900,home_improvement,6,9,12,0.304,1,0,1
CUST_101260,46,Working Age (25-55),Female,78300.0,17700,debt_consolidation,1,14,5,0.1837,0,1,0
CUST_101261,40,Working Age (25-55),Female,50900.0,19200,debt_consolidation,7,12,1,0.1929,0,2,0
CUST_101262,46,Working Age (25-55),Male,18900.0,6800,credit_card,6,17,6,0.2313,1,0,1
CUST_101263,28,Working Age (25-55),Female,31900.0,9600,debt_consolidation,10,9,10,0.0926,0,2,0
CUST_101264,42,Working Age (25-55),Male,88700.0,13400,debt_consolidation,0,12,5,0.1073,0,0,0
CUST_101265,23,Young (<25),Female,18000.0,6900,debt_consolidation,2,11,8,0.2638,1,0,0
CUST_101266,38,Working Age (25-55),Male,104100.0,21600,home_improvement,5,13,8,0.1294,0,0,0
CUST_101267,29,Working Age (25-55),Male,72200.0,26700,credit_card,0,11,7,0.1023,0,0,0
CUST_101268,31,Working Age (25-55),Female,111700.0,36500,debt_consolidation,2,5,6,0.2069,1,0,1
CUST_101269,54,Working Age (25-55),Male,48600.0,9400,debt_consolidation,14,11,7,0.3348,0,0,0
CUST_101270,53,Working Age (25-55),Female,18000.0,3100,credit_card,2,14,4,0.2601,0,0,0
CUST_101271,47,Working Age (25-55),Male,68600.0,10000,small_business,21,15,10,0.1572,0,0,0
CUST_101272,26,Working Age (25-55),Female,109200.0,20200,credit_card,0,10,10,0.1528,0,0,0
CUST_101273,36,Working Age (25-55),Female,90100.0,14000,home_improvement,6,5,10,0.2714,0,0,0
CUST_101274,54,Working Age (25-55),Female,37600.0,11900,credit_card,4,23,1,0.2085,0,0,0
CUST_101275,41,Working Age (25-55),Female,56800.0,17600,home_improvement,3,14,9,0.1845,0,0,0
CUST_101276,67,Senior (>55),Male,40400.0,12300,small_business,17,27,4,0.3655,0,1,0
CUST_101277,44,Working Age (25-55),Female,34500.0,11200,home_improvement,0,12,11,0.3348,0,0,1
CUST_101278,42,Working Age (25-55),Female,91600.0,35300,major_purchase,11,16,5,0.1562,0,0,0
CUST_101279,36,Working Age (25-55),Female,28000.0,11800,debt_consolidation,5,12,5,0.3832,0,0,1
CUST_101280,41,Working Age (25-55),Female,33100.0,6000,major_purchase,1,16,7,0.3837,0,0,1
CUST_101281,38,Working Age (25-55),Male,29500.0,9000,credit_card,11,12,9,0.428,1,0,1
CUST_101282,48,Working Age (25-55),Male,23900.0,3000,small_business,2,18,4,0.2057,0,0,1
CUST_101283,51,Working Age (25-55),Female,58700.0,8300,debt_consolidation,8,21,15,0.3813,1,0,1
CUST_101284,30,Working Age (25-55),Male,102600.0,33800,credit_card,2,8,6,0.2175,0,0,0
CUST_101285,24,Young (<25),Male,48900.0,13200,small_business,6,9,4,0.2018,0,1,0
CUST_101286,19,Young (<25),Female,23700.0,8700,debt_consolidation,1,1,3,0.4128,0,0,1
CUST_101287,46,Working Age (25-55),Male,86000.0,21400,credit_card,0,18,8,0.1196,1,0,0
CUST_101288,26,Working Age (25-55),Male,136900.0,19800,small_business,5,14,11,0.2247,0,0,0
CUST_101289,19,Young (<25),Male,38000.0,15400,debt_consolidation,1,2,7,0.1212,1,0,1
CUST_101290,44,Working Age (25-55),Male,41600.0,5400,debt_consolidation,2,15,7,0.341,0,0,0
CUST_101291,69,Senior (>55),Female,71900.0,11900,credit_card,0,26,9,0.2624,0,0,0
CUST_101292,39,Working Age (25-55),Male,132200.0,26000,credit_card,0,13,3,0.3462,0,0,0
CUST_101293,50,Working Age (25-55),Male,40700.0,18200,debt_consolidation,1,17,7,0.4537,0,0,1
CUST_101294,40,Working Age (25-55),Male,26000.0,6400,debt_consolidation,3,12,8,0.1165,0,1,0
CUST_101295,38,Working Age (25-55),Male,76700.0,21100,debt_consolidation,3,12,7,0.2155,0,0,0
CUST_101296,51,Working Age (25-55),Female,84100.0,31100,debt_consolidation,3,17,6,0.2436,0,0,0
CUST_101297,36,Working Age (25-55),Male,54400.0,17600,debt_consolidation,1,12,8,0.0977,0,2,0
CUST_101298,43,Working Age (25-55),Male,39900.0,15700,home_improvement,5,11,11,0.1791,0,1,1
CUST_101299,43,Working Age (25-55),Female,93600.0,25300,credit_card,6,14,9,0.1308,0,0,0
CUST_101300,31,Working Age (25-55),Female,72400.0,31900,home_improvement,2,15,7,0.3956,0,0,1
CUST_101301,51,Working Age (25-55),Male,35500.0,13400,debt_consolidation,10,16,8,0.3403,0,1,1
CUST_101302,37,Working Age (25-55),Female,55700.0,13400,credit_card,5,9,8,0.1646,0,0,0
CUST_101303,30,Working Age (25-55),Female,25800.0,6000,debt_consolidation,6,10,6,0.18,0,0,0
CUST_101304,46,Working Age (25-55),Female,79000.0,33600,small_business,1,13,3,0.1304,0,3,0
CUST_101305,29,Working Age (25-55),Female,46900.0,15900,home_improvement,0,6,7,0.3579,0,0,1
CUST_101306,40,Working Age (25-55),Female,42600.0,13500,small_business,10,14,6,0.1897,0,0,0
CUST_101307,39,Working Age (25-55),Female,53200.0,19400,debt_consolidation,8,11,7,0.2697,0,0,0
CUST_101308,53,Working Age (25-55),Female,55400.0,16400,home_improvement,0,16,7,0.3202,0,1,1
CUST_101309,45,Working Age (25-55),Male,88600.0,13800,credit_card,2,16,14,0.3633,0,0,0
CUST_101310,39,Working Age (25-55),Male,75000.0,15900,small_business,5,9,6,0.1638,0,1,0
CUST_101311,49,Working Age (25-55),Female,49700.0,14700,credit_card,5,11,7,0.2043,0,0,0
CUST_101312,56,Senior (>55),Female,82500.0,8800,credit_card,9,21,8,0.1441,0,0,0
CUST_101313,46,Working Age (25-55),Male,67500.0,17100,debt_consolidation,0,10,3,0.2316,0,2,1
CUST_101314,40,Working Age (25-55),Female,42800.0,15600,credit_card,2,11,4,0.2493,0,0,0
CUST_101315,24,Young (<25),Female,50600.0,8000,debt_consolidation,0,3,6,0.1986,0,1,1
CUST_101316,27,Working Age (25-55),Female,49900.0,6100,debt_consolidation,2,7,9,0.1844,0,1,0
CUST_101317,36,Working Age (25-55),Male,71500.0,28100,debt_consolidation,0,13,7,0.1061,0,0,1
CUST_101318,32,Working Age (25-55),Male,44300.0,14000,major_purchase,11,11,11,0.193,0,0,0
CUST_101319,37,Working Age (25-55),Male,43700.0,7100,debt_consolidation,3,20,6,0.1813,0,0,0
CUST_101320,40,Working Age (25-55),Male,160000.0,50000,small_business,9,17,4,0.04,0,0,0
CUST_101321,46,Working Age (25-55),Male,90800.0,30000,major_purchase,0,13,8,0.307,1,0,1
CUST_101322,39,Working Age (25-55),Female,35700.0,7700,major_purchase,1,10,9,0.0626,1,0,0
CUST_101323,45,Working Age (25-55),Male,74200.0,17200,small_business,1,23,9,0.3504,0,1,1
CUST_101324,40,Working Age (25-55),Female,57800.0,8900,small_business,2,17,6,0.2803,0,0,0
CUST_101325,19,Young (<25),Male,67200.0,26400,debt_consolidation,1,8,9,0.3521,0,1,1
CUST_101326,28,Working Age (25-55),Male,58400.0,16200,debt_consolidation,2,10,6,0.3559,0,3,1
CUST_101327,38,Working Age (25-55),Male,104200.0,30700,credit_card,1,14,6,0.1481,1,3,1
CUST_101328,25,Working Age (25-55),Female,65500.0,26800,credit_card,0,4,8,0.0757,0,1,0
CUST_101329,47,Working Age (25-55),Female,52400.0,5500,debt_consolidation,0,16,8,0.2761,1,1,1
CUST_101330,58,Senior (>55),Male,96100.0,11900,credit_card,7,20,15,0.3515,0,1,0
CUST_101331,54,Working Age (25-55),Male,61600.0,9600,credit_card,2,16,7,0.1734,0,0,0
CUST_101332,37,Working Age (25-55),Male,57900.0,6400,small_business,6,11,10,0.2046,0,0,0
CUST_101333,57,Senior (>55),Female,64400.0,21300,credit_card,5,24,8,0.2212,1,0,0
CUST_101334,41,Working Age (25-55),Male,51500.0,16600,credit_card,0,13,3,0.1282,0,0,0
CUST_101335,35,Working Age (25-55),Male,54500.0,9500,debt_consolidation,0,18,7,0.0692,0,0,0
CUST_101336,32,Working Age (25-55),Male,39200.0,6000,credit_card,7,5,1,0.3155,0,0,1
CUST_101337,36,Working Age (25-55),Male,35800.0,5400,major_purchase,6,11,7,0.2052,0,2,0
CUST_101338,35,Working Age (25-55),Male,31300.0,13600,debt_consolidation,2,7,4,0.1939,0,0,0
CUST_101339,42,Working Age (25-55),Male,25200.0,8600,debt_consolidation,0,11,9,0.2603,0,0,1
CUST_101340,41,Working Age (25-55),Male,33400.0,10200,credit_card,0,11,8,0.1826,0,1,1
CUST_101341,40,Working Age (25-55),Male,49200.0,10500,debt_consolidation,1,14,3,0.04,0,0,0
CUST_101342,45,Working Age (25-55),Female,57300.0,14400,debt_consolidation,0,16,8,0.3501,0,0,1
CUST_101343,54,Working Age (25-55),Female,46700.0,6100,debt_consolidation,1,16,10,0.0892,0,0,0
CUST_101344,51,Working Age (25-55),Male,18000.0,8100,debt_consolidation,2,11,3,0.5398,1,0,1
CUST_101345,22,Young (<25),Male,128800.0,46900,debt_consolidation,0,12,6,0.413,1,0,1
CUST_101346,19,Young (<25),Male,98500.0,31300,small_business,0,5,9,0.1549,1,0,1
CUST_101347,51,Working Age (25-55),Male,69200.0,21200,credit_card,11,14,6,0.1661,0,1,0
CUST_101348,23,Young (<25),Female,154700.0,42800,debt_consolidation,4,8,7,0.1641,1,0,0
CUST_101349,37,Working Age (25-55),Male,31600.0,6000,debt_consolidation,13,13,6,0.1123,1,0,1
CUST_101350,25,Working Age (25-55),Male,153000.0,27400,debt_consolidation,2,7,11,0.2246,0,0,0
CUST_101351,19,Young (<25),Female,31900.0,9300,major_purchase,1,7,7,0.1656,0,0,0
CUST_101352,46,Working Age (25-55),Female,61800.0,7700,debt_consolidation,1,12,3,0.2919,0,0,0
CUST_101353,49,Working Age (25-55),Male,26900.0,3400,medical,4,19,8,0.0499,0,0,0
CUST_101354,33,Working Age (25-55),Female,54600.0,16200,debt_consolidation,0,8,5,0.2107,0,0,0
CUST_101355,19,Young (<25),Male,67000.0,28300,small_business,0,4,6,0.0526,1,0,1
CUST_101356,33,Working Age (25-55),Female,49800.0,20900,debt_consolidation,13,13,5,0.288,0,0,0
CUST_101357,44,Working Age (25-55),Male,80200.0,8300,debt_consolidation,4,19,8,0.2769,0,0,0
CUST_101358,22,Young (<25),Male,57200.0,7900,debt_consolidation,4,12,2,0.169,0,1,0
CUST_101359,42,Working Age (25-55),Male,40600.0,12300,credit_card,2,17,6,0.4623,0,0,1
CUST_101360,39,Working Age (25-55),Female,39700.0,15800,debt_consolidation,1,12,7,0.1528,0,0,0
CUST_101361,46,Working Age (25-55),Male,84600.0,36700,debt_consolidation,2,11,7,0.2479,0,0,1
CUST_101362,41,Working Age (25-55),Female,37800.0,15200,home_improvement,6,18,2,0.1125,0,0,0
CUST_101363,28,Working Age (25-55),Female,89600.0,30200,debt_consolidation,4,13,3,0.3403,0,0,1
CUST_101364,54,Working Age (25-55),Male,106100.0,18100,debt_consolidation,12,16,5,0.1664,0,0,0
CUST_101365,38,Working Age (25-55),Male,21600.0,2700,small_business,0,16,8,0.2344,0,0,0
CUST_101366,39,Working Age (25-55),Male,101000.0,11800,credit_card,6,12,13,0.2283,0,0,0
CUST_101367,28,Working Age (25-55),Female,168300.0,50000,small_business,2,14,8,0.2053,0,0,0
CUST_101368,34,Working Age (25-55),Female,62200.0,7000,debt_consolidation,0,10,10,0.2464,0,0,0
CUST_101369,29,Working Age (25-55),Female,75300.0,27000,debt_consolidation,3,16,9,0.2078,0,0,0
CUST_101370,37,Working Age (25-55),Male,95800.0,33500,debt_consolidation,3,15,3,0.3831,1,0,1
CUST_101371,60,Senior (>55),Male,46600.0,6000,major_purchase,0,26,9,0.1043,0,0,0
CUST_101372,23,Young (<25),Male,59900.0,25000,small_business,1,6,6,0.1,0,0,0
CUST_101373,20,Young (<25),Male,26300.0,7400,medical,2,8,5,0.2499,0,0,1
CUST_101374,57,Senior (>55),Female,58500.0,24400,debt_consolidation,2,17,9,0.1938,0,0,0
CUST_101375,37,Working Age (25-55),Female,71300.0,29600,home_improvement,1,15,7,0.253,0,0,1
CUST_101376,31,Working Age (25-55),Female,72000.0,12200,debt_consolidation,0,13,8,0.0747,0,0,0
CUST_101377,52,Working Age (25-55),Female,97300.0,22700,credit_card,0,25,8,0.1905,1,2,0
CUST_101378,32,Working Age (25-55),Female,35400.0,5200,small_business,14,12,9,0.3113,0,0,0
CUST_101379,61,Senior (>55),Male,40400.0,15000,debt_consolidation,14,23,5,0.1688,0,0,0
CUST_101380,48,Working Age (25-55),Female,153700.0,42500,debt_consolidation,3,15,5,0.2149,1,0,0
CUST_101381,34,Working Age (25-55),Male,49900.0,21200,debt_consolidation,16,13,3,0.1739,0,1,0
CUST_101382,65,Senior (>55),Female,60500.0,10500,home_improvement,5,21,7,0.3278,0,0,0
CUST_101383,32,Working Age (25-55),Male,52200.0,17800,debt_consolidation,0,11,8,0.2178,0,0,0
CUST_101384,48,Working Age (25-55),Male,34500.0,15400,debt_consolidation,0,17,3,0.0725,1,0,0
CUST_101385,43,Working Age (25-55),Male,132300.0,44000,medical,12,13,10,0.2025,0,0,0
CUST_101386,55,Working Age (25-55),Female,40500.0,5000,debt_consolidation,4,19,2,0.178,1,0,0
CUST_101387,58,Senior (>55),Male,29100.0,8900,debt_consolidation,9,19,5,0.268,0,0,0
CUST_101388,40,Working Age (25-55),Male,42300.0,6900,credit_card,11,12,7,0.2166,0,1,0
CUST_101389,30,Working Age (25-55),Female,18000.0,2000,home_improvement,2,13,8,0.1536,0,0,0
CUST_101390,45,Working Age (25-55),Female,37900.0,8200,debt_consolidation,0,16,7,0.2882,0,0,0
CUST_101391,31,Working Age (25-55),Female,31800.0,6100,credit_card,1,11,6,0.174,0,0,0
CUST_101392,64,Senior (>55),Male,76100.0,28600,debt_consolidation,0,18,6,0.0757,0,0,0
CUST_101393,41,Working Age (25-55),Male,37400.0,8600,credit_card,1,15,6,0.312,0,0,1
CUST_101394,35,Working Age (25-55),Male,88300.0,31500,debt_consolidation,2,13,9,0.1759,0,0,0
CUST_101395,42,Working Age (25-55),Female,116900.0,12400,debt_consolidation,0,13,8,0.1127,0,1,0
CUST_101396,23,Young (<25),Female,83300.0,8800,credit_card,0,14,10,0.1339,0,0,0
CUST_101397,28,Working Age (25-55),Male,48100.0,5300,major_purchase,2,2,8,0.0945,0,0,0
CUST_101398,54,Working Age (25-55),Female,58500.0,10300,home_improvement,2,21,8,0.1876,1,0,1
CUST_101399,32,Working Age (25-55),Male,23400.0,5400,major_purchase,3,13,6,0.0732,0,2,0
CUST_101400,27,Working Age (25-55),Male,50300.0,15700,credit_card,2,11,7,0.0525,0,0,0
CUST_101401,46,Working Age (25-55),Female,33800.0,15000,debt_consolidation,5,16,6,0.3724,0,1,1
CUST_101402,54,Working Age (25-55),Male,79400.0,17800,debt_consolidation,13,20,11,0.1503,0,1,0
CUST_101403,48,Working Age (25-55),Female,223000.0,26600,major_purchase,0,19,6,0.1862,0,0,0
CUST_101404,51,Working Age (25-55),Male,71300.0,12000,credit_card,0,15,9,0.3512,0,0,0
CUST_101405,30,Working Age (25-55),Female,18100.0,7500,medical,9,11,7,0.0891,0,0,0
CUST_101406,22,Young (<25),Male,44400.0,15300,debt_consolidation,3,7,13,0.2167,0,2,1
CUST_101407,58,Senior (>55),Female,58000.0,21800,debt_consolidation,7,17,5,0.2802,0,0,0
CUST_101408,36,Working Age (25-55),Female,56800.0,8100,debt_consolidation,1,14,8,0.2934,0,1,1
CUST_101409,36,Working Age (25-55),Male,36200.0,5300,debt_consolidation,8,10,7,0.2259,0,0,0
CUST_101410,55,Working Age (25-55),Female,62000.0,8600,debt_consolidation,12,14,5,0.2454,0,0,0
CUST_101411,46,Working Age (25-55),Male,27400.0,11000,debt_consolidation,5,14,9,0.04,0,0,0
CUST_101412,45,Working Age (25-55),Female,32200.0,5600,credit_card,0,13,7,0.3313,0,0,1
CUST_101413,65,Senior (>55),Male,77300.0,25100,debt_consolidation,11,25,6,0.1966,0,0,1
CUST_101414,32,Working Age (25-55),Female,31000.0,8700,debt_consolidation,7,11,4,0.2547,0,0,0
CUST_101415,51,Working Age (25-55),Male,72800.0,21200,home_improvement,6,21,4,0.0971,1,0,0
CUST_101416,40,Working Age (25-55),Female,25500.0,4300,credit_card,0,12,11,0.1701,0,0,0
CUST_101417,43,Working Age (25-55),Female,143000.0,46100,credit_card,8,17,5,0.1843,0,0,0
CUST_101418,58,Senior (>55),Female,35400.0,4100,credit_card,0,28,6,0.1611,0,0,0
CUST_101419,46,Working Age (25-55),Male,47900.0,21400,small_business,1,17,9,0.0937,0,0,0
CUST_101420,46,Working Age (25-55),Female,65000.0,7100,credit_card,4,18,1,0.165,0,0,0
CUST_101421,52,Working Age (25-55),Male,39700.0,4700,major_purchase,1,20,3,0.1612,1,2,1
CUST_101422,35,Working Age (25-55),Male,58600.0,12500,credit_card,5,7,4,0.1213,0,0,0
CUST_101423,29,Working Age (25-55),Female,74300.0,29100,debt_consolidation,4,11,8,0.1872,0,2,1
CUST_101424,27,Working Age (25-55),Male,91900.0,17500,debt_consolidation,0,10,6,0.1687,1,2,1
CUST_101425,19,Young (<25),Female,83700.0,22200,credit_card,1,5,6,0.4196,0,0,1
CUST_101426,64,Senior (>55),Female,49300.0,5200,credit_card,12,19,7,0.3047,0,1,0
CUST_101427,26,Working Age (25-55),Male,50000.0,6400,credit_card,0,11,9,0.1641,0,0,0
CUST_101428,37,Working Age (25-55),Male,197200.0,50000,debt_consolidation,4,10,10,0.0783,0,0,0
CUST_101429,36,Working Age (25-55),Male,91300.0,15300,credit_card,2,19,7,0.1583,1,2,0
CUST_101430,43,Working Age (25-55),Female,32600.0,11200,home_improvement,3,15,7,0.3093,0,1,1
CUST_101431,49,Working Age (25-55),Female,57200.0,21400,credit_card,1,13,12,0.1941,0,0,0
CUST_101432,50,Working Age (25-55),Female,45100.0,17900,credit_card,2,15,13,0.2864,0,0,1
CUST_101433,33,Working Age (25-55),Male,50300.0,7400,medical,0,10,5,0.1356,1,0,0
CUST_101434,37,Working Age (25-55),Male,27600.0,7200,debt_consolidation,19,20,7,0.1226,0,1,0
CUST_101435,43,Working Age (25-55),Male,43200.0,18600,debt_consolidation,4,12,4,0.1408,0,0,0
CUST_101436,37,Working Age (25-55),Female,146700.0,50000,small_business,3,12,6,0.2646,0,0,0
CUST_101437,59,Senior (>55),Female,74500.0,10500,debt_consolidation,2,19,7,0.112,0,0,0
CUST_101438,45,Working Age (25-55),Female,18000.0,5000,home_improvement,3,17,9,0.3322,0,0,0
CUST_101439,48,Working Age (25-55),Female,105800.0,44700,debt_consolidation,2,15,2,0.4109,1,1,1
CUST_101440,47,Working Age (25-55),Female,98600.0,25000,debt_consolidation,2,13,4,0.1844,0,3,0
CUST_101441,54,Working Age (25-55),Male,44500.0,17500,debt_consolidation,3,18,5,0.3115,0,1,1
CUST_101442,42,Working Age (25-55),Male,80400.0,22000,debt_consolidation,1,13,9,0.2522,1,1,1
CUST_101443,24,Young (<25),Male,33800.0,4600,debt_consolidation,0,6,7,0.1501,0,0,0
CUST_101444,44,Working Age (25-55),Female,41800.0,6300,debt_consolidation,4,13,6,0.2439,0,1,0
CUST_101445,32,Working Age (25-55),Female,123500.0,14400,home_improvement,9,14,2,0.3875,1,2,1
CUST_101446,33,Working Age (25-55),Male,46700.0,7900,home_improvement,0,10,6,0.2837,0,0,0
CUST_101447,47,Working Age (25-55),Female,19400.0,8000,home_improvement,0,13,8,0.3373,1,0,1
CUST_101448,54,Working Age (25-55),Male,52300.0,17100,small_business,1,17,6,0.2221,0,1,1
CUST_101449,40,Working Age (25-55),Male,51900.0,18600,debt_consolidation,19,14,3,0.109,0,0,0
CUST_101450,43,Working Age (25-55),Female,104700.0,33200,small_business,8,11,8,0.1543,0,1,0
CUST_101451,60,Senior (>55),Male,54600.0,12800,credit_card,4,25,10,0.255,0,0,0
CUST_101452,42,Working Age (25-55),Female,43000.0,7600,credit_card,13,17,2,0.4395,0,0,0
CUST_101453,71,Senior (>55),Male,96300.0,40800,home_improvement,2,29,7,0.3049,0,2,1
CUST_101454,46,Working Age (25-55),Male,57900.0,16200,debt_consolidation,20,17,4,0.2148,0,2,0
CUST_101455,19,Young (<25),Female,35900.0,9600,home_improvement,1,1,5,0.1765,0,3,1
CUST_101456,49,Working Age (25-55),Female,102300.0,45900,debt_consolidation,1,21,6,0.2502,0,2,1
CUST_101457,44,Working Age (25-55),Male,60300.0,14100,debt_consolidation,5,12,15,0.1773,1,0,1
CUST_101458,55,Working Age (25-55),Male,54300.0,21700,debt_consolidation,2,16,6,0.189,0,0,0
CUST_101459,48,Working Age (25-55),Female,59700.0,24000,debt_consolidation,4,17,4,0.04,0,1,0
CUST_101460,38,Working Age (25-55),Male,30100.0,5500,small_business,1,17,6,0.231,0,0,0
CUST_101461,25,Working Age (25-55),Female,40500.0,5400,medical,4,11,15,0.173,0,0,0
CUST_101462,37,Working Age (25-55),Female,54300.0,24000,debt_consolidation,1,15,6,0.3418,0,0,1
CUST_101463,29,Working Age (25-55),Female,48700.0,12100,debt_consolidation,0,9,13,0.2172,0,0,0
CUST_101464,33,Working Age (25-55),Female,109100.0,11000,debt_consolidation,12,10,9,0.1371,0,0,0
CUST_101465,47,Working Age (25-55),Female,61100.0,16800,small_business,10,17,9,0.1592,0,0,0
CUST_101466,60,Senior (>55),Male,86700.0,27500,debt_consolidation,17,20,7,0.4696,1,0,1
CUST_101467,44,Working Age (25-55),Female,54500.0,20300,major_purchase,6,18,7,0.3043,0,1,1
CUST_101468,25,Working Age (25-55),Female,96900.0,41700,credit_card,5,11,8,0.1931,0,0,0
CUST_101469,45,Working Age (25-55),Female,67400.0,28300,small_business,4,17,4,0.2757,0,0,0
CUST_101470,54,Working Age (25-55),Male,54600.0,23400,credit_card,0,11,10,0.2293,0,3,1
CUST_101471,32,Working Age (25-55),Male,53800.0,6000,credit_card,1,11,9,0.305,1,0,1
CUST_101472,38,Working Age (25-55),Female,32100.0,11200,credit_card,1,12,10,0.1543,0,0,0
CUST_101473,40,Working Age (25-55),Female,71600.0,12800,small_business,11,14,8,0.3512,0,0,0
CUST_101474,30,Working Age (25-55),Female,53000.0,8800,small_business,0,8,7,0.4283,1,1,1
CUST_101475,47,Working Age (25-55),Female,41100.0,15600,credit_card,12,12,7,0.2031,0,0,0
CUST_101476,38,Working Age (25-55),Female,99600.0,24500,credit_card,3,14,12,0.1124,0,0,0
CUST_101477,45,Working Age (25-55),Female,27200.0,11400,major_purchase,6,14,8,0.3646,0,1,1
CUST_101478,29,Working Age (25-55),Female,42900.0,4900,major_purchase,0,11,7,0.1857,0,0,0
CUST_101479,34,Working Age (25-55),Male,95300.0,36300,credit_card,1,9,8,0.2237,0,0,1
CUST_101480,48,Working Age (25-55),Female,64400.0,9500,debt_consolidation,15,21,9,0.2049,0,0,0
CUST_101481,35,Working Age (25-55),Male,52800.0,8500,debt_consolidation,1,15,7,0.2287,0,0,0
CUST_101482,60,Senior (>55),Male,62200.0,16600,small_business,1,21,12,0.324,0,1,1
CUST_101483,35,Working Age (25-55),Male,59800.0,14300,debt_consolidation,1,11,5,0.4672,1,0,1
CUST_101484,42,Working Age (25-55),Female,23500.0,6300,debt_consolidation,0,17,9,0.2688,0,0,0
CUST_101485,51,Working Age (25-55),Female,44700.0,19200,debt_consolidation,1,19,2,0.1786,0,0,0
CUST_101486,22,Young (<25),Female,131800.0,43500,credit_card,4,8,21,0.4352,1,0,1
CUST_101487,19,Young (<25),Male,37700.0,7600,credit_card,1,9,6,0.15,0,1,0
CUST_101488,21,Young (<25),Female,45500.0,7300,debt_consolidation,3,11,12,0.1644,0,0,0
CUST_101489,55,Working Age (25-55),Male,40200.0,9900,debt_consolidation,0,15,7,0.4223,0,2,1
CUST_101490,33,Working Age (25-55),Male,51600.0,13300,home_improvement,8,8,7,0.0816,0,0,0
CUST_101491,70,Senior (>55),Female,39300.0,12200,major_purchase,7,22,4,0.2416,0,0,0
CUST_101492,33,Working Age (25-55),Male,70800.0,13700,debt_consolidation,0,7,4,0.1093,0,2,0
CUST_101493,42,Working Age (25-55),Female,60400.0,22300,debt_consolidation,2,14,11,0.1199,0,2,0
CUST_101494,58,Senior (>55),Female,82900.0,11100,credit_card,0,22,10,0.3958,1,0,1
CUST_101495,64,Senior (>55),Female,30400.0,9000,home_improvement,7,22,7,0.2181,0,0,0
CUST_101496,64,Senior (>55),Female,44900.0,14300,home_improvement,6,20,4,0.47,0,0,1
CUST_101497,54,Working Age (25-55),Male,47900.0,8300,home_improvement,11,22,8,0.2547,0,0,0
CUST_101498,52,Working Age (25-55),Female,69600.0,27100,small_business,1,18,8,0.1839,0,1,0
CUST_101499,47,Working Age (25-55),Female,35000.0,11000,debt_consolidation,3,17,7,0.047,0,1,0
CUST_101500,49,Working Age (25-55),Male,89600.0,29200,debt_consolidation,1,20,6,0.2299,1,0,1
CUST_101501,33,Working Age (25-55),Male,104000.0,28500,credit_card,2,11,4,0.1081,0,0,0
CUST_101502,30,Working Age (25-55),Female,31400.0,13100,small_business,3,16,4,0.2887,0,1,1
CUST_101503,39,Working Age (25-55),Male,41400.0,14200,credit_card,0,12,6,0.1813,0,1,1
CUST_101504,37,Working Age (25-55),Male,40400.0,9400,medical,6,18,8,0.1656,0,1,1
CUST_101505,34,Working Age (25-55),Female,230500.0,42300,home_improvement,3,8,9,0.2612,0,0,0
CUST_101506,48,Working Age (25-55),Female,42800.0,5300,home_improvement,8,18,6,0.1672,0,0,0
CUST_101507,51,Working Age (25-55),Female,136300.0,21500,debt_consolidation,1,15,12,0.1206,0,0,0
CUST_101508,41,Working Age (25-55),Male,27000.0,12100,debt_consolidation,11,17,6,0.2165,0,0,0
CUST_101509,57,Senior (>55),Male,31400.0,7600,home_improvement,30,18,9,0.077,0,0,0
CUST_101510,26,Working Age (25-55),Male,37100.0,15400,debt_consolidation,8,9,4,0.1889,0,0,0
CUST_101511,37,Working Age (25-55),Male,34000.0,5400,debt_consolidation,7,10,5,0.1468,0,3,0
CUST_101512,31,Working Age (25-55),Female,46800.0,11600,major_purchase,8,13,9,0.2852,0,0,0
CUST_101513,19,Young (<25),Female,36700.0,16000,small_business,1,4,4,0.0776,0,0,0
CUST_101514,39,Working Age (25-55),Female,34500.0,4600,debt_consolidation,1,18,6,0.2097,0,0,0
CUST_101515,38,Working Age (25-55),Male,102500.0,31600,home_improvement,5,10,10,0.276,0,0,0
CUST_101516,58,Senior (>55),Male,106200.0,44800,debt_consolidation,6,16,7,0.1613,0,2,1
CUST_101517,47,Working Age (25-55),Female,91300.0,39500,debt_consolidation,21,19,7,0.1902,0,0,0
CUST_101518,27,Working Age (25-55),Male,72300.0,28600,credit_card,3,7,11,0.3345,0,0,1
CUST_101519,62,Senior (>55),Female,57000.0,22800,home_improvement,1,21,11,0.1981,0,0,0
CUST_101520,54,Working Age (25-55),Female,41200.0,13500,debt_consolidation,5,17,6,0.4412,0,3,1
CUST_101521,46,Working Age (25-55),Female,32100.0,5700,debt_consolidation,19,12,5,0.4181,0,0,0
CUST_101522,37,Working Age (25-55),Female,66100.0,23500,debt_consolidation,0,12,6,0.2084,0,0,0
CUST_101523,28,Working Age (25-55),Female,28400.0,12600,medical,1,13,14,0.0947,0,0,0
CUST_101524,35,Working Age (25-55),Female,31400.0,8900,credit_card,3,15,8,0.3267,0,0,1
CUST_101525,53,Working Age (25-55),Female,102100.0,19500,debt_consolidation,0,19,8,0.4118,0,0,0
CUST_101526,62,Senior (>55),Female,154100.0,46300,debt_consolidation,0,25,9,0.2303,0,0,0
CUST_101527,58,Senior (>55),Male,67300.0,23000,credit_card,2,17,4,0.3165,0,0,1
CUST_101528,34,Working Age (25-55),Female,99600.0,17200,credit_card,10,10,10,0.1972,0,0,0
CUST_101529,26,Working Age (25-55),Male,47300.0,16600,home_improvement,0,10,2,0.2846,1,0,1
CUST_101530,41,Working Age (25-55),Female,26000.0,7900,debt_consolidation,2,13,6,0.1381,0,0,0
CUST_101531,19,Young (<25),Female,75900.0,23900,medical,1,5,6,0.0917,0,0,0
CUST_101532,43,Working Age (25-55),Female,74100.0,15300,debt_consolidation,15,11,8,0.5102,0,0,1
CUST_101533,38,Working Age (25-55),Female,56400.0,8700,debt_consolidation,20,7,9,0.4482,1,0,1
CUST_101534,34,Working Age (25-55),Male,47400.0,15100,debt_consolidation,2,14,8,0.2206,0,0,0
CUST_101535,20,Young (<25),Female,92000.0,28100,credit_card,2,7,12,0.2316,0,0,0
CUST_101536,46,Working Age (25-55),Male,31500.0,6900,major_purchase,0,18,8,0.1422,0,0,1
CUST_101537,33,Working Age (25-55),Male,35400.0,7200,home_improvement,6,10,7,0.2562,0,0,0
CUST_101538,25,Working Age (25-55),Male,31100.0,6900,credit_card,5,6,8,0.04,0,0,1
CUST_101539,19,Young (<25),Male,56800.0,15400,debt_consolidation,1,6,8,0.3211,1,0,1
CUST_101540,39,Working Age (25-55),Male,29800.0,13100,debt_consolidation,3,16,5,0.126,0,0,0
CUST_101541,61,Senior (>55),Female,37200.0,13700,credit_card,0,20,7,0.18,0,0,0
CUST_101542,59,Senior (>55),Male,36700.0,14600,home_improvement,10,23,9,0.1153,0,0,0
CUST_101543,34,Working Age (25-55),Female,46900.0,13000,home_improvement,2,8,4,0.1379,0,2,0
CUST_101544,32,Working Age (25-55),Female,23900.0,6800,debt_consolidation,4,10,8,0.1344,0,0,0
CUST_101545,45,Working Age (25-55),Female,56800.0,9700,debt_consolidation,0,15,4,0.2452,0,0,0
CUST_101546,28,Working Age (25-55),Male,107600.0,37900,debt_consolidation,1,13,6,0.2154,0,0,0
CUST_101547,43,Working Age (25-55),Male,58400.0,14500,major_purchase,24,15,8,0.3131,0,0,0
CUST_101548,49,Working Age (25-55),Female,126500.0,45500,credit_card,6,22,4,0.3747,1,0,1
CUST_101549,54,Working Age (25-55),Male,112800.0,27400,debt_consolidation,16,14,5,0.2797,0,0,0
CUST_101550,38,Working Age (25-55),Female,83100.0,11500,debt_consolidation,1,13,15,0.1092,0,0,0
CUST_101551,37,Working Age (25-55),Female,56400.0,9100,debt_consolidation,0,13,7,0.1008,0,0,0
CUST_101552,29,Working Age (25-55),Female,54900.0,21100,credit_card,3,12,8,0.1049,0,0,0
CUST_101553,30,Working Age (25-55),Female,82500.0,15700,home_improvement,3,8,8,0.2732,0,0,1
CUST_101554,37,Working Age (25-55),Female,43700.0,8400,medical,0,18,3,0.4479,0,0,1
CUST_101555,44,Working Age (25-55),Male,19200.0,8200,credit_card,6,15,6,0.2649,0,0,0
CUST_101556,50,Working Age (25-55),Male,71000.0,23400,debt_consolidation,2,14,5,0.203,0,0,0
CUST_101557,30,Working Age (25-55),Female,29100.0,4100,credit_card,1,10,6,0.246,0,1,1
CUST_101558,57,Senior (>55),Male,31900.0,4800,home_improvement,2,19,6,0.1376,0,1,0
CUST_101559,36,Working Age (25-55),Male,54200.0,10600,debt_consolidation,4,20,7,0.1857,0,0,0
CUST_101560,39,Working Age (25-55),Male,51400.0,15800,small_business,6,16,10,0.2899,0,0,0
CUST_101561,31,Working Age (25-55),Male,24900.0,9000,small_business,3,10,5,0.2139,0,3,1
CUST_101562,19,Young (<25),Female,59300.0,11600,credit_card,1,6,8,0.1445,0,1,0
CUST_101563,50,Working Age (25-55),Male,92200.0,37300,credit_card,0,20,6,0.1682,0,0,0
CUST_101564,48,Working Age (25-55),Male,29100.0,4000,home_improvement,12,19,10,0.3671,1,0,1
CUST_101565,36,Working Age (25-55),Female,109100.0,18800,credit_card,13,3,10,0.1039,0,0,0
CUST_101566,40,Working Age (25-55),Female,23000.0,10100,debt_consolidation,5,15,10,0.2555,0,0,0
CUST_101567,46,Working Age (25-55),Male,173600.0,25500,debt_consolidation,0,16,12,0.114,1,1,0
CUST_101568,21,Young (<25),Female,43200.0,17700,debt_consolidation,3,3,8,0.118,0,0,0
CUST_101569,33,Working Age (25-55),Male,58700.0,20300,home_improvement,4,14,2,0.1444,1,0,1
CUST_101570,49,Working Age (25-55),Female,19100.0,2400,debt_consolidation,26,23,8,0.2008,0,1,0
CUST_101571,24,Young (<25),Male,52400.0,14100,credit_card,6,10,13,0.103,0,1,0
CUST_101572,43,Working Age (25-55),Female,61400.0,17300,home_improvement,9,18,8,0.1495,0,1,0
CUST_101573,23,Young (<25),Male,51700.0,22000,debt_consolidation,0,13,5,0.2962,0,1,1
CUST_101574,45,Working Age (25-55),Male,39700.0,9800,home_improvement,15,13,14,0.291,0,0,0
CUST_101575,39,Working Age (25-55),Female,32200.0,8300,debt_consolidation,4,8,7,0.1576,0,1,0
CUST_101576,20,Young (<25),Male,100900.0,14100,debt_consolidation,2,8,8,0.1725,0,0,0
CUST_101577,53,Working Age (25-55),Female,55100.0,17800,debt_consolidation,2,17,11,0.3312,1,1,1
CUST_101578,31,Working Age (25-55),Female,126400.0,22000,medical,1,6,5,0.3278,1,1,1
CUST_101579,30,Working Age (25-55),Female,40600.0,5200,home_improvement,3,10,7,0.2601,0,0,0
CUST_101580,42,Working Age (25-55),Male,42700.0,19200,debt_consolidation,0,16,5,0.2725,0,0,1
CUST_101581,53,Working Age (25-55),Female,84800.0,16500,major_purchase,2,18,7,0.1055,0,0,0
CUST_101582,27,Working Age (25-55),Female,22200.0,3300,home_improvement,9,7,3,0.2133,0,0,0
CUST_101583,40,Working Age (25-55),Female,27800.0,9600,debt_consolidation,0,13,10,0.1714,0,0,0
CUST_101584,45,Working Age (25-55),Male,99100.0,38400,debt_consolidation,0,15,10,0.2283,0,0,0
CUST_101585,48,Working Age (25-55),Male,28400.0,3500,debt_consolidation,0,11,5,0.2236,0,0,0
CUST_101586,42,Working Age (25-55),Female,19900.0,2700,credit_card,2,14,9,0.0562,0,1,0
CUST_101587,35,Working Age (25-55),Female,151400.0,19900,credit_card,17,8,8,0.04,0,0,0
CUST_101588,30,Working Age (25-55),Male,25200.0,2900,debt_consolidation,0,12,6,0.3267,0,0,1
CUST_101589,41,Working Age (25-55),Female,59900.0,19800,debt_consolidation,0,9,5,0.3149,0,0,1
CUST_101590,27,Working Age (25-55),Male,56300.0,17200,debt_consolidation,9,12,4,0.2472,0,2,0
CUST_101591,19,Young (<25),Male,18000.0,6000,debt_consolidation,1,5,5,0.3082,0,0,0
CUST_101592,45,Working Age (25-55),Male,46800.0,13000,credit_card,0,14,7,0.3631,0,0,1
CUST_101593,50,Working Age (25-55),Female,69300.0,26800,debt_consolidation,6,18,3,0.3592,1,0,1
CUST_101594,19,Young (<25),Male,65800.0,19200,credit_card,1,4,3,0.214,0,1,1
CUST_101595,27,Working Age (25-55),Male,89000.0,37500,major_purchase,7,10,10,0.3454,0,0,1
CUST_101596,47,Working Age (25-55),Male,43800.0,11800,debt_consolidation,3,14,8,0.197,0,1,0
CUST_101597,64,Senior (>55),Female,80200.0,30200,debt_consolidation,23,20,4,0.3046,0,0,0
CUST_101598,40,Working Age (25-55),Female,37100.0,9000,debt_consolidation,0,15,11,0.1696,0,0,0
CUST_101599,31,Working Age (25-55),Female,24900.0,6300,credit_card,1,7,4,0.1763,0,2,1
CUST_101600,37,Working Age (25-55),Male,26500.0,10500,home_improvement,2,9,10,0.351,1,0,1
CUST_101601,56,Senior (>55),Male,24200.0,3300,credit_card,2,20,8,0.1365,0,2,0
CUST_101602,32,Working Age (25-55),Female,94400.0,28100,credit_card,12,11,7,0.156,0,2,0
CUST_101603,30,Working Age (25-55),Female,23600.0,8400,debt_consolidation,4,11,9,0.0974,0,0,0
CUST_101604,34,Working Age (25-55),Female,63000.0,22800,debt_consolidation,0,12,6,0.1989,0,0,0
CUST_101605,28,Working Age (25-55),Male,46800.0,14400,debt_consolidation,2,9,3,0.2203,0,0,1
CUST_101606,41,Working Age (25-55),Male,51200.0,13100,credit_card,2,16,2,0.0553,0,1,0
CUST_101607,59,Senior (>55),Female,114700.0,21900,debt_consolidation,16,20,3,0.2867,1,0,0
CUST_101608,43,Working Age (25-55),Female,42600.0,17800,home_improvement,4,9,7,0.2981,1,0,1
CUST_101609,36,Working Age (25-55),Female,75800.0,17400,credit_card,5,7,10,0.095,0,1,0
CUST_101610,36,Working Age (25-55),Male,55300.0,21000,debt_consolidation,6,18,11,0.2534,0,0,0
CUST_101611,21,Young (<25),Male,49800.0,5500,credit_card,3,7,3,0.2668,0,0,0
CUST_101612,50,Working Age (25-55),Male,191900.0,34800,medical,5,20,5,0.2565,0,0,0
CUST_101613,39,Working Age (25-55),Female,24500.0,5400,debt_consolidation,1,12,5,0.2887,0,0,1
CUST_101614,37,Working Age (25-55),Male,110100.0,36900,debt_consolidation,10,12,6,0.1013,0,0,0
CUST_101615,75,Senior (>55),Female,77700.0,16500,debt_consolidation,6,24,4,0.169,0,0,1
CUST_101616,43,Working Age (25-55),Male,41600.0,4800,credit_card,6,22,4,0.419,1,0,1
CUST_101617,30,Working Age (25-55),Female,132700.0,21300,debt_consolidation,12,11,7,0.2759,0,0,0
CUST_101618,34,Working Age (25-55),Male,19600.0,3700,major_purchase,8,10,8,0.6452,0,2,1
CUST_101619,53,Working Age (25-55),Male,40700.0,6600,credit_card,8,13,9,0.2171,0,1,0
CUST_101620,41,Working Age (25-55),Male,27900.0,4800,small_business,15,20,11,0.1325,0,0,0
CUST_101621,22,Young (<25),Male,68000.0,25100,debt_consolidation,0,7,8,0.1408,1,0,1
CUST_101622,51,Working Age (25-55),Female,29400.0,7200,small_business,3,20,6,0.2045,1,0,1
CUST_101623,31,Working Age (25-55),Female,68700.0,16600,debt_consolidation,4,13,3,0.0675,0,0,0
CUST_101624,62,Senior (>55),Male,48900.0,21400,debt_consolidation,1,20,5,0.2961,0,0,1
CUST_101625,52,Working Age (25-55),Female,41600.0,10700,major_purchase,9,20,7,0.1248,0,0,0
CUST_101626,34,Working Age (25-55),Female,67100.0,28500,debt_consolidation,7,10,7,0.1558,0,0,0
CUST_101627,55,Working Age (25-55),Female,46700.0,9600,major_purchase,6,16,7,0.2378,0,0,0
CUST_101628,40,Working Age (25-55),Male,29800.0,7200,credit_card,22,17,10,0.2257,1,0,0
CUST_101629,50,Working Age (25-55),Female,252900.0,50000,medical,1,17,4,0.2064,0,0,0
CUST_101630,45,Working Age (25-55),Female,41400.0,12100,credit_card,6,17,9,0.0418,1,0,0
CUST_101631,29,Working Age (25-55),Female,18000.0,5500,home_improvement,4,11,14,0.3371,0,0,1
CUST_101632,32,Working Age (25-55),Female,34100.0,6400,debt_consolidation,1,13,10,0.1896,0,0,0
CUST_101633,52,Working Age (25-55),Male,27000.0,10200,credit_card,0,13,11,0.1906,0,3,1
CUST_101634,35,Working Age (25-55),Male,85300.0,23400,home_improvement,11,10,1,0.1059,0,0,0
CUST_101635,35,Working Age (25-55),Male,64700.0,6600,home_improvement,4,11,7,0.2986,0,1,0
CUST_101636,28,Working Age (25-55),Female,67500.0,20700,debt_consolidation,8,7,8,0.2599,1,0,1
CUST_101637,45,Working Age (25-55),Male,44200.0,16800,debt_consolidation,3,17,6,0.2719,0,0,1
CUST_101638,64,Senior (>55),Male,46500.0,8700,debt_consolidation,1,25,9,0.357,0,1,1
CUST_101639,27,Working Age (25-55),Female,44200.0,5000,debt_consolidation,2,13,9,0.2693,0,0,0
CUST_101640,40,Working Age (25-55),Male,51800.0,19800,debt_consolidation,2,12,7,0.0927,0,0,0
CUST_101641,56,Senior (>55),Male,85800.0,37900,home_improvement,18,20,2,0.0696,0,0,0
CUST_101642,39,Working Age (25-55),Male,65200.0,8300,debt_consolidation,0,14,6,0.2797,0,0,0
CUST_101643,45,Working Age (25-55),Male,71300.0,30500,debt_consolidation,21,17,13,0.3425,0,2,1
CUST_101644,27,Working Age (25-55),Female,71300.0,16100,medical,9,6,4,0.1157,1,1,1
CUST_101645,45,Working Age (25-55),Female,88100.0,37800,debt_consolidation,27,21,10,0.2433,0,3,0
CUST_101646,37,Working Age (25-55),Male,63500.0,20800,credit_card,3,15,10,0.3232,0,0,1
CUST_101647,51,Working Age (25-55),Female,66000.0,27200,home_improvement,16,20,10,0.1282,0,0,0
CUST_101648,54,Working Age (25-55),Female,104200.0,39100,home_improvement,2,22,14,0.2794,1,0,1
CUST_101649,71,Senior (>55),Male,37600.0,4100,home_improvement,0,26,5,0.2131,0,0,0
CUST_101650,46,Working Age (25-55),Male,33800.0,4200,home_improvement,1,13,10,0.0902,1,0,0
CUST_101651,43,Working Age (25-55),Female,28200.0,8000,debt_consolidation,14,14,5,0.3101,1,1,1
CUST_101652,42,Working Age (25-55),Male,59900.0,8700,credit_card,0,9,4,0.0766,0,0,0
CUST_101653,35,Working Age (25-55),Male,19500.0,5100,home_improvement,3,13,6,0.1203,0,0,0
CUST_101654,44,Working Age (25-55),Male,69900.0,30300,debt_consolidation,0,14,10,0.3003,0,1,1
CUST_101655,36,Working Age (25-55),Female,51000.0,10400,debt_consolidation,1,12,7,0.1145,0,0,0
CUST_101656,42,Working Age (25-55),Female,101100.0,27400,home_improvement,0,18,3,0.3013,0,0,0
CUST_101657,55,Working Age (25-55),Female,37400.0,8800,home_improvement,9,17,2,0.2492,1,2,1
CUST_101658,27,Working Age (25-55),Female,48400.0,15500,debt_consolidation,4,8,6,0.3539,0,0,1
CUST_101659,53,Working Age (25-55),Female,100400.0,16900,major_purchase,11,18,1,0.3248,1,0,0
CUST_101660,55,Working Age (25-55),Female,115900.0,22100,home_improvement,5,13,7,0.2884,0,0,0
CUST_101661,38,Working Age (25-55),Female,37300.0,14900,medical,17,12,6,0.2403,1,0,1
CUST_101662,19,Young (<25),Male,59900.0,23000,major_purchase,1,1,6,0.1033,0,0,0
CUST_101663,32,Working Age (25-55),Female,63700.0,24000,credit_card,5,9,7,0.0416,0,0,0
CUST_101664,55,Working Age (25-55),Male,66500.0,24600,home_improvement,4,21,5,0.1739,0,0,0
CUST_101665,39,Working Age (25-55),Male,46900.0,12200,credit_card,3,14,14,0.3561,0,0,1
CUST_101666,28,Working Age (25-55),Female,109600.0,38900,home_improvement,9,8,6,0.0865,0,0,0
CUST_101667,33,Working Age (25-55),Male,19200.0,4500,home_improvement,5,11,9,0.2291,0,0,0
CUST_101668,50,Working Age (25-55),Male,43000.0,5800,debt_consolidation,8,14,10,0.1139,1,1,1
CUST_101669,46,Working Age (25-55),Female,69300.0,16500,debt_consolidation,7,16,5,0.1937,0,1,0
CUST_101670,37,Working Age (25-55),Male,69700.0,10800,debt_consolidation,1,21,5,0.1218,0,0,0
CUST_101671,35,Working Age (25-55),Female,114000.0,27000,home_improvement,5,17,6,0.1832,0,0,0
CUST_101672,35,Working Age (25-55),Male,104700.0,21400,home_improvement,1,12,8,0.2972,0,0,0
CUST_101673,28,Working Age (25-55),Female,46300.0,14300,credit_card,4,10,11,0.1489,0,0,0
CUST_101674,59,Senior (>55),Male,110700.0,25100,credit_card,5,17,12,0.2725,0,0,0
CUST_101675,36,Working Age (25-55),Female,36600.0,12700,small_business,18,10,7,0.2128,0,0,0
CUST_101676,54,Working Age (25-55),Male,90400.0,25200,debt_consolidation,0,19,4,0.3583,0,0,1
CUST_101677,58,Senior (>55),Female,146600.0,50000,debt_consolidation,0,18,6,0.2498,0,0,0
CUST_101678,51,Working Age (25-55),Male,105700.0,13900,credit_card,0,20,6,0.2832,0,1,0
CUST_101679,34,Working Age (25-55),Male,57400.0,19600,major_purchase,2,16,7,0.2181,0,3,1
CUST_101680,44,Working Age (25-55),Female,45100.0,15100,home_improvement,8,16,7,0.2145,0,0,0
CUST_101681,39,Working Age (25-55),Male,23400.0,10100,debt_consolidation,9,13,9,0.3088,0,0,0
CUST_101682,29,Working Age (25-55),Female,64300.0,14800,debt_consolidation,6,5,6,0.1742,0,1,0
CUST_101683,43,Working Age (25-55),Male,29300.0,6100,credit_card,11,17,10,0.1956,0,0,0
CUST_101684,25,Working Age (25-55),Male,35000.0,5600,small_business,1,5,11,0.1301,0,0,0
CUST_101685,54,Working Age (25-55),Male,28100.0,5400,credit_card,0,17,7,0.2432,0,2,1
CUST_101686,34,Working Age (25-55),Male,42100.0,11600,debt_consolidation,0,14,4,0.0691,0,0,0
CUST_101687,42,Working Age (25-55),Female,53300.0,21000,debt_consolidation,9,17,8,0.4498,1,0,1
CUST_101688,43,Working Age (25-55),Female,63000.0,12600,major_purchase,6,13,9,0.319,0,0,0
CUST_101689,36,Working Age (25-55),Female,38900.0,6000,debt_consolidation,5,11,10,0.1479,0,1,0
CUST_101690,47,Working Age (25-55),Male,97500.0,19000,debt_consolidation,2,14,6,0.07,1,0,0
CUST_101691,34,Working Age (25-55),Female,48300.0,6500,home_improvement,2,8,6,0.4187,0,0,1
CUST_101692,50,Working Age (25-55),Male,35100.0,14900,medical,15,15,6,0.0843,0,0,0
CUST_101693,23,Young (<25),Male,61400.0,24900,credit_card,0,3,7,0.3758,0,1,1
CUST_101694,41,Working Age (25-55),Female,159500.0,33200,credit_card,7,16,10,0.1629,0,0,1
CUST_101695,63,Senior (>55),Male,65100.0,12100,debt_consolidation,1,23,6,0.0906,0,0,0
CUST_101696,27,Working Age (25-55),Female,44400.0,18500,debt_consolidation,0,11,7,0.1583,0,1,1
CUST_101697,31,Working Age (25-55),Female,23400.0,2400,debt_consolidation,6,7,6,0.13,0,0,0
CUST_101698,46,Working Age (25-55),Male,48000.0,14900,credit_card,2,12,7,0.1803,0,0,1
CUST_101699,42,Working Age (25-55),Female,61600.0,25900,debt_consolidation,6,14,10,0.3566,0,0,1
CUST_101700,44,Working Age (25-55),Female,43800.0,12200,small_business,6,15,7,0.0994,0,0,0
CUST_101701,45,Working Age (25-55),Male,21700.0,2200,debt_consolidation,3,15,6,0.1552,0,1,0
CUST_101702,47,Working Age (25-55),Female,33900.0,6000,credit_card,7,15,4,0.3843,1,0,1
CUST_101703,53,Working Age (25-55),Male,120600.0,50000,credit_card,4,23,5,0.4033,0,0,1
CUST_101704,44,Working Age (25-55),Male,119200.0,12600,credit_card,1,16,9,0.1999,0,0,0
CUST_101705,37,Working Age (25-55),Female,33300.0,7900,debt_consolidation,6,18,9,0.1714,0,1,0
CUST_101706,48,Working Age (25-55),Female,78400.0,29500,small_business,4,20,10,0.0733,0,2,0
CUST_101707,62,Senior (>55),Male,28300.0,11100,debt_consolidation,0,26,7,0.3156,0,1,1
CUST_101708,38,Working Age (25-55),Female,117300.0,31300,home_improvement,11,10,1,0.2989,0,0,0
CUST_101709,28,Working Age (25-55),Female,62000.0,11200,credit_card,3,11,6,0.3042,0,1,1
CUST_101710,53,Working Age (25-55),Male,91300.0,28300,debt_consolidation,10,17,7,0.1625,0,1,0
CUST_101711,38,Working Age (25-55),Female,21100.0,4100,credit_card,10,8,6,0.163,0,0,1
CUST_101712,19,Young (<25),Male,78600.0,14900,credit_card,1,11,11,0.2059,1,0,1
CUST_101713,50,Working Age (25-55),Female,53900.0,20600,small_business,3,16,9,0.1136,0,0,0
CUST_101714,33,Working Age (25-55),Female,86600.0,13300,small_business,2,8,4,0.1708,0,1,0
CUST_101715,38,Working Age (25-55),Female,89600.0,9100,debt_consolidation,2,12,7,0.3652,0,0,0
CUST_101716,43,Working Age (25-55),Male,56200.0,12200,debt_consolidation,11,12,10,0.0474,0,0,0
CUST_101717,42,Working Age (25-55),Male,38900.0,10600,debt_consolidation,7,12,10,0.2086,0,3,0
CUST_101718,48,Working Age (25-55),Male,83200.0,28900,medical,0,16,3,0.0691,0,0,0
CUST_101719,34,Working Age (25-55),Female,52400.0,19600,debt_consolidation,4,17,1,0.3601,0,0,1
CUST_101720,46,Working Age (25-55),Female,33500.0,11100,credit_card,27,14,6,0.2552,0,1,0
CUST_101721,36,Working Age (25-55),Female,32700.0,10400,credit_card,4,17,6,0.2699,0,1,1
CUST_101722,48,Working Age (25-55),Male,24000.0,8000,credit_card,7,19,10,0.1525,0,0,0
CUST_101723,47,Working Age (25-55),Male,40900.0,8000,debt_consolidation,7,17,11,0.2797,0,0,0
CUST_101724,28,Working Age (25-55),Male,99400.0,23200,debt_consolidation,2,12,1,0.1263,0,0,0
CUST_101725,53,Working Age (25-55),Female,59700.0,18800,debt_consolidation,2,18,9,0.1227,0,0,0
CUST_101726,33,Working Age (25-55),Male,40500.0,5000,debt_consolidation,6,15,10,0.2413,0,1,0
CUST_101727,49,Working Age (25-55),Female,84300.0,17100,debt_consolidation,3,18,2,0.1407,0,0,0
CUST_101728,44,Working Age (25-55),Male,34300.0,8300,debt_consolidation,4,10,9,0.18,0,0,1
CUST_101729,62,Senior (>55),Female,57100.0,16400,credit_card,6,22,12,0.0987,0,2,0
CUST_101730,37,Working Age (25-55),Male,49100.0,13300,debt_consolidation,7,15,7,0.415,0,1,1
CUST_101731,35,Working Age (25-55),Female,83200.0,29200,debt_consolidation,1,11,10,0.051,0,0,0
CUST_101732,39,Working Age (25-55),Female,22800.0,6100,debt_consolidation,0,14,7,0.2688,0,0,0
CUST_101733,36,Working Age (25-55),Male,33900.0,14100,debt_consolidation,1,10,10,0.3604,0,0,1
CUST_101734,49,Working Age (25-55),Female,22000.0,5100,debt_consolidation,3,13,5,0.2452,0,0,0
CUST_101735,20,Young (<25),Female,47000.0,13300,debt_consolidation,2,2,4,0.1797,1,0,1
CUST_101736,27,Working Age (25-55),Male,105500.0,10700,credit_card,4,4,8,0.1651,0,0,0
CUST_101737,27,Working Age (25-55),Male,41000.0,8600,debt_consolidation,0,11,3,0.2186,0,0,0
CUST_101738,51,Working Age (25-55),Male,40900.0,16500,major_purchase,3,10,7,0.2749,0,0,1
CUST_101739,60,Senior (>55),Female,87500.0,19000,debt_consolidation,2,19,10,0.1338,0,1,0
CUST_101740,38,Working Age (25-55),Male,97500.0,18400,major_purchase,3,11,7,0.1858,0,0,0
CUST_101741,37,Working Age (25-55),Male,51600.0,15000,small_business,2,12,9,0.4099,0,0,0
CUST_101742,40,Working Age (25-55),Female,79000.0,10100,credit_card,1,8,8,0.1862,0,0,0
CUST_101743,53,Working Age (25-55),Male,30000.0,8600,major_purchase,11,19,6,0.1268,0,0,0
CUST_101744,28,Working Age (25-55),Female,115600.0,23800,debt_consolidation,1,5,6,0.0922,0,0,0
CUST_101745,42,Working Age (25-55),Female,176600.0,41300,debt_consolidation,5,18,4,0.3713,0,2,0
CUST_101746,51,Working Age (25-55),Female,72200.0,27200,debt_consolidation,12,15,11,0.2659,0,0,0
CUST_101747,46,Working Age (25-55),Female,18000.0,6000,debt_consolidation,3,15,6,0.3535,1,0,1
CUST_101748,42,Working Age (25-55),Male,39900.0,10200,debt_consolidation,10,14,3,0.2254,0,2,0
CUST_101749,52,Working Age (25-55),Male,75900.0,22900,credit_card,0,18,6,0.1615,1,0,1
CUST_101750,19,Young (<25),Male,43000.0,15800,debt_consolidation,1,6,10,0.213,0,0,1
CUST_101751,48,Working Age (25-55),Male,109100.0,39400,debt_consolidation,3,15,7,0.0815,0,0,0
CUST_101752,32,Working Age (25-55),Female,74900.0,12300,debt_consolidation,0,12,4,0.0519,0,0,1
CUST_101753,19,Young (<25),Male,36700.0,7500,credit_card,1,8,4,0.1771,0,0,0
CUST_101754,46,Working Age (25-55),Male,55100.0,12200,medical,2,13,7,0.3351,0,0,1
CUST_101755,56,Senior (>55),Female,33100.0,5500,credit_card,5,20,8,0.2962,0,0,1
CUST_101756,38,Working Age (25-55),Male,49000.0,5100,debt_consolidation,13,16,2,0.3416,0,0,0
CUST_101757,51,Working Age (25-55),Male,39900.0,6400,debt_consolidation,0,19,6,0.1384,0,2,1
CUST_101758,59,Senior (>55),Male,103400.0,39600,home_improvement,1,23,5,0.2652,0,0,0
CUST_101759,55,Working Age (25-55),Male,173500.0,50000,debt_consolidation,2,19,5,0.1485,0,1,0
CUST_101760,59,Senior (>55),Female,24700.0,5400,major_purchase,3,17,8,0.3123,1,0,1
CUST_101761,48,Working Age (25-55),Female,18800.0,5900,debt_consolidation,7,14,8,0.351,0,0,1
CUST_101762,40,Working Age (25-55),Female,47300.0,17000,debt_consolidation,2,14,8,0.2485,0,0,0
CUST_101763,20,Young (<25),Male,23500.0,5300,medical,0,9,4,0.2515,0,1,1
CUST_101764,37,Working Age (25-55),Male,55600.0,14600,major_purchase,6,21,4,0.2784,0,0,0
CUST_101765,29,Working Age (25-55),Male,81800.0,10000,credit_card,10,13,7,0.3256,1,0,1
CUST_101766,66,Senior (>55),Female,123200.0,38100,debt_consolidation,3,19,6,0.0909,0,0,0
CUST_101767,37,Working Age (25-55),Female,60500.0,13600,home_improvement,4,10,1,0.3275,0,0,1
CUST_101768,41,Working Age (25-55),Male,48700.0,12300,debt_consolidation,0,21,6,0.1014,0,0,0
CUST_101769,46,Working Age (25-55),Male,18200.0,4500,debt_consolidation,1,15,9,0.2627,0,0,0
CUST_101770,40,Working Age (25-55),Female,55000.0,17700,debt_consolidation,1,14,11,0.1783,1,0,1
CUST_101771,60,Senior (>55),Male,56300.0,16900,credit_card,2,18,10,0.3365,0,0,1
CUST_101772,32,Working Age (25-55),Male,77000.0,19100,home_improvement,13,15,5,0.1789,0,1,0
CUST_101773,42,Working Age (25-55),Male,36700.0,3900,debt_consolidation,3,16,6,0.2541,0,0,0
CUST_101774,31,Working Age (25-55),Male,42600.0,13500,major_purchase,1,8,7,0.1996,0,0,0
CUST_101775,24,Young (<25),Female,24000.0,9800,debt_consolidation,1,5,7,0.2107,0,1,1
CUST_101776,32,Working Age (25-55),Male,18000.0,6600,debt_consolidation,2,12,7,0.2394,0,0,1
CUST_101777,39,Working Age (25-55),Male,29400.0,13000,credit_card,4,13,6,0.2701,0,0,1
CUST_101778,34,Working Age (25-55),Female,22800.0,3400,small_business,2,14,4,0.1428,1,0,0
CUST_101779,31,Working Age (25-55),Female,65200.0,11600,major_purchase,2,12,13,0.2011,0,0,0
CUST_101780,23,Young (<25),Male,40700.0,11800,home_improvement,4,7,7,0.1361,1,0,1
CUST_101781,39,Working Age (25-55),Female,40300.0,7400,debt_consolidation,1,12,10,0.116,0,0,0
CUST_101782,21,Young (<25),Female,31500.0,3500,medical,0,6,5,0.3875,0,0,1
CUST_101783,49,Working Age (25-55),Male,18000.0,4300,major_purchase,0,15,8,0.1116,0,1,0
CUST_101784,40,Working Age (25-55),Female,124200.0,24900,debt_consolidation,1,13,5,0.0925,0,0,0
CUST_101785,22,Young (<25),Male,31300.0,6000,credit_card,0,7,5,0.1424,0,0,0
CUST_101786,36,Working Age (25-55),Female,43200.0,18700,credit_card,2,9,12,0.3901,0,3,1
CUST_101787,30,Working Age (25-55),Male,24300.0,4500,debt_consolidation,7,12,9,0.2436,0,0,0
CUST_101788,43,Working Age (25-55),Female,92500.0,13400,medical,6,13,8,0.2716,0,0,0
CUST_101789,56,Senior (>55),Female,58600.0,8400,debt_consolidation,4,17,8,0.4315,0,0,1
CUST_101790,19,Young (<25),Female,34400.0,13100,credit_card,1,5,5,0.1047,0,0,0
CUST_101791,41,Working Age (25-55),Male,43700.0,15300,debt_consolidation,1,15,9,0.3586,0,0,1
CUST_101792,38,Working Age (25-55),Male,136400.0,19800,credit_card,10,13,4,0.1992,0,1,0
CUST_101793,48,Working Age (25-55),Female,52000.0,9200,home_improvement,2,18,8,0.0802,0,0,0
CUST_101794,42,Working Age (25-55),Male,49000.0,17700,debt_consolidation,2,17,7,0.0534,0,0,0
CUST_101795,30,Working Age (25-55),Male,32300.0,6300,debt_consolidation,2,14,3,0.2822,0,0,0
CUST_101796,36,Working Age (25-55),Male,19100.0,8500,major_purchase,0,13,6,0.1105,0,0,0
CUST_101797,30,Working Age (25-55),Female,49600.0,14300,home_improvement,12,7,7,0.1489,0,1,0
CUST_101798,52,Working Age (25-55),Male,64800.0,10800,credit_card,0,17,6,0.2088,0,1,0
CUST_101799,40,Working Age (25-55),Female,99200.0,39700,debt_consolidation,2,10,6,0.04,0,2,0
CUST_101800,62,Senior (>55),Female,18000.0,3800,debt_consolidation,1,26,10,0.1922,0,0,0
CUST_101801,39,Working Age (25-55),Male,29200.0,5900,home_improvement,0,19,6,0.0473,0,0,0
CUST_101802,31,Working Age (25-55),Male,39400.0,8500,small_business,0,12,7,0.0738,0,3,0
CUST_101803,21,Young (<25),Female,54100.0,20000,debt_consolidation,0,9,8,0.1298,0,0,0
CUST_101804,19,Young (<25),Female,50000.0,8000,credit_card,1,7,10,0.0993,0,0,0
CUST_101805,20,Young (<25),Male,50700.0,11800,debt_consolidation,2,8,8,0.04,0,0,0
CUST_101806,43,Working Age (25-55),Male,67800.0,7500,debt_consolidation,2,10,2,0.109,0,0,0
CUST_101807,46,Working Age (25-55),Female,33000.0,12800,credit_card,0,15,9,0.3204,0,1,1
CUST_101808,21,Young (<25),Male,90600.0,19900,debt_consolidation,3,4,6,0.2291,0,1,1
CUST_101809,50,Working Age (25-55),Female,68800.0,12900,debt_consolidation,28,18,9,0.2244,0,0,0
CUST_101810,34,Working Age (25-55),Female,45400.0,13800,home_improvement,1,11,6,0.3007,0,0,1
CUST_101811,41,Working Age (25-55),Male,130700.0,45300,credit_card,1,20,6,0.4027,1,0,1
CUST_101812,59,Senior (>55),Female,127500.0,49000,home_improvement,17,23,5,0.2386,0,0,0
CUST_101813,50,Working Age (25-55),Female,90500.0,20100,credit_card,0,18,6,0.4096,0,0,1
CUST_101814,36,Working Age (25-55),Male,18000.0,6900,home_improvement,3,11,5,0.2821,0,0,0
CUST_101815,29,Working Age (25-55),Male,129100.0,33900,debt_consolidation,1,15,12,0.1372,0,0,0
CUST_101816,19,Young (<25),Female,83900.0,11400,debt_consolidation,1,6,8,0.3515,0,0,1
CUST_101817,31,Working Age (25-55),Male,163300.0,50000,credit_card,13,11,7,0.1888,0,2,0
CUST_101818,37,Working Age (25-55),Male,107000.0,31200,debt_consolidation,8,13,10,0.1372,1,0,0
CUST_101819,28,Working Age (25-55),Female,129100.0,40100,home_improvement,1,8,1,0.1044,1,2,1
CUST_101820,38,Working Age (25-55),Male,87800.0,37600,credit_card,2,13,11,0.4506,0,0,1
CUST_101821,40,Working Age (25-55),Female,113800.0,33700,debt_consolidation,1,8,5,0.2945,1,0,1
CUST_101822,37,Working Age (25-55),Female,162200.0,16500,credit_card,11,8,6,0.256,0,0,0
CUST_101823,32,Working Age (25-55),Male,61000.0,24700,major_purchase,12,12,9,0.1655,0,0,0
CUST_101824,42,Working Age (25-55),Male,22800.0,4600,debt_consolidation,2,19,10,0.1825,0,0,0
CUST_101825,45,Working Age (25-55),Female,45700.0,12600,debt_consolidation,5,16,6,0.2657,0,0,0
CUST_101826,26,Working Age (25-55),Female,67100.0,11500,small_business,0,6,11,0.3419,0,0,1
CUST_101827,56,Senior (>55),Male,56500.0,11500,debt_consolidation,2,15,6,0.2141,0,0,0
CUST_101828,38,Working Age (25-55),Female,27300.0,9300,debt_consolidation,4,15,12,0.2635,1,1,1
CUST_101829,40,Working Age (25-55),Female,22100.0,5500,debt_consolidation,2,12,2,0.1352,0,0,0
CUST_101830,48,Working Age (25-55),Female,36000.0,11500,credit_card,2,18,10,0.1276,0,0,0
CUST_101831,42,Working Age (25-55),Male,84500.0,32800,credit_card,0,15,5,0.1792,0,2,0
CUST_101832,51,Working Age (25-55),Female,129200.0,28300,credit_card,8,19,4,0.1972,0,0,0
CUST_101833,43,Working Age (25-55),Female,89700.0,26800,major_purchase,11,15,7,0.3829,0,0,0
CUST_101834,32,Working Age (25-55),Male,96900.0,36100,home_improvement,14,12,2,0.1378,0,2,0
CUST_101835,44,Working Age (25-55),Male,51800.0,18100,medical,6,15,8,0.1864,1,0,1
CUST_101836,26,Working Age (25-55),Male,20800.0,6000,credit_card,3,7,5,0.4666,1,0,1
CUST_101837,41,Working Age (25-55),Female,42200.0,9900,debt_consolidation,1,11,7,0.1011,1,0,0
CUST_101838,39,Working Age (25-55),Male,47000.0,11400,major_purchase,21,6,8,0.2839,0,0,1
CUST_101839,37,Working Age (25-55),Female,41200.0,10400,debt_consolidation,4,12,3,0.0664,1,1,1
CUST_101840,38,Working Age (25-55),Female,55800.0,12400,home_improvement,5,17,3,0.3052,1,0,1
CUST_101841,19,Young (<25),Male,69100.0,23800,debt_consolidation,1,8,7,0.2405,0,0,1
CUST_101842,33,Working Age (25-55),Female,86600.0,12500,home_improvement,9,12,8,0.1843,0,0,0
CUST_101843,41,Working Age (25-55),Female,46500.0,20400,major_purchase,0,12,4,0.3485,0,0,1
CUST_101844,41,Working Age (25-55),Female,19000.0,7100,debt_consolidation,1,17,4,0.0898,0,0,0
CUST_101845,27,Working Age (25-55),Female,41500.0,8500,debt_consolidation,5,9,7,0.2354,0,0,0
CUST_101846,55,Working Age (25-55),Female,55500.0,6400,debt_consolidation,11,23,11,0.3646,0,0,0
CUST_101847,29,Working Age (25-55),Male,106100.0,37000,credit_card,5,7,8,0.0984,0,1,0
CUST_101848,51,Working Age (25-55),Female,39600.0,14100,debt_consolidation,2,15,4,0.2975,0,0,1
CUST_101849,45,Working Age (25-55),Female,71800.0,31400,credit_card,2,13,9,0.2803,0,0,1
CUST_101850,32,Working Age (25-55),Female,63500.0,12000,debt_consolidation,6,6,6,0.3329,0,1,1
CUST_101851,61,Senior (>55),Male,55500.0,7200,debt_consolidation,6,18,4,0.1663,0,0,0
CUST_101852,25,Working Age (25-55),Male,90400.0,38000,credit_card,4,9,9,0.3333,0,1,1
CUST_101853,51,Working Age (25-55),Female,37700.0,7200,credit_card,1,15,4,0.1494,0,0,0
CUST_101854,52,Working Age (25-55),Male,39500.0,13900,debt_consolidation,12,6,4,0.1337,0,1,0
CUST_101855,31,Working Age (25-55),Female,53800.0,6500,home_improvement,4,14,6,0.271,0,0,0
CUST_101856,56,Senior (>55),Female,38100.0,14000,small_business,7,14,6,0.173,0,0,0
CUST_101857,36,Working Age (25-55),Female,71600.0,10300,debt_consolidation,1,14,7,0.1968,0,0,0
CUST_101858,43,Working Age (25-55),Female,36600.0,12600,debt_consolidation,2,15,4,0.434,0,0,1
CUST_101859,43,Working Age (25-55),Female,61400.0,17600,home_improvement,10,21,7,0.3302,0,1,0
CUST_101860,38,Working Age (25-55),Male,51300.0,22300,debt_consolidation,0,16,12,0.04,0,0,0
CUST_101861,49,Working Age (25-55),Female,61000.0,6900,debt_consolidation,3,15,6,0.1935,0,3,0
CUST_101862,49,Working Age (25-55),Male,42100.0,8500,credit_card,3,15,7,0.2819,0,0,0
CUST_101863,19,Young (<25),Female,45000.0,5600,debt_consolidation,1,11,6,0.0534,1,0,0
CUST_101864,55,Working Age (25-55),Female,57100.0,23300,debt_consolidation,1,14,11,0.2592,0,0,1
CUST_101865,20,Young (<25),Female,60500.0,18600,medical,1,7,7,0.2584,0,0,1
CUST_101866,52,Working Age (25-55),Male,54100.0,15500,debt_consolidation,13,17,6,0.1611,0,0,0
CUST_101867,53,Working Age (25-55),Female,138400.0,20200,major_purchase,4,17,8,0.1695,0,0,0
CUST_101868,26,Working Age (25-55),Male,31400.0,8500,debt_consolidation,0,10,8,0.2262,0,0,0
CUST_101869,35,Working Age (25-55),Female,52300.0,12500,home_improvement,1,12,4,0.1669,0,0,0
CUST_101870,26,Working Age (25-55),Female,22800.0,4800,credit_card,8,10,7,0.308,0,0,0
CUST_101871,37,Working Age (25-55),Female,66500.0,24600,debt_consolidation,1,13,6,0.3287,0,2,1
CUST_101872,36,Working Age (25-55),Female,29300.0,3600,home_improvement,4,13,3,0.2029,0,0,0
CUST_101873,49,Working Age (25-55),Female,46500.0,15200,small_business,2,17,5,0.2908,0,0,0
CUST_101874,55,Working Age (25-55),Female,44200.0,17200,debt_consolidation,10,17,6,0.0805,0,2,0
CUST_101875,56,Senior (>55),Male,63200.0,26400,home_improvement,7,19,11,0.1065,0,2,0
CUST_101876,33,Working Age (25-55),Female,40000.0,14400,debt_consolidation,4,9,10,0.1941,0,0,0
CUST_101877,37,Working Age (25-55),Male,39000.0,7800,home_improvement,0,10,7,0.0784,0,0,0
CUST_101878,19,Young (<25),Female,119300.0,37000,home_improvement,1,5,5,0.1078,0,0,0
CUST_101879,30,Working Age (25-55),Male,63400.0,9500,debt_consolidation,2,10,9,0.3581,0,0,1
CUST_101880,51,Working Age (25-55),Male,39800.0,5600,debt_consolidation,13,17,8,0.0566,0,0,0
CUST_101881,59,Senior (>55),Female,47200.0,15300,credit_card,3,23,9,0.118,0,2,0
CUST_101882,25,Working Age (25-55),Female,133900.0,50000,major_purchase,5,7,6,0.1536,0,0,0
CUST_101883,32,Working Age (25-55),Male,47600.0,5900,debt_consolidation,0,11,6,0.2087,0,0,0
CUST_101884,39,Working Age (25-55),Male,37100.0,5100,credit_card,6,14,7,0.267,0,0,0
CUST_101885,43,Working Age (25-55),Female,37200.0,11100,debt_consolidation,2,13,6,0.1822,0,0,0
CUST_101886,30,Working Age (25-55),Female,40100.0,7100,home_improvement,2,10,6,0.0921,0,0,0
CUST_101887,45,Working Age (25-55),Male,39100.0,12300,credit_card,0,18,6,0.1499,0,0,0
CUST_101888,34,Working Age (25-55),Female,26800.0,4700,home_improvement,0,12,4,0.1196,0,1,0
CUST_101889,39,Working Age (25-55),Male,29200.0,4100,major_purchase,1,14,10,0.2524,0,0,0
CUST_101890,46,Working Age (25-55),Female,34300.0,10000,debt_consolidation,1,13,13,0.1658,0,0,0
CUST_101891,40,Working Age (25-55),Female,75000.0,30100,debt_consolidation,11,19,5,0.1979,0,0,0
CUST_101892,34,Working Age (25-55),Male,43900.0,14900,medical,2,9,1,0.2929,0,0,1
CUST_101893,38,Working Age (25-55),Male,48300.0,18700,debt_consolidation,6,8,5,0.1899,0,2,1
CUST_101894,38,Working Age (25-55),Female,108900.0,21000,home_improvement,0,15,8,0.1801,0,0,0
CUST_101895,35,Working Age (25-55),Female,110400.0,45300,home_improvement,4,11,6,0.169,0,0,0
CUST_101896,36,Working Age (25-55),Male,46400.0,10800,credit_card,3,11,7,0.1177,1,0,0
CUST_101897,59,Senior (>55),Male,38300.0,15300,debt_consolidation,19,19,9,0.3735,0,0,0
CUST_101898,46,Working Age (25-55),Female,33700.0,8900,debt_consolidation,9,21,10,0.2752,1,0,1
CUST_101899,36,Working Age (25-55),Male,79300.0,15400,credit_card,3,13,11,0.3218,0,0,0
CUST_101900,48,Working Age (25-55),Male,48400.0,9200,debt_consolidation,7,18,5,0.046,0,1,0
CUST_101901,35,Working Age (25-55),Male,43800.0,13100,credit_card,1,12,7,0.1808,0,0,0
CUST_101902,54,Working Age (25-55),Male,34600.0,4400,credit_card,4,19,8,0.2863,0,1,0
CUST_101903,44,Working Age (25-55),Female,35500.0,15100,debt_consolidation,0,19,10,0.1486,0,0,0
CUST_101904,38,Working Age (25-55),Male,64600.0,12600,debt_consolidation,2,12,14,0.3195,0,2,1
CUST_101905,45,Working Age (25-55),Male,26300.0,5700,major_purchase,1,11,12,0.3628,0,0,1
CUST_101906,21,Young (<25),Female,93600.0,17000,credit_card,3,9,9,0.23,0,0,0
CUST_101907,26,Working Age (25-55),Female,40400.0,4100,credit_card,3,10,7,0.2407,0,0,0
CUST_101908,25,Working Age (25-55),Female,49900.0,17100,major_purchase,6,9,9,0.1293,1,2,1
CUST_101909,41,Working Age (25-55),Male,26000.0,8000,credit_card,3,15,8,0.128,1,0,0
CUST_101910,60,Senior (>55),Female,53800.0,20600,major_purchase,0,19,9,0.0741,0,0,0
CUST_101911,66,Senior (>55),Male,45200.0,5200,debt_consolidation,6,23,3,0.0804,1,0,0
CUST_101912,47,Working Age (25-55),Male,52700.0,22400,small_business,8,16,4,0.2098,0,0,0
CUST_101913,46,Working Age (25-55),Male,121700.0,26300,debt_consolidation,11,14,2,0.1558,1,0,0
CUST_101914,19,Young (<25),Male,59700.0,25000,home_improvement,1,10,4,0.2533,0,0,1
CUST_101915,33,Working Age (25-55),Male,35000.0,4800,small_business,7,7,4,0.3322,0,0,1
CUST_101916,30,Working Age (25-55),Female,36600.0,13200,debt_consolidation,6,17,5,0.3207,0,1,1
CUST_101917,32,Working Age (25-55),Male,75200.0,22800,debt_consolidation,0,13,2,0.2247,0,0,0
CUST_101918,37,Working Age (25-55),Female,110700.0,24900,home_improvement,0,7,9,0.1019,0,0,0
CUST_101919,34,Working Age (25-55),Male,63300.0,8100,debt_consolidation,0,11,6,0.1886,0,0,0
CUST_101920,19,Young (<25),Female,79100.0,24700,home_improvement,1,6,10,0.1366,0,1,0
CUST_101921,48,Working Age (25-55),Male,75800.0,8300,debt_consolidation,3,17,8,0.1032,1,0,0
CUST_101922,27,Working Age (25-55),Male,118200.0,32600,major_purchase,9,6,12,0.3952,0,0,1
CUST_101923,42,Working Age (25-55),Male,18500.0,5800,debt_consolidation,2,14,6,0.3105,0,0,1
CUST_101924,64,Senior (>55),Female,78200.0,27900,credit_card,6,22,8,0.2899,0,0,0
CUST_101925,28,Working Age (25-55),Female,93100.0,41600,debt_consolidation,5,7,1,0.0471,0,0,0
CUST_101926,19,Young (<25),Male,25900.0,4900,debt_consolidation,1,4,14,0.2587,0,0,1
CUST_101927,36,Working Age (25-55),Female,33300.0,7100,debt_consolidation,0,15,4,0.2898,0,3,1
CUST_101928,53,Working Age (25-55),Male,33900.0,7400,credit_card,3,13,8,0.3483,0,1,1
CUST_101929,63,Senior (>55),Female,36300.0,12900,debt_consolidation,6,23,4,0.2384,0,0,0
CUST_101930,25,Working Age (25-55),Male,41600.0,17700,small_business,7,11,4,0.1033,0,2,0
CUST_101931,45,Working Age (25-55),Female,61900.0,27300,debt_consolidation,2,15,6,0.1874,0,0,0
CUST_101932,34,Working Age (25-55),Male,87200.0,37600,home_improvement,11,12,4,0.1906,0,1,0
CUST_101933,38,Working Age (25-55),Male,98200.0,40000,credit_card,2,16,7,0.2991,0,0,1
CUST_101934,71,Senior (>55),Female,34200.0,15300,credit_card,5,22,3,0.3568,0,0,1
CUST_101935,21,Young (<25),Female,34000.0,7900,debt_consolidation,3,5,3,0.373,1,1,1
CUST_101936,43,Working Age (25-55),Female,111700.0,48200,credit_card,0,13,10,0.1656,0,0,0
CUST_101937,45,Working Age (25-55),Male,77300.0,28300,credit_card,0,19,6,0.2197,0,0,0
CUST_101938,53,Working Age (25-55),Male,56700.0,9000,debt_consolidation,0,22,9,0.2396,0,0,0
CUST_101939,41,Working Age (25-55),Male,70300.0,8100,debt_consolidation,2,10,4,0.2992,0,0,0
CUST_101940,43,Working Age (25-55),Male,53300.0,9300,debt_consolidation,6,18,12,0.2591,0,0,0
CUST_101941,35,Working Age (25-55),Female,72300.0,26900,debt_consolidation,0,14,3,0.0518,0,1,0
CUST_101942,43,Working Age (25-55),Female,45000.0,14400,debt_consolidation,4,19,11,0.2038,0,1,0
CUST_101943,35,Working Age (25-55),Female,62800.0,11200,debt_consolidation,1,13,7,0.285,0,0,0
CUST_101944,47,Working Age (25-55),Female,23600.0,8500,credit_card,7,16,10,0.0495,0,0,0
CUST_101945,35,Working Age (25-55),Male,37100.0,5500,debt_consolidation,8,15,4,0.061,0,3,1
CUST_101946,44,Working Age (25-55),Male,37300.0,14500,debt_consolidation,7,17,14,0.2088,0,0,0
CUST_101947,39,Working Age (25-55),Female,44100.0,16700,debt_consolidation,3,20,6,0.157,1,0,0
CUST_101948,53,Working Age (25-55),Male,32500.0,14300,credit_card,1,21,9,0.2207,0,0,0
CUST_101949,39,Working Age (25-55),Male,40400.0,6200,debt_consolidation,8,14,9,0.2731,1,0,0
CUST_101950,19,Young (<25),Female,23600.0,9800,credit_card,1,3,9,0.1158,0,2,1
CUST_101951,55,Working Age (25-55),Female,73300.0,16100,home_improvement,1,17,7,0.0697,0,2,0
CUST_101952,29,Working Age (25-55),Female,51800.0,12700,credit_card,1,5,9,0.376,1,0,1
CUST_101953,32,Working Age (25-55),Male,21200.0,5600,debt_consolidation,5,10,9,0.2582,0,0,0
CUST_101954,32,Working Age (25-55),Male,34200.0,10900,credit_card,5,13,7,0.3038,0,0,1
CUST_101955,56,Senior (>55),Male,65200.0,29200,debt_consolidation,5,19,3,0.1738,0,0,0
CUST_101956,19,Young (<25),Female,40200.0,12500,major_purchase,1,9,6,0.2744,0,0,1
CUST_101957,75,Senior (>55),Female,36900.0,15700,home_improvement,0,27,2,0.3271,0,1,1
CUST_101958,52,Working Age (25-55),Male,52000.0,9800,credit_card,12,16,9,0.2552,1,0,0
CUST_101959,42,Working Age (25-55),Male,65400.0,15700,medical,3,14,5,0.2842,0,0,0
CUST_101960,39,Working Age (25-55),Male,24600.0,6800,credit_card,2,15,2,0.2119,0,0,1
CUST_101961,43,Working Age (25-55),Male,73300.0,15600,debt_consolidation,4,15,13,0.2473,0,2,0
CUST_101962,46,Working Age (25-55),Female,34900.0,15400,debt_consolidation,1,16,7,0.1933,0,0,0
CUST_101963,47,Working Age (25-55),Male,53600.0,19000,credit_card,0,14,7,0.2029,0,0,0
CUST_101964,46,Working Age (25-55),Male,53100.0,14200,small_business,2,14,6,0.4129,1,0,1
CUST_101965,41,Working Age (25-55),Female,40500.0,14700,small_business,1,21,6,0.2339,1,1,1
CUST_101966,37,Working Age (25-55),Male,30900.0,8100,credit_card,1,16,5,0.1518,0,0,0
CUST_101967,38,Working Age (25-55),Female,46300.0,4900,debt_consolidation,11,8,9,0.0522,0,0,0
CUST_101968,37,Working Age (25-55),Female,132400.0,38400,credit_card,3,5,6,0.2006,0,0,0
CUST_101969,53,Working Age (25-55),Female,25600.0,8200,home_improvement,3,18,9,0.1437,1,0,0
CUST_101970,47,Working Age (25-55),Female,137400.0,50000,debt_consolidation,5,19,8,0.0554,0,0,0
CUST_101971,19,Young (<25),Female,47000.0,5400,credit_card,1,5,6,0.5163,0,0,1
CUST_101972,47,Working Age (25-55),Female,55200.0,15400,credit_card,0,19,4,0.1722,0,0,0
CUST_101973,42,Working Age (25-55),Male,29800.0,4000,small_business,8,14,10,0.0849,0,0,0
CUST_101974,39,Working Age (25-55),Female,35400.0,5400,home_improvement,4,13,6,0.04,0,0,0
CUST_101975,35,Working Age (25-55),Female,41100.0,12900,debt_consolidation,0,14,6,0.1387,0,0,1
CUST_101976,53,Working Age (25-55),Female,30500.0,5500,debt_consolidation,1,16,11,0.3154,0,1,1
CUST_101977,51,Working Age (25-55),Male,48300.0,17500,small_business,3,16,10,0.08,0,0,0
CUST_101978,30,Working Age (25-55),Female,43300.0,12100,small_business,5,12,5,0.2276,0,1,1
CUST_101979,44,Working Age (25-55),Female,149900.0,26400,debt_consolidation,1,15,6,0.4501,0,1,1
CUST_101980,28,Working Age (25-55),Male,28500.0,7800,credit_card,3,15,8,0.1796,0,0,0
CUST_101981,23,Young (<25),Male,57300.0,5700,major_purchase,5,10,7,0.1502,0,2,0
CUST_101982,32,Working Age (25-55),Male,62100.0,25000,major_purchase,2,13,8,0.2071,0,0,0
CUST_101983,50,Working Age (25-55),Male,30100.0,3100,home_improvement,9,17,6,0.1592,1,0,0
CUST_101984,51,Working Age (25-55),Female,79000.0,8100,debt_consolidation,10,20,4,0.3277,0,0,0
CUST_101985,46,Working Age (25-55),Male,43500.0,13700,home_improvement,3,15,6,0.0562,0,0,0
CUST_101986,48,Working Age (25-55),Female,18000.0,7900,debt_consolidation,18,17,10,0.1144,1,0,0
CUST_101987,46,Working Age (25-55),Female,77900.0,31100,small_business,0,13,4,0.0935,0,0,0
CUST_101988,32,Working Age (25-55),Female,29300.0,5500,debt_consolidation,0,14,8,0.1698,0,1,0
CUST_101989,45,Working Age (25-55),Male,30400.0,5100,credit_card,2,16,11,0.3742,0,0,1
CUST_101990,49,Working Age (25-55),Female,79100.0,25200,credit_card,4,23,6,0.1873,0,0,0
CUST_101991,49,Working Age (25-55),Male,44800.0,17400,home_improvement,4,24,6,0.2955,0,0,0
CUST_101992,54,Working Age (25-55),Male,89700.0,20300,credit_card,3,21,5,0.1198,0,0,1
CUST_101993,48,Working Age (25-55),Female,105400.0,26500,debt_consolidation,0,17,10,0.1776,0,0,0
CUST_101994,44,Working Age (25-55),Male,38000.0,5300,home_improvement,0,12,6,0.2401,0,1,1
CUST_101995,52,Working Age (25-55),Male,83800.0,12900,debt_consolidation,9,20,6,0.2396,0,0,0
CUST_101996,39,Working Age (25-55),Male,35800.0,10700,debt_consolidation,10,14,5,0.2027,0,1,0
CUST_101997,29,Working Age (25-55),Female,185000.0,25100,medical,5,11,8,0.3047,0,0,0
CUST_101998,38,Working Age (25-55),Male,37000.0,6300,credit_card,5,18,9,0.0814,1,2,0
CUST_101999,31,Working Age (25-55),Female,95300.0,17400,home_improvement,4,8,6,0.3267,0,1,0
CUST_102000,31,Working Age (25-55),Male,86200.0,22000,credit_card,1,8,5,0.1094,0,0,0
CUST_102001,38,Working Age (25-55),Male,64500.0,7500,home_improvement,2,12,3,0.1509,0,0,0
CUST_102002,30,Working Age (25-55),Female,37500.0,10300,home_improvement,5,12,5,0.4153,0,0,1
CUST_102003,36,Working Age (25-55),Male,49800.0,21200,credit_card,3,14,7,0.1556,0,0,0
CUST_102004,19,Young (<25),Male,18000.0,2000,medical,0,3,9,0.1275,1,0,1
CUST_102005,42,Working Age (25-55),Male,61300.0,19700,credit_card,15,16,8,0.04,0,0,0
CUST_102006,40,Working Age (25-55),Female,65700.0,25800,home_improvement,9,10,6,0.04,0,0,0
CUST_102007,30,Working Age (25-55),Female,58300.0,12200,home_improvement,1,7,7,0.1514,0,0,0
CUST_102008,47,Working Age (25-55),Male,18000.0,2600,debt_consolidation,4,16,8,0.1025,0,1,0
CUST_102009,51,Working Age (25-55),Male,27000.0,3100,credit_card,12,16,8,0.0668,0,1,0
CUST_102010,20,Young (<25),Male,35900.0,11700,medical,0,9,11,0.2353,0,0,1
CUST_102011,30,Working Age (25-55),Female,63600.0,18700,debt_consolidation,3,11,12,0.369,0,0,1
CUST_102012,30,Working Age (25-55),Female,63500.0,11400,debt_consolidation,3,15,4,0.1635,0,0,0
CUST_102013,28,Working Age (25-55),Male,49300.0,19300,credit_card,2,9,9,0.5714,0,0,1
CUST_102014,49,Working Age (25-55),Male,76800.0,27400,debt_consolidation,9,16,8,0.1378,0,2,0
CUST_102015,37,Working Age (25-55),Female,30800.0,6100,small_business,2,16,4,0.2425,0,1,1
CUST_102016,36,Working Age (25-55),Male,75800.0,27600,debt_consolidation,0,12,12,0.4244,0,0,1
CUST_102017,19,Young (<25),Male,70300.0,13100,debt_consolidation,0,11,5,0.2066,0,0,0
CUST_102018,47,Working Age (25-55),Female,66700.0,22400,small_business,0,18,14,0.1346,0,1,0
CUST_102019,25,Working Age (25-55),Female,49000.0,6900,debt_consolidation,2,1,8,0.22,0,0,0
CUST_102020,40,Working Age (25-55),Female,148300.0,50000,credit_card,6,17,8,0.28,0,0,0
CUST_102021,43,Working Age (25-55),Male,71100.0,13100,small_business,1,17,8,0.1764,0,2,0
CUST_102022,56,Senior (>55),Female,31800.0,9600,home_improvement,5,22,8,0.1299,0,0,0
CUST_102023,24,Young (<25),Female,62100.0,10000,home_improvement,5,2,4,0.1217,1,1,1
CUST_102024,19,Young (<25),Male,82000.0,29000,debt_consolidation,1,4,10,0.3564,0,0,1
CUST_102025,42,Working Age (25-55),Female,39200.0,4800,debt_consolidation,4,12,5,0.2437,0,0,0
CUST_102026,61,Senior (>55),Female,98600.0,15600,debt_consolidation,5,18,4,0.4064,0,0,0
CUST_102027,54,Working Age (25-55),Female,66800.0,11000,debt_consolidation,3,24,12,0.1757,0,0,0
CUST_102028,42,Working Age (25-55),Male,18000.0,2100,credit_card,2,14,10,0.2264,0,0,0
CUST_102029,34,Working Age (25-55),Male,63900.0,23100,debt_consolidation,4,11,7,0.3569,0,0,1
CUST_102030,49,Working Age (25-55),Female,43300.0,19200,credit_card,19,18,6,0.0737,0,0,0
CUST_102031,28,Working Age (25-55),Male,72800.0,27100,debt_consolidation,2,11,4,0.2823,0,0,1
CUST_102032,45,Working Age (25-55),Male,91100.0,36600,credit_card,2,5,7,0.1358,0,0,0
CUST_102033,46,Working Age (25-55),Female,60300.0,6200,debt_consolidation,3,14,11,0.1594,0,0,0
CUST_102034,52,Working Age (25-55),Female,135400.0,19100,debt_consolidation,0,13,6,0.1087,0,0,0
CUST_102035,73,Senior (>55),Female,49100.0,14500,credit_card,4,26,7,0.28,0,0,1
CUST_102036,44,Working Age (25-55),Female,76400.0,33800,credit_card,1,14,14,0.2634,1,0,1
CUST_102037,33,Working Age (25-55),Male,84300.0,27900,small_business,0,11,9,0.4066,0,0,1
CUST_102038,39,Working Age (25-55),Male,51400.0,11900,small_business,3,7,4,0.2806,0,0,1
CUST_102039,19,Young (<25),Female,83100.0,12600,home_improvement,0,5,5,0.4647,0,0,1
CUST_102040,31,Working Age (25-55),Female,39100.0,6000,credit_card,2,14,8,0.3288,1,0,1
CUST_102041,35,Working Age (25-55),Female,42900.0,9700,debt_consolidation,0,16,8,0.1517,0,2,0
CUST_102042,33,Working Age (25-55),Male,26300.0,9200,debt_consolidation,0,13,3,0.0852,0,0,0
CUST_102043,41,Working Age (25-55),Female,61900.0,6900,home_improvement,8,10,7,0.0724,0,0,0
CUST_102044,30,Working Age (25-55),Male,64800.0,25800,debt_consolidation,12,14,10,0.1547,0,0,0
CUST_102045,53,Working Age (25-55),Female,103600.0,44500,debt_consolidation,1,20,6,0.2786,0,0,1
CUST_102046,40,Working Age (25-55),Male,83700.0,34400,debt_consolidation,3,13,3,0.1249,0,1,0
CUST_102047,39,Working Age (25-55),Male,46300.0,19400,debt_consolidation,1,7,13,0.3355,0,0,1
CUST_102048,36,Working Age (25-55),Female,28300.0,3000,home_improvement,3,15,7,0.2767,0,0,0
CUST_102049,41,Working Age (25-55),Male,68700.0,30400,debt_consolidation,2,12,7,0.2757,0,0,1
CUST_102050,49,Working Age (25-55),Male,99800.0,22800,debt_consolidation,1,18,5,0.1859,0,0,0
CUST_102051,29,Working Age (25-55),Female,82100.0,33200,debt_consolidation,6,10,8,0.2839,0,0,1
CUST_102052,32,Working Age (25-55),Male,98400.0,16300,credit_card,0,15,8,0.1697,0,0,0
CUST_102053,36,Working Age (25-55),Female,48200.0,12400,home_improvement,0,12,8,0.0674,0,2,0
CUST_102054,23,Young (<25),Male,41900.0,4800,debt_consolidation,5,8,7,0.04,0,0,0
CUST_102055,30,Working Age (25-55),Female,36100.0,4100,home_improvement,5,15,8,0.2037,0,0,0
CUST_102056,34,Working Age (25-55),Male,52500.0,22600,debt_consolidation,3,9,5,0.084,0,0,0
CUST_102057,50,Working Age (25-55),Male,51900.0,19900,credit_card,3,19,7,0.3785,0,1,1
CUST_102058,43,Working Age (25-55),Male,60700.0,17300,home_improvement,3,14,7,0.2442,0,0,0
CUST_102059,42,Working Age (25-55),Male,50500.0,14300,medical,2,11,5,0.1081,0,0,0
CUST_102060,50,Working Age (25-55),Male,50300.0,18200,debt_consolidation,2,17,10,0.1297,0,0,0
CUST_102061,38,Working Age (25-55),Female,35300.0,7800,debt_consolidation,3,15,11,0.3616,0,1,1
CUST_102062,44,Working Age (25-55),Male,90900.0,33300,debt_consolidation,3,19,11,0.2134,0,1,0
CUST_102063,38,Working Age (25-55),Male,56500.0,15200,debt_consolidation,5,17,5,0.516,0,0,0
CUST_102064,43,Working Age (25-55),Male,49200.0,15900,debt_consolidation,6,14,8,0.4248,0,0,1
CUST_102065,33,Working Age (25-55),Male,35900.0,15700,debt_consolidation,2,8,2,0.1286,1,0,1
CUST_102066,19,Young (<25),Male,26000.0,6900,debt_consolidation,1,5,11,0.4113,1,0,1
CUST_102067,38,Working Age (25-55),Male,111200.0,27400,major_purchase,2,9,8,0.2763,1,0,1
CUST_102068,57,Senior (>55),Female,73500.0,30600,debt_consolidation,3,19,11,0.214,1,0,1
CUST_102069,51,Working Age (25-55),Female,22200.0,9200,medical,3,16,9,0.1161,1,0,0
CUST_102070,51,Working Age (25-55),Female,82400.0,36900,home_improvement,11,20,8,0.2146,0,0,0
CUST_102071,54,Working Age (25-55),Female,90000.0,26400,small_business,5,12,6,0.2952,0,0,0
CUST_102072,41,Working Age (25-55),Male,58000.0,12800,major_purchase,11,12,4,0.0971,0,0,0
CUST_102073,42,Working Age (25-55),Female,130500.0,24000,home_improvement,6,12,8,0.311,0,0,0
CUST_102074,32,Working Age (25-55),Female,61000.0,6800,home_improvement,14,14,9,0.1463,0,0,0
CUST_102075,36,Working Age (25-55),Male,24900.0,8800,debt_consolidation,5,9,7,0.0436,0,0,0
CUST_102076,47,Working Age (25-55),Female,66200.0,12000,credit_card,16,17,6,0.2071,0,0,0
CUST_102077,54,Working Age (25-55),Female,62000.0,19400,major_purchase,0,18,4,0.4763,0,0,1
CUST_102078,38,Working Age (25-55),Female,38900.0,16400,debt_consolidation,0,16,11,0.0686,0,0,0
CUST_102079,34,Working Age (25-55),Female,74300.0,32100,debt_consolidation,4,13,6,0.2169,0,1,1
CUST_102080,40,Working Age (25-55),Male,21700.0,2200,home_improvement,20,14,3,0.1424,1,0,0
CUST_102081,47,Working Age (25-55),Male,93400.0,19700,credit_card,2,14,5,0.0406,0,0,0
CUST_102082,22,Young (<25),Male,33400.0,13100,home_improvement,1,2,7,0.3185,0,0,1
CUST_102083,19,Young (<25),Female,31500.0,9100,debt_consolidation,1,7,10,0.253,0,0,1
CUST_102084,33,Working Age (25-55),Male,50900.0,19500,credit_card,5,13,9,0.1785,0,0,0
CUST_102085,25,Working Age (25-55),Female,68700.0,27400,debt_consolidation,1,4,13,0.1315,0,1,1
CUST_102086,33,Working Age (25-55),Female,59300.0,15100,major_purchase,6,7,3,0.4315,0,1,1
CUST_102087,38,Working Age (25-55),Female,36000.0,8100,debt_consolidation,18,14,6,0.3175,0,0,0
CUST_102088,34,Working Age (25-55),Female,41000.0,10600,small_business,11,12,9,0.1478,0,0,0
CUST_102089,57,Senior (>55),Female,29100.0,9600,debt_consolidation,1,16,7,0.3069,0,1,1
CUST_102090,43,Working Age (25-55),Female,47900.0,10900,debt_consolidation,1,13,6,0.171,0,0,0
CUST_102091,43,Working Age (25-55),Male,97900.0,36300,debt_consolidation,2,9,4,0.217,0,0,0
CUST_102092,47,Working Age (25-55),Female,54000.0,22500,debt_consolidation,2,20,9,0.293,1,0,1
CUST_102093,26,Working Age (25-55),Female,86900.0,17300,credit_card,0,5,5,0.0685,0,0,0
CUST_102094,52,Working Age (25-55),Female,120600.0,50000,debt_consolidation,7,19,6,0.2256,0,0,0
CUST_102095,39,Working Age (25-55),Male,39200.0,12500,debt_consolidation,2,13,7,0.2339,0,0,0
CUST_102096,48,Working Age (25-55),Female,48900.0,19900,debt_consolidation,10,20,8,0.2933,0,1,1
CUST_102097,27,Working Age (25-55),Male,178800.0,24400,small_business,9,7,7,0.1958,0,0,0
CUST_102098,21,Young (<25),Male,119900.0,22500,debt_consolidation,0,7,4,0.0828,0,0,0
CUST_102099,49,Working Age (25-55),Female,21600.0,4600,debt_consolidation,22,12,7,0.2565,0,0,0
CUST_102100,44,Working Age (25-55),Female,67000.0,13800,credit_card,6,9,7,0.4168,1,0,1
CUST_102101,29,Working Age (25-55),Female,54200.0,8700,major_purchase,3,11,3,0.1648,0,0,1
CUST_102102,29,Working Age (25-55),Male,85400.0,34500,small_business,2,4,9,0.1347,0,1,1
CUST_102103,53,Working Age (25-55),Female,36000.0,8900,small_business,3,17,12,0.1371,0,0,0
CUST_102104,25,Working Age (25-55),Female,34100.0,14900,debt_consolidation,1,11,5,0.3274,0,0,1
CUST_102105,59,Senior (>55),Female,37400.0,11400,small_business,4,22,4,0.1179,0,0,0
CUST_102106,29,Working Age (25-55),Male,39600.0,5900,home_improvement,0,8,9,0.0737,0,0,0
CUST_102107,47,Working Age (25-55),Female,84800.0,24700,major_purchase,4,11,7,0.3708,1,0,1
CUST_102108,36,Working Age (25-55),Female,28300.0,12700,debt_consolidation,1,14,9,0.1343,0,0,0
CUST_102109,47,Working Age (25-55),Male,38500.0,11500,major_purchase,0,20,2,0.1424,0,1,0
CUST_102110,33,Working Age (25-55),Male,20300.0,2000,debt_consolidation,4,9,3,0.2712,0,0,0
CUST_102111,38,Working Age (25-55),Male,94300.0,40200,credit_card,4,10,9,0.2103,0,0,0
CUST_102112,40,Working Age (25-55),Female,109000.0,19900,debt_consolidation,2,12,4,0.1024,0,0,0
CUST_102113,27,Working Age (25-55),Male,45300.0,15400,debt_consolidation,0,11,7,0.325,1,0,1
CUST_102114,48,Working Age (25-55),Male,46000.0,12900,credit_card,11,20,8,0.1859,1,0,0
CUST_102115,33,Working Age (25-55),Female,69500.0,14900,debt_consolidation,4,7,6,0.23,0,0,1
CUST_102116,37,Working Age (25-55),Male,121900.0,24200,home_improvement,0,8,3,0.3756,1,0,1
CUST_102117,28,Working Age (25-55),Female,67800.0,28800,credit_card,3,16,5,0.1639,0,0,0
CUST_102118,19,Young (<25),Male,36900.0,15500,credit_card,1,6,7,0.2581,0,1,1
CUST_102119,37,Working Age (25-55),Female,22200.0,6200,debt_consolidation,0,13,1,0.3507,0,1,1
CUST_102120,68,Senior (>55),Male,29300.0,5600,medical,4,21,8,0.3469,0,0,0
CUST_102121,49,Working Age (25-55),Female,56400.0,7700,credit_card,8,18,4,0.1411,0,0,0
CUST_102122,39,Working Age (25-55),Male,37800.0,5900,debt_consolidation,6,16,8,0.2196,1,0,1
CUST_102123,36,Working Age (25-55),Female,60300.0,17100,home_improvement,1,13,3,0.2829,0,0,0
CUST_102124,40,Working Age (25-55),Male,40000.0,8300,debt_consolidation,9,19,6,0.1146,0,0,0
CUST_102125,46,Working Age (25-55),Male,30300.0,3500,debt_consolidation,2,15,7,0.1593,0,2,0
CUST_102126,25,Working Age (25-55),Female,28400.0,7400,credit_card,7,7,7,0.1702,0,1,0
CUST_102127,53,Working Age (25-55),Male,127900.0,46200,credit_card,0,19,8,0.1111,0,1,0
CUST_102128,48,Working Age (25-55),Male,88300.0,36400,debt_consolidation,3,18,13,0.2979,0,2,1
CUST_102129,48,Working Age (25-55),Female,140300.0,42800,debt_consolidation,4,17,6,0.2101,0,1,0
CUST_102130,45,Working Age (25-55),Female,72900.0,25700,major_purchase,1,11,10,0.055,0,1,0
CUST_102131,40,Working Age (25-55),Male,42800.0,9700,debt_consolidation,7,14,7,0.2263,0,1,0
CUST_102132,48,Working Age (25-55),Female,112200.0,30700,debt_consolidation,4,15,6,0.2789,0,0,0
CUST_102133,47,Working Age (25-55),Female,53200.0,18900,medical,0,14,3,0.3313,0,1,1
CUST_102134,35,Working Age (25-55),Female,61200.0,21700,debt_consolidation,4,12,5,0.2274,0,0,0
CUST_102135,33,Working Age (25-55),Female,52900.0,13200,credit_card,3,8,7,0.2447,1,0,1
CUST_102136,41,Working Age (25-55),Female,18000.0,5200,debt_consolidation,1,10,5,0.2613,0,0,1
CUST_102137,58,Senior (>55),Female,131000.0,50000,credit_card,27,12,4,0.4131,0,1,0
CUST_102138,25,Working Age (25-55),Male,71000.0,22800,debt_consolidation,7,13,7,0.1522,0,0,0
CUST_102139,22,Young (<25),Male,65000.0,21100,medical,1,9,9,0.1857,1,0,1
CUST_102140,41,Working Age (25-55),Female,52400.0,19600,debt_consolidation,3,13,10,0.3415,0,1,1
CUST_102141,40,Working Age (25-55),Male,59300.0,8300,credit_card,1,11,14,0.3109,0,0,0
CUST_102142,42,Working Age (25-55),Male,39000.0,11000,major_purchase,7,6,8,0.0472,0,0,1
CUST_102143,42,Working Age (25-55),Male,76000.0,33100,medical,13,12,10,0.1396,0,0,0
CUST_102144,37,Working Age (25-55),Female,26400.0,6000,debt_consolidation,2,15,15,0.064,0,1,0
CUST_102145,57,Senior (>55),Female,60000.0,12200,small_business,8,22,10,0.4467,0,0,0
CUST_102146,20,Young (<25),Male,73800.0,22900,debt_consolidation,2,8,9,0.4294,1,0,1
CUST_102147,30,Working Age (25-55),Male,48600.0,8600,credit_card,2,10,5,0.157,0,0,0
CUST_102148,38,Working Age (25-55),Male,66400.0,19600,debt_consolidation,13,17,4,0.233,0,0,0
CUST_102149,20,Young (<25),Male,31400.0,4800,debt_consolidation,2,6,9,0.2943,0,1,1
CUST_102150,37,Working Age (25-55),Female,31900.0,9700,debt_consolidation,3,16,10,0.1956,0,1,0
CUST_102151,59,Senior (>55),Male,61700.0,19200,credit_card,5,19,6,0.1028,0,1,0
CUST_102152,40,Working Age (25-55),Female,78700.0,19400,credit_card,1,11,7,0.3895,0,0,1
CUST_102153,42,Working Age (25-55),Female,19300.0,4500,debt_consolidation,1,11,7,0.0404,0,2,0
CUST_102154,24,Young (<25),Male,72200.0,13400,credit_card,6,5,10,0.1473,0,1,0
CUST_102155,32,Working Age (25-55),Female,40200.0,8700,medical,5,13,7,0.2724,0,1,1
CUST_102156,35,Working Age (25-55),Female,48700.0,13400,home_improvement,8,10,8,0.568,0,1,1
CUST_102157,36,Working Age (25-55),Male,25900.0,4800,credit_card,1,9,4,0.1051,0,2,0
CUST_102158,55,Working Age (25-55),Female,33900.0,12700,major_purchase,3,21,4,0.4158,0,0,1
CUST_102159,46,Working Age (25-55),Male,92200.0,32100,credit_card,17,17,7,0.2462,0,2,0
CUST_102160,26,Working Age (25-55),Male,55200.0,10700,debt_consolidation,1,11,7,0.0511,0,0,0
CUST_102161,42,Working Age (25-55),Male,43900.0,5900,credit_card,0,16,7,0.318,0,1,1
CUST_102162,45,Working Age (25-55),Female,50800.0,5100,debt_consolidation,3,13,9,0.0601,0,0,0
CUST_102163,53,Working Age (25-55),Female,70900.0,21900,home_improvement,2,18,5,0.125,0,0,0
CUST_102164,58,Senior (>55),Female,69000.0,12000,medical,0,20,8,0.1435,0,0,0
CUST_102165,27,Working Age (25-55),Female,52000.0,5400,debt_consolidation,9,6,2,0.2272,0,2,0
CUST_102166,30,Working Age (25-55),Female,98800.0,22300,debt_consolidation,12,7,8,0.3314,0,0,0
CUST_102167,24,Young (<25),Male,92400.0,40400,debt_consolidation,4,6,4,0.0409,0,0,0
CUST_102168,37,Working Age (25-55),Female,68000.0,23200,debt_consolidation,7,19,6,0.2963,0,0,0
CUST_102169,45,Working Age (25-55),Male,55800.0,22300,home_improvement,9,14,10,0.1628,0,0,0
CUST_102170,51,Working Age (25-55),Female,77800.0,11700,credit_card,6,21,7,0.0981,0,0,0
CUST_102171,39,Working Age (25-55),Male,64400.0,8100,debt_consolidation,0,12,7,0.1342,0,0,0
CUST_102172,36,Working Age (25-55),Male,97100.0,10100,small_business,0,15,4,0.2771,0,0,0
CUST_102173,41,Working Age (25-55),Female,88900.0,38600,debt_consolidation,0,17,8,0.3292,0,1,1
CUST_102174,29,Working Age (25-55),Female,30900.0,6300,medical,0,13,7,0.3863,0,0,1
CUST_102175,65,Senior (>55),Male,29800.0,7800,debt_consolidation,1,23,3,0.1741,0,0,0
CUST_102176,20,Young (<25),Male,36800.0,8800,credit_card,2,11,15,0.0905,0,0,0
CUST_102177,42,Working Age (25-55),Male,92700.0,33000,debt_consolidation,1,15,5,0.1551,0,0,0
CUST_102178,64,Senior (>55),Female,22800.0,4800,debt_consolidation,0,27,4,0.2246,0,0,0
CUST_102179,40,Working Age (25-55),Female,67300.0,19300,home_improvement,3,9,12,0.2779,0,0,0
CUST_102180,37,Working Age (25-55),Male,66100.0,29600,credit_card,1,13,6,0.2428,0,0,1
CUST_102181,35,Working Age (25-55),Male,102700.0,26200,major_purchase,7,13,7,0.075,0,0,0
CUST_102182,37,Working Age (25-55),Female,59800.0,17500,credit_card,0,10,3,0.2283,0,0,1
CUST_102183,56,Senior (>55),Male,25900.0,7100,major_purchase,9,21,7,0.1195,0,0,0
CUST_102184,19,Young (<25),Female,32000.0,12200,medical,1,2,10,0.3488,0,1,1
CUST_102185,58,Senior (>55),Female,28300.0,5500,credit_card,6,18,5,0.1273,0,0,0
CUST_102186,22,Young (<25),Female,40300.0,6400,credit_card,4,1,9,0.203,0,0,0
CUST_102187,36,Working Age (25-55),Female,49000.0,17800,small_business,13,17,4,0.1887,0,0,1
CUST_102188,34,Working Age (25-55),Male,28500.0,7000,debt_consolidation,1,11,4,0.0769,0,1,0
CUST_102189,47,Working Age (25-55),Female,121600.0,50000,small_business,26,22,10,0.2739,0,0,0
CUST_102190,20,Young (<25),Female,26100.0,8500,credit_card,2,9,11,0.0635,0,0,0
CUST_102191,45,Working Age (25-55),Male,113600.0,33800,home_improvement,6,17,9,0.2212,0,0,0
CUST_102192,64,Senior (>55),Male,104000.0,13000,debt_consolidation,2,20,3,0.3724,0,0,0
CUST_102193,23,Young (<25),Male,88800.0,31600,home_improvement,3,4,7,0.1575,0,0,0
CUST_102194,42,Working Age (25-55),Male,37000.0,12600,debt_consolidation,5,16,10,0.3194,0,1,1
CUST_102195,32,Working Age (25-55),Female,65400.0,21200,home_improvement,4,10,7,0.3106,0,0,1
CUST_102196,45,Working Age (25-55),Male,26800.0,5200,credit_card,6,11,9,0.2825,0,1,1
CUST_102197,40,Working Age (25-55),Male,89400.0,38600,debt_consolidation,0,9,6,0.3049,0,0,1
CUST_102198,32,Working Age (25-55),Male,52000.0,11100,major_purchase,2,8,5,0.0815,0,0,0
CUST_102199,45,Working Age (25-55),Female,43300.0,6600,home_improvement,2,21,7,0.1057,0,2,0
CUST_102200,61,Senior (>55),Female,27600.0,12300,medical,1,27,11,0.1081,0,0,0
CUST_102201,37,Working Age (25-55),Male,18000.0,6500,debt_consolidation,0,13,8,0.2967,0,0,1
CUST_102202,48,Working Age (25-55),Female,30600.0,7500,credit_card,0,17,11,0.1092,1,0,0
CUST_102203,24,Young (<25),Male,99900.0,42700,credit_card,2,7,5,0.3216,0,0,1
CUST_102204,28,Working Age (25-55),Male,43400.0,5700,credit_card,3,6,7,0.13,0,0,0
CUST_102205,45,Working Age (25-55),Male,49400.0,6500,debt_consolidation,0,19,6,0.0825,0,0,0
CUST_102206,57,Senior (>55),Male,77700.0,26300,debt_consolidation,14,25,7,0.1983,0,0,0
CUST_102207,44,Working Age (25-55),Male,146300.0,23700,major_purchase,7,12,10,0.1706,0,0,0
CUST_102208,36,Working Age (25-55),Female,112300.0,47300,debt_consolidation,6,12,6,0.4344,0,1,1
CUST_102209,39,Working Age (25-55),Male,31700.0,12500,medical,0,12,7,0.3176,0,0,1
CUST_102210,24,Young (<25),Male,18600.0,3900,debt_consolidation,4,7,5,0.2921,0,1,1
CUST_102211,47,Working Age (25-55),Female,198300.0,50000,medical,3,20,12,0.0861,0,0,0
CUST_102212,50,Working Age (25-55),Female,188700.0,21700,credit_card,20,13,5,0.2414,1,0,0
CUST_102213,34,Working Age (25-55),Female,60100.0,17600,home_improvement,6,13,9,0.1277,1,0,0
CUST_102214,34,Working Age (25-55),Male,26900.0,11500,debt_consolidation,4,14,3,0.2036,0,1,1
CUST_102215,43,Working Age (25-55),Female,92000.0,36700,major_purchase,9,14,7,0.3827,1,1,1
CUST_102216,34,Working Age (25-55),Male,51100.0,11500,credit_card,0,14,13,0.213,0,0,0
CUST_102217,39,Working Age (25-55),Female,50900.0,8300,credit_card,0,14,4,0.433,0,0,0
CUST_102218,65,Senior (>55),Female,88600.0,15400,debt_consolidation,5,26,7,0.112,0,0,0
CUST_102219,37,Working Age (25-55),Male,65100.0,18200,credit_card,0,8,6,0.3793,0,0,1
CUST_102220,35,Working Age (25-55),Female,28200.0,8700,small_business,0,11,9,0.1733,0,0,0
CUST_102221,32,Working Age (25-55),Male,45300.0,5000,debt_consolidation,6,10,9,0.2798,0,0,0
CUST_102222,48,Working Age (25-55),Male,77900.0,19100,home_improvement,1,8,5,0.2249,0,0,0
CUST_102223,37,Working Age (25-55),Male,71700.0,28000,debt_consolidation,4,9,2,0.2485,0,2,0
CUST_102224,32,Working Age (25-55),Female,62600.0,16000,major_purchase,12,8,6,0.0669,1,1,0
CUST_102225,55,Working Age (25-55),Male,90500.0,14400,medical,1,22,8,0.1834,0,0,0
CUST_102226,57,Senior (>55),Male,44400.0,19300,debt_consolidation,1,17,7,0.0542,0,0,1
CUST_102227,32,Working Age (25-55),Male,59800.0,11600,debt_consolidation,0,8,6,0.2232,0,1,1
CUST_102228,19,Young (<25),Male,18000.0,6800,credit_card,0,9,12,0.1231,0,0,0
CUST_102229,52,Working Age (25-55),Male,42300.0,7100,debt_consolidation,0,13,6,0.1168,1,1,1
CUST_102230,31,Working Age (25-55),Male,82500.0,20500,credit_card,0,4,9,0.205,0,0,0
CUST_102231,49,Working Age (25-55),Male,43700.0,11900,debt_consolidation,2,16,10,0.0876,0,0,0
CUST_102232,19,Young (<25),Female,41900.0,11500,credit_card,1,2,11,0.0954,0,0,0
CUST_102233,50,Working Age (25-55),Female,30600.0,8600,debt_consolidation,6,13,7,0.2368,0,0,0
CUST_102234,25,Working Age (25-55),Female,94100.0,16800,debt_consolidation,7,10,5,0.2997,0,0,0
CUST_102235,48,Working Age (25-55),Female,73300.0,20600,debt_consolidation,7,19,13,0.1319,0,0,0
CUST_102236,40,Working Age (25-55),Female,85300.0,22900,credit_card,3,16,4,0.2261,0,0,0
CUST_102237,28,Working Age (25-55),Female,21000.0,3600,credit_card,0,13,10,0.1503,0,0,0
CUST_102238,35,Working Age (25-55),Male,49600.0,22100,debt_consolidation,6,15,6,0.2245,0,0,0
CUST_102239,48,Working Age (25-55),Female,46400.0,18700,credit_card,2,10,11,0.1196,0,0,0
CUST_102240,41,Working Age (25-55),Male,46400.0,19100,small_business,0,15,4,0.3504,0,1,1
CUST_102241,47,Working Age (25-55),Female,38600.0,13100,debt_consolidation,9,14,4,0.04,0,0,0
CUST_102242,63,Senior (>55),Female,44800.0,7000,small_business,2,19,6,0.3681,0,1,1
CUST_102243,21,Young (<25),Female,86400.0,25800,credit_card,1,9,16,0.2581,0,0,0
CUST_102244,59,Senior (>55),Female,18900.0,7300,debt_consolidation,10,15,5,0.0983,0,0,0
CUST_102245,41,Working Age (25-55),Male,144000.0,16400,debt_consolidation,11,9,11,0.04,0,0,0
CUST_102246,29,Working Age (25-55),Male,70700.0,19300,credit_card,2,12,6,0.3409,0,0,1
CUST_102247,24,Young (<25),Female,52900.0,12600,home_improvement,2,9,4,0.2762,0,1,1
CUST_102248,37,Working Age (25-55),Female,89200.0,15500,debt_consolidation,4,13,7,0.2247,0,0,0
CUST_102249,51,Working Age (25-55),Female,24400.0,5700,medical,6,15,6,0.1431,0,0,0
CUST_102250,38,Working Age (25-55),Male,37600.0,16700,credit_card,0,15,6,0.4074,0,2,1
CUST_102251,58,Senior (>55),Male,50700.0,17900,debt_consolidation,4,22,8,0.0925,0,0,0
CUST_102252,22,Young (<25),Male,114800.0,23500,debt_consolidation,4,7,4,0.3842,1,0,1
CUST_102253,39,Working Age (25-55),Male,52800.0,16500,debt_consolidation,1,10,3,0.3535,1,2,1
CUST_102254,24,Young (<25),Male,69400.0,12900,credit_card,6,7,11,0.1896,0,0,0
CUST_102255,44,Working Age (25-55),Female,39200.0,12300,credit_card,14,17,5,0.0689,0,0,0
CUST_102256,50,Working Age (25-55),Female,70800.0,29300,home_improvement,1,21,7,0.1476,0,1,0
CUST_102257,34,Working Age (25-55),Male,136300.0,40200,home_improvement,7,10,6,0.306,0,0,0
CUST_102258,19,Young (<25),Male,93700.0,33400,debt_consolidation,1,5,7,0.2792,0,0,1
CUST_102259,42,Working Age (25-55),Male,51800.0,13400,credit_card,6,14,5,0.3657,0,0,1
CUST_102260,45,Working Age (25-55),Male,78600.0,22300,debt_consolidation,7,16,8,0.3465,0,3,1
CUST_102261,44,Working Age (25-55),Female,74400.0,25500,debt_consolidation,1,13,10,0.2212,0,0,0
CUST_102262,54,Working Age (25-55),Male,71600.0,27500,home_improvement,6,10,5,0.2684,0,0,1
CUST_102263,27,Working Age (25-55),Male,99900.0,33000,debt_consolidation,8,13,4,0.2554,0,0,0
CUST_102264,48,Working Age (25-55),Female,99500.0,44000,small_business,2,22,2,0.1312,0,0,0
CUST_102265,54,Working Age (25-55),Male,50500.0,19500,medical,0,17,10,0.2253,1,0,1
CUST_102266,19,Young (<25),Male,77100.0,28700,credit_card,0,3,7,0.1485,1,0,1
CUST_102267,43,Working Age (25-55),Female,43900.0,17400,debt_consolidation,4,14,7,0.1854,0,0,0
CUST_102268,33,Working Age (25-55),Female,32600.0,6500,debt_consolidation,15,10,7,0.4082,0,0,1
CUST_102269,39,Working Age (25-55),Female,46700.0,11700,debt_consolidation,8,16,8,0.3419,1,0,1
CUST_102270,44,Working Age (25-55),Male,52000.0,15500,credit_card,2,15,9,0.3031,0,0,0
CUST_102271,34,Working Age (25-55),Female,21700.0,5700,small_business,3,9,2,0.2172,0,1,1
CUST_102272,31,Working Age (25-55),Male,87000.0,34500,credit_card,1,6,4,0.3363,0,0,1
CUST_102273,40,Working Age (25-55),Male,18000.0,2000,home_improvement,0,16,6,0.0799,0,1,0
CUST_102274,26,Working Age (25-55),Female,241100.0,41800,home_improvement,3,10,10,0.0856,1,0,0
CUST_102275,26,Working Age (25-55),Male,123800.0,50000,small_business,3,12,7,0.2372,0,0,1
CUST_102276,48,Working Age (25-55),Male,46900.0,5700,debt_consolidation,3,13,10,0.2512,0,0,0
CUST_102277,26,Working Age (25-55),Female,54500.0,9800,small_business,8,14,9,0.04,0,0,0
CUST_102278,47,Working Age (25-55),Female,64000.0,14300,credit_card,4,11,6,0.1005,0,0,0
CUST_102279,45,Working Age (25-55),Male,39200.0,14200,debt_consolidation,4,17,8,0.4281,1,0,0
CUST_102280,19,Young (<25),Male,60200.0,17800,medical,0,1,6,0.1487,0,0,0
CUST_102281,31,Working Age (25-55),Female,50100.0,21700,major_purchase,13,8,6,0.189,1,1,1
CUST_102282,54,Working Age (25-55),Female,51400.0,9200,credit_card,7,23,12,0.0499,0,2,0
CUST_102283,28,Working Age (25-55),Female,59900.0,24300,small_business,10,12,6,0.0979,0,0,0
CUST_102284,34,Working Age (25-55),Male,26300.0,5200,debt_consolidation,2,10,6,0.4754,0,1,1
CUST_102285,45,Working Age (25-55),Female,55400.0,10300,debt_consolidation,3,14,11,0.2348,1,3,1
CUST_102286,49,Working Age (25-55),Male,59300.0,16300,debt_consolidation,3,17,4,0.0793,0,0,0
CUST_102287,36,Working Age (25-55),Male,58200.0,7300,credit_card,1,14,8,0.0907,0,2,0
CUST_102288,32,Working Age (25-55),Female,48100.0,11300,credit_card,5,14,9,0.2121,0,2,0
CUST_102289,57,Senior (>55),Male,101300.0,22700,debt_consolidation,11,18,3,0.1057,0,0,0
CUST_102290,60,Senior (>55),Female,44600.0,7000,credit_card,0,16,7,0.3274,0,0,0
CUST_102291,51,Working Age (25-55),Male,61400.0,24600,debt_consolidation,0,18,7,0.3929,1,0,1
CUST_102292,41,Working Age (25-55),Female,110600.0,26000,debt_consolidation,6,12,4,0.3747,0,2,1
CUST_102293,30,Working Age (25-55),Male,51900.0,23000,debt_consolidation,1,6,3,0.2982,0,0,1
CUST_102294,30,Working Age (25-55),Male,61000.0,25300,debt_consolidation,4,11,4,0.1124,1,0,1
CUST_102295,46,Working Age (25-55),Female,51400.0,8600,debt_consolidation,5,15,11,0.0476,0,0,0
CUST_102296,45,Working Age (25-55),Female,107000.0,29600,debt_consolidation,1,16,9,0.2252,1,0,1
CUST_102297,56,Senior (>55),Female,47000.0,14600,debt_consolidation,8,16,6,0.1948,0,0,0
CUST_102298,47,Working Age (25-55),Female,109700.0,42400,debt_consolidation,3,17,8,0.3211,0,0,1
CUST_102299,21,Young (<25),Male,51200.0,21000,debt_consolidation,3,3,9,0.2512,0,0,1
CUST_102300,52,Working Age (25-55),Male,33800.0,10800,major_purchase,7,15,3,0.4808,0,0,1
CUST_102301,28,Working Age (25-55),Female,78700.0,8800,debt_consolidation,10,9,7,0.2797,0,0,0
CUST_102302,35,Working Age (25-55),Male,45800.0,12300,credit_card,0,17,9,0.1811,0,2,0
CUST_102303,43,Working Age (25-55),Male,76200.0,31200,debt_consolidation,1,17,8,0.0632,0,0,0
CUST_102304,63,Senior (>55),Male,18000.0,6300,debt_consolidation,0,25,8,0.1158,0,1,0
CUST_102305,75,Senior (>55),Female,54300.0,22000,debt_consolidation,2,30,9,0.1689,0,0,0
CUST_102306,47,Working Age (25-55),Female,42100.0,14100,major_purchase,11,27,6,0.0874,0,0,0
CUST_102307,37,Working Age (25-55),Female,30200.0,3500,debt_consolidation,3,13,8,0.0971,0,2,0
CUST_102308,46,Working Age (25-55),Male,40000.0,17600,credit_card,9,20,5,0.2964,0,1,1
CUST_102309,50,Working Age (25-55),Female,39500.0,16600,credit_card,1,20,3,0.1062,1,0,0
CUST_102310,36,Working Age (25-55),Female,52800.0,7600,debt_consolidation,2,15,12,0.2257,0,0,0
CUST_102311,61,Senior (>55),Female,25500.0,3600,major_purchase,11,26,8,0.2698,0,0,0
CUST_102312,42,Working Age (25-55),Male,64500.0,18600,debt_consolidation,2,13,9,0.2276,0,0,0
CUST_102313,45,Working Age (25-55),Female,114900.0,41900,debt_consolidation,7,14,7,0.1313,0,0,0
CUST_102314,47,Working Age (25-55),Female,63200.0,14800,debt_consolidation,1,17,7,0.0951,1,3,1
CUST_102315,45,Working Age (25-55),Female,84500.0,12500,debt_consolidation,14,15,10,0.1863,0,0,0
CUST_102316,50,Working Age (25-55),Female,98900.0,27600,debt_consolidation,4,18,4,0.1922,1,1,1
CUST_102317,32,Working Age (25-55),Male,106900.0,23300,credit_card,7,15,13,0.4345,0,0,0
CUST_102318,33,Working Age (25-55),Female,151500.0,33800,debt_consolidation,0,10,9,0.2189,0,1,0
CUST_102319,26,Working Age (25-55),Female,41200.0,13400,credit_card,3,8,13,0.2055,0,0,0
CUST_102320,45,Working Age (25-55),Male,36500.0,15000,debt_consolidation,11,16,7,0.1997,0,0,0
CUST_102321,49,Working Age (25-55),Female,83400.0,24600,medical,10,16,7,0.361,0,0,0
CUST_102322,45,Working Age (25-55),Female,80000.0,27300,debt_consolidation,0,10,7,0.0626,0,0,0
CUST_102323,60,Senior (>55),Male,83000.0,27500,credit_card,1,19,4,0.1981,0,0,0
CUST_102324,39,Working Age (25-55),Female,153100.0,44800,home_improvement,2,15,7,0.1916,0,0,0
CUST_102325,48,Working Age (25-55),Female,54500.0,11400,debt_consolidation,0,21,11,0.285,0,1,0
CUST_102326,26,Working Age (25-55),Female,68500.0,15900,debt_consolidation,6,5,7,0.1405,0,0,0
CUST_102327,35,Working Age (25-55),Male,31600.0,6700,debt_consolidation,1,8,6,0.4258,0,0,1
CUST_102328,48,Working Age (25-55),Male,175300.0,50000,debt_consolidation,2,16,7,0.3715,0,0,0
CUST_102329,50,Working Age (25-55),Male,45000.0,17500,debt_consolidation,5,11,7,0.0723,0,1,0
CUST_102330,36,Working Age (25-55),Male,45700.0,13800,credit_card,3,11,12,0.0715,0,1,0
CUST_102331,39,Working Age (25-55),Female,44800.0,18800,debt_consolidation,6,8,7,0.0468,0,0,0
CUST_102332,21,Young (<25),Female,38000.0,15600,credit_card,3,11,5,0.1397,0,0,0
CUST_102333,35,Working Age (25-55),Male,36300.0,15400,debt_consolidation,0,9,5,0.2227,0,0,1
CUST_102334,50,Working Age (25-55),Male,40600.0,7200,small_business,6,22,4,0.3163,0,0,0
CUST_102335,46,Working Age (25-55),Female,25600.0,9000,debt_consolidation,1,19,5,0.1125,0,0,0
CUST_102336,46,Working Age (25-55),Male,35200.0,11000,debt_consolidation,2,14,8,0.3871,1,0,1
CUST_102337,40,Working Age (25-55),Female,158200.0,50000,debt_consolidation,0,10,11,0.1227,0,0,0
CUST_102338,40,Working Age (25-55),Female,81200.0,15600,debt_consolidation,0,13,7,0.2061,0,0,0
CUST_102339,32,Working Age (25-55),Female,90200.0,31000,credit_card,1,10,5,0.4807,0,0,1
CUST_102340,48,Working Age (25-55),Female,103500.0,25200,credit_card,2,17,4,0.1636,0,0,0
CUST_102341,45,Working Age (25-55),Male,148600.0,50000,credit_card,11,13,6,0.4091,0,0,1
CUST_102342,45,Working Age (25-55),Male,20400.0,7700,credit_card,6,17,10,0.2288,0,2,1
CUST_102343,33,Working Age (25-55),Female,27500.0,4800,major_purchase,15,12,3,0.3628,0,0,0
CUST_102344,19,Young (<25),Female,34800.0,5700,credit_card,1,5,9,0.0677,1,2,1
CUST_102345,53,Working Age (25-55),Male,41800.0,14700,debt_consolidation,1,16,11,0.3571,1,0,1
CUST_102346,34,Working Age (25-55),Female,45900.0,13400,debt_consolidation,1,11,10,0.1673,0,0,0
CUST_102347,29,Working Age (25-55),Male,42400.0,12500,debt_consolidation,1,7,6,0.3501,0,1,1
CUST_102348,48,Working Age (25-55),Female,61100.0,22200,credit_card,1,16,5,0.0784,0,0,0
CUST_102349,35,Working Age (25-55),Male,55200.0,22000,debt_consolidation,5,12,7,0.252,0,2,1
CUST_102350,52,Working Age (25-55),Female,36400.0,6700,credit_card,3,18,6,0.2488,0,0,0
CUST_102351,47,Working Age (25-55),Female,18000.0,5300,debt_consolidation,2,21,7,0.049,0,0,0
CUST_102352,48,Working Age (25-55),Female,31400.0,12200,small_business,0,16,4,0.1703,0,1,0
CUST_102353,23,Young (<25),Female,40100.0,16300,medical,0,11,6,0.097,0,0,0
CUST_102354,54,Working Age (25-55),Female,47300.0,9500,debt_consolidation,1,19,8,0.2526,0,0,0
CUST_102355,43,Working Age (25-55),Male,29100.0,4000,small_business,0,14,4,0.3447,0,0,1
CUST_102356,35,Working Age (25-55),Female,41400.0,7500,small_business,7,11,8,0.2484,0,0,0
CUST_102357,41,Working Age (25-55),Female,29100.0,12500,medical,0,14,7,0.2662,0,0,1
CUST_102358,19,Young (<25),Male,50600.0,13200,debt_consolidation,1,7,12,0.2005,0,0,0
CUST_102359,44,Working Age (25-55),Male,30000.0,7400,home_improvement,2,12,6,0.1975,0,0,0
CUST_102360,27,Working Age (25-55),Male,34000.0,3600,debt_consolidation,0,5,7,0.2037,1,0,1
CUST_102361,23,Young (<25),Male,26400.0,3100,credit_card,5,10,12,0.1091,0,0,0
CUST_102362,21,Young (<25),Female,49800.0,16600,home_improvement,3,10,10,0.1992,0,0,0
CUST_102363,53,Working Age (25-55),Male,33600.0,10300,home_improvement,1,20,9,0.4302,0,0,1
CUST_102364,32,Working Age (25-55),Male,89200.0,26900,debt_consolidation,11,11,7,0.1358,1,0,0
CUST_102365,58,Senior (>55),Male,67700.0,9400,small_business,0,22,7,0.364,0,0,0
CUST_102366,33,Working Age (25-55),Female,52100.0,11600,debt_consolidation,1,13,8,0.2417,0,0,0
CUST_102367,19,Young (<25),Female,34900.0,13400,debt_consolidation,1,9,7,0.242,0,0,1
CUST_102368,26,Working Age (25-55),Female,66800.0,10800,credit_card,6,6,4,0.2281,0,1,0
CUST_102369,54,Working Age (25-55),Male,79200.0,32400,small_business,1,15,6,0.2302,0,0,0
CUST_102370,38,Working Age (25-55),Male,58600.0,8400,medical,0,12,5,0.1534,0,0,0
CUST_102371,33,Working Age (25-55),Male,130900.0,20800,home_improvement,9,11,6,0.2641,0,0,0
CUST_102372,41,Working Age (25-55),Female,69800.0,18700,debt_consolidation,1,13,7,0.1784,0,0,1
CUST_102373,46,Working Age (25-55),Male,89500.0,38600,debt_consolidation,1,10,7,0.1494,0,0,0
CUST_102374,53,Working Age (25-55),Male,58300.0,12600,debt_consolidation,3,23,8,0.1617,1,0,0
CUST_102375,57,Senior (>55),Female,78600.0,26000,debt_consolidation,12,19,6,0.2572,0,0,0
CUST_102376,35,Working Age (25-55),Male,35000.0,10700,debt_consolidation,0,12,5,0.2553,0,0,0
CUST_102377,24,Young (<25),Female,42100.0,6400,debt_consolidation,6,12,8,0.349,1,1,1
CUST_102378,35,Working Age (25-55),Male,65700.0,12300,debt_consolidation,4,5,5,0.2234,0,2,0
CUST_102379,43,Working Age (25-55),Male,65400.0,27800,small_business,2,13,7,0.1447,0,0,0
CUST_102380,28,Working Age (25-55),Male,71600.0,11800,credit_card,6,8,6,0.2374,0,0,0
CUST_102381,28,Working Age (25-55),Male,99200.0,34000,home_improvement,10,8,10,0.1093,0,0,0
CUST_102382,44,Working Age (25-55),Male,24700.0,10800,debt_consolidation,1,14,8,0.3554,1,0,1
CUST_102383,39,Working Age (25-55),Male,31700.0,4500,debt_consolidation,0,17,5,0.1289,0,0,0
CUST_102384,40,Working Age (25-55),Female,61500.0,14700,debt_consolidation,12,16,5,0.1693,0,0,0
CUST_102385,30,Working Age (25-55),Male,36400.0,6500,debt_consolidation,5,13,13,0.2123,0,0,0
CUST_102386,37,Working Age (25-55),Female,260000.0,46200,credit_card,2,13,8,0.2202,0,0,0
CUST_102387,28,Working Age (25-55),Female,71900.0,10200,credit_card,4,5,5,0.3136,0,0,0
CUST_102388,50,Working Age (25-55),Male,51900.0,17000,small_business,6,11,1,0.236,0,3,1
CUST_102389,52,Working Age (25-55),Male,40800.0,14700,major_purchase,7,13,11,0.1692,0,2,0
CUST_102390,19,Young (<25),Female,41600.0,14000,credit_card,1,7,10,0.1413,0,0,0
CUST_102391,28,Working Age (25-55),Female,55100.0,23300,debt_consolidation,2,9,3,0.3522,0,0,1
CUST_102392,22,Young (<25),Female,57600.0,8700,major_purchase,1,7,7,0.2109,0,0,0
CUST_102393,32,Working Age (25-55),Female,42100.0,8900,home_improvement,5,10,6,0.2858,0,0,0
CUST_102394,38,Working Age (25-55),Female,46600.0,10300,credit_card,2,19,10,0.3204,0,0,0
CUST_102395,22,Young (<25),Male,113500.0,20600,home_improvement,4,5,9,0.1377,0,0,0
CUST_102396,28,Working Age (25-55),Female,116000.0,17400,debt_consolidation,2,12,10,0.0997,0,0,0
CUST_102397,27,Working Age (25-55),Female,62200.0,16800,debt_consolidation,0,9,9,0.3978,1,0,1
CUST_102398,42,Working Age (25-55),Female,25900.0,10200,debt_consolidation,3,14,6,0.0445,0,0,0
CUST_102399,40,Working Age (25-55),Male,72900.0,31600,debt_consolidation,5,17,4,0.3377,1,0,1
CUST_102400,31,Working Age (25-55),Female,127400.0,18500,debt_consolidation,8,15,5,0.0459,0,0,0
CUST_102401,42,Working Age (25-55),Female,115100.0,44700,debt_consolidation,3,13,6,0.1929,0,3,1
CUST_102402,33,Working Age (25-55),Female,81100.0,31500,small_business,0,13,8,0.2604,0,0,1
CUST_102403,36,Working Age (25-55),Male,118500.0,28000,credit_card,2,13,6,0.2304,0,0,0
CUST_102404,60,Senior (>55),Male,55800.0,7700,debt_consolidation,7,21,2,0.351,0,2,0
CUST_102405,56,Senior (>55),Female,76500.0,34200,debt_consolidation,2,20,7,0.237,0,0,0
CUST_102406,24,Young (<25),Female,37300.0,12300,credit_card,5,6,4,0.225,0,0,0
CUST_102407,49,Working Age (25-55),Female,63600.0,28200,debt_consolidation,3,16,3,0.3212,0,0,1
CUST_102408,49,Working Age (25-55),Male,112600.0,30300,home_improvement,1,15,5,0.1233,0,0,0
CUST_102409,26,Working Age (25-55),Male,39200.0,9300,home_improvement,7,11,6,0.0987,0,0,0
CUST_102410,49,Working Age (25-55),Female,33700.0,6300,credit_card,0,16,5,0.04,0,0,0
CUST_102411,58,Senior (>55),Female,57200.0,25400,debt_consolidation,3,16,6,0.1204,0,0,0
CUST_102412,26,Working Age (25-55),Female,47800.0,9000,home_improvement,1,6,8,0.1754,0,1,0
CUST_102413,28,Working Age (25-55),Female,77400.0,8400,debt_consolidation,0,1,9,0.2187,0,0,0
CUST_102414,52,Working Age (25-55),Male,42200.0,11800,debt_consolidation,3,16,6,0.2126,0,0,0
CUST_102415,43,Working Age (25-55),Female,139400.0,32300,credit_card,3,15,7,0.4026,1,0,1
CUST_102416,46,Working Age (25-55),Female,26700.0,5100,major_purchase,6,15,11,0.3174,0,0,0
CUST_102417,44,Working Age (25-55),Female,108000.0,34800,debt_consolidation,6,21,6,0.3697,0,0,0
CUST_102418,44,Working Age (25-55),Male,35600.0,8100,major_purchase,6,17,4,0.4679,0,1,1
CUST_102419,24,Young (<25),Male,20200.0,4900,debt_consolidation,2,9,9,0.2825,1,1,1
CUST_102420,52,Working Age (25-55),Female,61700.0,6700,debt_consolidation,4,13,10,0.341,0,0,0
CUST_102421,54,Working Age (25-55),Female,47100.0,14400,credit_card,4,17,5,0.0957,0,0,0
CUST_102422,37,Working Age (25-55),Female,29400.0,4200,debt_consolidation,2,11,11,0.225,0,0,0
CUST_102423,39,Working Age (25-55),Male,21500.0,3800,debt_consolidation,4,11,9,0.0587,0,0,0
CUST_102424,21,Young (<25),Female,53900.0,18900,debt_consolidation,3,4,5,0.127,1,0,1
CUST_102425,46,Working Age (25-55),Male,92700.0,19400,debt_consolidation,1,10,11,0.1649,1,0,0
CUST_102426,46,Working Age (25-55),Male,74700.0,11700,debt_consolidation,11,12,7,0.2787,0,2,0
CUST_102427,39,Working Age (25-55),Male,55900.0,16900,home_improvement,0,16,6,0.3127,0,0,1
CUST_102428,53,Working Age (25-55),Female,70500.0,12400,home_improvement,1,18,9,0.2538,0,0,0
CUST_102429,35,Working Age (25-55),Male,53400.0,10400,major_purchase,1,10,12,0.0862,0,1,0
CUST_102430,46,Working Age (25-55),Male,24700.0,7800,home_improvement,4,16,7,0.1354,0,0,0
CUST_102431,27,Working Age (25-55),Female,24800.0,8900,credit_card,0,12,9,0.066,0,0,0
CUST_102432,39,Working Age (25-55),Female,48400.0,17400,credit_card,10,13,8,0.2309,0,1,1
CUST_102433,37,Working Age (25-55),Female,49600.0,13300,small_business,8,14,10,0.1733,0,0,0
CUST_102434,42,Working Age (25-55),Female,86500.0,22400,debt_consolidation,5,12,7,0.3655,0,1,1
CUST_102435,35,Working Age (25-55),Female,82200.0,30900,debt_consolidation,3,10,7,0.0582,0,0,0
CUST_102436,38,Working Age (25-55),Male,75600.0,12700,home_improvement,13,14,12,0.2361,0,0,0
CUST_102437,49,Working Age (25-55),Female,46400.0,7100,debt_consolidation,8,22,2,0.0907,0,0,0
CUST_102438,34,Working Age (25-55),Male,25400.0,8400,major_purchase,3,16,5,0.4163,0,0,1
CUST_102439,20,Young (<25),Female,68000.0,16500,credit_card,2,8,8,0.364,0,0,1
CUST_102440,60,Senior (>55),Male,72300.0,25200,debt_consolidation,4,21,5,0.04,0,0,0
CUST_102441,56,Senior (>55),Female,18000.0,3400,home_improvement,4,23,5,0.1903,0,0,0
CUST_102442,24,Young (<25),Male,34200.0,7300,debt_consolidation,2,10,5,0.282,0,0,1
CUST_102443,48,Working Age (25-55),Female,37000.0,15300,medical,3,9,4,0.3194,0,0,1
CUST_102444,33,Working Age (25-55),Female,57800.0,14300,medical,0,8,1,0.2397,0,1,1
CUST_102445,43,Working Age (25-55),Male,34800.0,10700,credit_card,2,16,3,0.0974,0,0,0
CUST_102446,43,Working Age (25-55),Female,53100.0,7300,debt_consolidation,5,9,7,0.1937,0,1,0
CUST_102447,37,Working Age (25-55),Male,48300.0,7900,debt_consolidation,15,10,6,0.4661,0,0,1
CUST_102448,30,Working Age (25-55),Male,49600.0,5600,credit_card,12,8,6,0.2902,0,0,0
CUST_102449,31,Working Age (25-55),Female,36500.0,9100,small_business,4,10,2,0.1366,0,2,0
CUST_102450,29,Working Age (25-55),Male,38100.0,17000,debt_consolidation,4,9,3,0.2425,1,0,1
CUST_102451,30,Working Age (25-55),Male,29900.0,12100,debt_consolidation,1,9,8,0.2618,1,0,1
CUST_102452,39,Working Age (25-55),Female,66800.0,21500,debt_consolidation,5,16,6,0.1707,0,0,0
CUST_102453,31,Working Age (25-55),Male,74200.0,29800,credit_card,0,10,10,0.1629,0,0,0
CUST_102454,48,Working Age (25-55),Male,35500.0,10900,small_business,1,15,7,0.1607,0,0,0
CUST_102455,57,Senior (>55),Female,125000.0,28600,debt_consolidation,5,15,3,0.4678,0,2,1
CUST_102456,33,Working Age (25-55),Female,45600.0,7300,debt_consolidation,1,14,11,0.108,0,1,1
CUST_102457,42,Working Age (25-55),Male,125700.0,41300,credit_card,0,12,5,0.2156,0,0,0
CUST_102458,45,Working Age (25-55),Female,38100.0,6400,small_business,8,12,8,0.4159,0,0,1
CUST_102459,45,Working Age (25-55),Female,18000.0,4400,home_improvement,1,16,5,0.2195,0,0,0
CUST_102460,40,Working Age (25-55),Female,67600.0,26300,home_improvement,0,11,10,0.2061,0,2,1
CUST_102461,48,Working Age (25-55),Male,62100.0,9000,debt_consolidation,0,15,10,0.292,0,1,1
CUST_102462,45,Working Age (25-55),Female,55200.0,8000,debt_consolidation,1,16,9,0.0832,0,0,0
CUST_102463,25,Working Age (25-55),Female,38100.0,6800,medical,0,7,7,0.0935,0,1,0
CUST_102464,50,Working Age (25-55),Male,53200.0,15600,medical,7,24,7,0.2138,0,1,0
CUST_102465,50,Working Age (25-55),Female,40900.0,7700,credit_card,1,17,8,0.2344,0,2,0
CUST_102466,30,Working Age (25-55),Male,45900.0,12700,home_improvement,8,12,3,0.2377,0,0,0
CUST_102467,40,Working Age (25-55),Male,86100.0,17700,major_purchase,0,8,10,0.2287,0,1,0
CUST_102468,48,Working Age (25-55),Male,60000.0,16600,debt_consolidation,3,14,10,0.1992,1,0,1
CUST_102469,37,Working Age (25-55),Male,75800.0,14900,debt_consolidation,5,9,3,0.2686,0,0,0
CUST_102470,52,Working Age (25-55),Female,47700.0,21100,credit_card,5,15,10,0.3615,0,0,1
CUST_102471,68,Senior (>55),Male,44900.0,12200,medical,4,25,7,0.4013,0,1,1
CUST_102472,30,Working Age (25-55),Female,28700.0,10300,credit_card,12,13,7,0.2214,0,0,0
CUST_102473,23,Young (<25),Female,44200.0,15300,home_improvement,1,9,8,0.0726,1,0,1
CUST_102474,43,Working Age (25-55),Female,18000.0,4900,debt_consolidation,3,14,10,0.1008,0,2,0
CUST_102475,48,Working Age (25-55),Female,39200.0,7200,debt_consolidation,10,14,6,0.103,0,0,0
CUST_102476,37,Working Age (25-55),Male,51800.0,14400,debt_consolidation,0,16,10,0.2061,0,1,0
CUST_102477,57,Senior (>55),Female,73900.0,25000,medical,0,26,4,0.2976,0,0,0
CUST_102478,23,Young (<25),Male,46700.0,12200,credit_card,1,8,3,0.4005,0,0,1
CUST_102479,48,Working Age (25-55),Male,65600.0,8400,debt_consolidation,5,19,8,0.0422,0,0,0
CUST_102480,32,Working Age (25-55),Male,18000.0,2000,major_purchase,1,12,8,0.1642,0,0,0
CUST_102481,60,Senior (>55),Female,52500.0,11300,credit_card,1,23,7,0.1424,0,0,0
CUST_102482,63,Senior (>55),Male,21500.0,3300,small_business,3,18,8,0.2801,0,0,0
CUST_102483,30,Working Age (25-55),Female,27900.0,11600,credit_card,4,9,7,0.207,0,0,0
CUST_102484,33,Working Age (25-55),Female,48900.0,7900,debt_consolidation,1,12,4,0.3583,0,1,1
CUST_102485,50,Working Age (25-55),Male,109300.0,26000,credit_card,1,21,10,0.2771,0,0,0
CUST_102486,35,Working Age (25-55),Female,66400.0,23200,medical,4,9,9,0.2348,0,0,0
CUST_102487,39,Working Age (25-55),Female,54700.0,21100,debt_consolidation,14,7,9,0.1574,0,0,0
CUST_102488,40,Working Age (25-55),Male,53600.0,14300,small_business,5,12,7,0.1436,0,0,0
CUST_102489,19,Young (<25),Female,36600.0,6000,debt_consolidation,1,9,6,0.2034,0,0,0
CUST_102490,39,Working Age (25-55),Male,40200.0,7800,debt_consolidation,2,8,9,0.1432,0,1,0
CUST_102491,31,Working Age (25-55),Female,68500.0,16900,debt_consolidation,1,7,10,0.1398,0,1,0
CUST_102492,34,Working Age (25-55),Female,25300.0,5800,small_business,3,12,8,0.1283,0,1,1
CUST_102493,57,Senior (>55),Female,75100.0,16700,credit_card,8,19,4,0.3284,0,1,0
CUST_102494,24,Young (<25),Female,43800.0,6400,debt_consolidation,3,10,10,0.2493,0,0,0
CUST_102495,49,Working Age (25-55),Female,85300.0,35800,home_improvement,9,13,1,0.2392,0,0,0
CUST_102496,36,Working Age (25-55),Male,91900.0,10100,debt_consolidation,18,11,5,0.3648,0,0,0
CUST_102497,36,Working Age (25-55),Male,21600.0,5500,debt_consolidation,0,16,3,0.5151,1,0,1
CUST_102498,49,Working Age (25-55),Male,39300.0,17400,debt_consolidation,0,13,3,0.3663,0,0,1
CUST_102499,44,Working Age (25-55),Female,33800.0,11200,credit_card,0,19,7,0.2529,0,0,0
CUST_102500,46,Working Age (25-55),Male,20000.0,4500,credit_card,2,12,8,0.2744,1,2,1
CUST_102501,51,Working Age (25-55),Male,30700.0,4600,small_business,0,20,7,0.2336,0,0,0
CUST_102502,36,Working Age (25-55),Male,207500.0,50000,credit_card,10,11,5,0.1836,0,0,0
CUST_102503,32,Working Age (25-55),Female,75800.0,8000,debt_consolidation,0,7,10,0.1081,0,0,0
CUST_102504,26,Working Age (25-55),Male,155500.0,50000,home_improvement,1,7,8,0.2006,0,0,0
CUST_102505,30,Working Age (25-55),Male,85500.0,34900,debt_consolidation,1,12,5,0.0872,0,0,0
CUST_102506,75,Senior (>55),Female,36000.0,3900,major_purchase,13,26,5,0.0803,0,2,0
CUST_102507,54,Working Age (25-55),Male,43900.0,15500,debt_consolidation,5,22,4,0.2973,0,0,0
CUST_102508,23,Young (<25),Female,74900.0,33700,debt_consolidation,5,12,6,0.0972,0,0,0
CUST_102509,24,Young (<25),Male,68900.0,22300,credit_card,6,4,11,0.4478,0,1,1
CUST_102510,45,Working Age (25-55),Male,39400.0,9700,debt_consolidation,3,11,5,0.5352,0,0,1
CUST_102511,46,Working Age (25-55),Male,23600.0,9600,debt_consolidation,1,12,8,0.4456,0,0,0
CUST_102512,46,Working Age (25-55),Female,260000.0,50000,credit_card,1,13,7,0.2298,0,1,0
CUST_102513,36,Working Age (25-55),Female,50100.0,18200,debt_consolidation,1,15,8,0.2597,0,0,0
CUST_102514,38,Working Age (25-55),Male,45300.0,13800,debt_consolidation,6,14,9,0.1996,0,0,0
CUST_102515,43,Working Age (25-55),Female,57700.0,6500,debt_consolidation,0,13,8,0.2214,0,0,0
CUST_102516,41,Working Age (25-55),Female,47400.0,8300,credit_card,0,14,6,0.1039,0,0,0
CUST_102517,19,Young (<25),Male,58000.0,7400,debt_consolidation,1,10,2,0.4326,0,0,1
CUST_102518,37,Working Age (25-55),Male,110000.0,15100,debt_consolidation,5,18,9,0.1073,0,0,0
CUST_102519,29,Working Age (25-55),Female,50600.0,5300,credit_card,5,10,6,0.1892,0,0,0
CUST_102520,42,Working Age (25-55),Female,28600.0,7100,home_improvement,2,6,7,0.1424,0,1,0
CUST_102521,75,Senior (>55),Female,49600.0,8100,credit_card,8,27,6,0.3548,0,0,0
CUST_102522,44,Working Age (25-55),Male,42000.0,16800,debt_consolidation,3,18,9,0.1817,0,0,0
CUST_102523,36,Working Age (25-55),Male,118600.0,43000,debt_consolidation,0,13,3,0.1197,0,0,0
CUST_102524,51,Working Age (25-55),Male,103200.0,31000,credit_card,7,20,14,0.1918,0,0,1
CUST_102525,45,Working Age (25-55),Male,57500.0,15600,small_business,15,16,6,0.1778,0,0,0
CUST_102526,45,Working Age (25-55),Male,26800.0,5100,credit_card,0,12,6,0.2599,0,1,1
CUST_102527,47,Working Age (25-55),Male,27600.0,7300,debt_consolidation,2,13,9,0.04,1,1,1
CUST_102528,64,Senior (>55),Female,54600.0,17700,debt_consolidation,3,21,7,0.1,1,1,0
CUST_102529,26,Working Age (25-55),Male,65200.0,24400,major_purchase,0,12,9,0.3227,1,0,1
CUST_102530,45,Working Age (25-55),Female,44100.0,5700,home_improvement,10,13,10,0.2478,0,0,0
CUST_102531,28,Working Age (25-55),Male,41600.0,14500,debt_consolidation,1,11,8,0.2704,0,0,1
CUST_102532,46,Working Age (25-55),Male,39100.0,14100,debt_consolidation,7,17,11,0.3731,0,0,1
CUST_102533,28,Working Age (25-55),Female,53500.0,15800,small_business,5,14,5,0.1725,0,0,0
CUST_102534,34,Working Age (25-55),Male,18000.0,3200,debt_consolidation,4,11,10,0.1015,0,0,0
CUST_102535,36,Working Age (25-55),Female,29600.0,8500,credit_card,1,7,5,0.1168,0,0,0
CUST_102536,51,Working Age (25-55),Male,38400.0,10600,home_improvement,1,19,7,0.2917,0,0,0
CUST_102537,51,Working Age (25-55),Female,105300.0,28100,debt_consolidation,0,24,10,0.2559,0,0,0
CUST_102538,25,Working Age (25-55),Male,34600.0,9000,debt_consolidation,1,10,8,0.1096,0,0,0
CUST_102539,40,Working Age (25-55),Female,59800.0,8300,debt_consolidation,2,11,6,0.3674,0,0,1
CUST_102540,31,Working Age (25-55),Female,61400.0,10100,major_purchase,8,7,6,0.1596,0,0,0
CUST_102541,24,Young (<25),Female,110600.0,14800,credit_card,2,5,13,0.04,0,1,0
CUST_102542,37,Working Age (25-55),Female,108500.0,20100,home_improvement,7,18,9,0.4999,0,0,1
CUST_102543,36,Working Age (25-55),Female,52500.0,10100,credit_card,2,11,10,0.1915,0,0,0
CUST_102544,69,Senior (>55),Male,41700.0,7700,major_purchase,7,22,9,0.3049,0,1,0
CUST_102545,45,Working Age (25-55),Female,37600.0,6500,major_purchase,18,15,6,0.2148,0,0,0
CUST_102546,23,Young (<25),Female,47400.0,16900,credit_card,1,7,8,0.1993,0,0,0
CUST_102547,33,Working Age (25-55),Female,42700.0,16500,debt_consolidation,9,16,6,0.2526,0,0,0
CUST_102548,52,Working Age (25-55),Male,73500.0,15800,credit_card,4,15,7,0.3609,0,0,0
CUST_102549,65,Senior (>55),Male,68300.0,14100,credit_card,8,26,5,0.3894,0,0,0
CUST_102550,20,Young (<25),Male,75000.0,29700,credit_card,2,7,4,0.2115,1,0,1
CUST_102551,19,Young (<25),Male,108300.0,34500,small_business,1,10,8,0.1732,0,0,0
CUST_102552,62,Senior (>55),Female,150900.0,30600,debt_consolidation,1,26,4,0.04,0,0,0
CUST_102553,44,Working Age (25-55),Female,58000.0,20300,debt_consolidation,0,15,7,0.2766,0,0,1
CUST_102554,29,Working Age (25-55),Female,99200.0,21900,credit_card,3,9,7,0.2885,0,1,1
CUST_102555,46,Working Age (25-55),Male,44600.0,13600,debt_consolidation,23,16,7,0.1971,0,0,0
CUST_102556,19,Young (<25),Male,104000.0,46500,debt_consolidation,1,6,9,0.3723,1,0,1
CUST_102557,40,Working Age (25-55),Male,97100.0,20000,medical,1,9,10,0.2661,0,0,0
CUST_102558,43,Working Age (25-55),Female,94300.0,40100,credit_card,8,19,11,0.1665,0,0,0
CUST_102559,51,Working Age (25-55),Female,57100.0,12100,major_purchase,7,18,5,0.1117,1,0,0
CUST_102560,27,Working Age (25-55),Female,37500.0,10800,home_improvement,1,5,9,0.2414,0,0,1
CUST_102561,41,Working Age (25-55),Male,25200.0,6600,home_improvement,0,8,7,0.1998,0,0,0
CUST_102562,28,Working Age (25-55),Female,53000.0,19800,credit_card,0,2,9,0.0613,0,2,0
CUST_102563,43,Working Age (25-55),Male,125900.0,15300,debt_consolidation,10,17,5,0.2775,0,0,0
CUST_102564,29,Working Age (25-55),Female,45700.0,14600,credit_card,9,8,5,0.213,0,1,0
CUST_102565,35,Working Age (25-55),Male,83400.0,30500,debt_consolidation,1,10,4,0.2862,1,0,1
CUST_102566,28,Working Age (25-55),Male,86200.0,22900,medical,1,11,8,0.1723,0,2,0
CUST_102567,47,Working Age (25-55),Male,46300.0,6300,debt_consolidation,7,14,7,0.2692,0,0,0
CUST_102568,50,Working Age (25-55),Male,111700.0,20700,debt_consolidation,13,19,8,0.1292,0,0,0
CUST_102569,37,Working Age (25-55),Male,18000.0,6100,credit_card,7,13,6,0.211,0,0,0
CUST_102570,40,Working Age (25-55),Male,27700.0,11500,credit_card,4,13,10,0.2426,0,0,0
CUST_102571,22,Young (<25),Male,32700.0,8100,debt_consolidation,1,2,5,0.3116,1,0,1
CUST_102572,36,Working Age (25-55),Male,34500.0,10200,debt_consolidation,3,10,6,0.3064,0,0,1
CUST_102573,39,Working Age (25-55),Male,65200.0,11700,home_improvement,1,15,5,0.1318,0,2,0
CUST_102574,71,Senior (>55),Male,63500.0,15500,credit_card,8,22,6,0.226,0,0,0
CUST_102575,26,Working Age (25-55),Male,67300.0,14700,debt_consolidation,2,12,4,0.3289,0,2,1
CUST_102576,57,Senior (>55),Male,75200.0,24800,credit_card,8,26,4,0.0863,0,0,0
CUST_102577,51,Working Age (25-55),Female,32100.0,14300,debt_consolidation,2,19,4,0.156,0,0,0
CUST_102578,43,Working Age (25-55),Female,27700.0,10700,debt_consolidation,8,19,13,0.1846,0,0,0
CUST_102579,61,Senior (>55),Male,67400.0,11300,major_purchase,2,23,8,0.4816,0,0,1
CUST_102580,44,Working Age (25-55),Male,38300.0,11600,debt_consolidation,2,13,7,0.1398,0,0,0
CUST_102581,44,Working Age (25-55),Male,22800.0,2800,debt_consolidation,4,16,5,0.068,0,0,0
CUST_102582,39,Working Age (25-55),Female,92400.0,17200,medical,0,19,7,0.1478,0,0,0
CUST_102583,54,Working Age (25-55),Male,116700.0,18700,home_improvement,14,17,8,0.1379,1,3,0
CUST_102584,53,Working Age (25-55),Male,127600.0,27700,debt_consolidation,4,15,9,0.3829,0,2,1
CUST_102585,32,Working Age (25-55),Female,60000.0,20300,debt_consolidation,3,7,8,0.1456,0,0,0
CUST_102586,24,Young (<25),Male,76400.0,21000,small_business,6,7,9,0.0464,0,0,0
CUST_102587,37,Working Age (25-55),Male,115100.0,49100,debt_consolidation,10,9,10,0.1112,0,0,0
CUST_102588,30,Working Age (25-55),Female,38100.0,6600,credit_card,3,15,6,0.2961,0,0,0
CUST_102589,39,Working Age (25-55),Male,99800.0,22700,credit_card,13,14,6,0.1202,1,0,0
CUST_102590,54,Working Age (25-55),Male,63000.0,13600,debt_consolidation,0,21,5,0.1325,0,0,0
CUST_102591,34,Working Age (25-55),Female,89500.0,16300,credit_card,0,11,7,0.0634,0,0,0
CUST_102592,39,Working Age (25-55),Female,60000.0,26900,credit_card,4,10,9,0.2301,0,2,1
CUST_102593,40,Working Age (25-55),Male,110500.0,26000,debt_consolidation,2,10,8,0.2822,0,0,0
CUST_102594,50,Working Age (25-55),Female,61300.0,26300,home_improvement,3,14,8,0.2483,0,1,1
CUST_102595,19,Young (<25),Female,24000.0,5700,debt_consolidation,1,7,7,0.0913,0,0,0
CUST_102596,32,Working Age (25-55),Female,120400.0,20600,credit_card,2,12,8,0.1461,0,0,0
CUST_102597,42,Working Age (25-55),Male,32200.0,4600,credit_card,8,16,5,0.146,1,0,0
CUST_102598,54,Working Age (25-55),Male,107900.0,43100,home_improvement,4,14,8,0.3357,1,0,1
CUST_102599,34,Working Age (25-55),Male,51600.0,5700,debt_consolidation,16,11,7,0.1402,0,0,0
CUST_102600,19,Young (<25),Female,103400.0,45200,home_improvement,1,3,3,0.2093,0,0,1
CUST_102601,47,Working Age (25-55),Male,101100.0,24900,debt_consolidation,1,17,1,0.4316,0,0,1
CUST_102602,32,Working Age (25-55),Female,68600.0,12800,credit_card,1,12,6,0.06,0,1,0
CUST_102603,25,Working Age (25-55),Female,71700.0,22700,small_business,2,5,11,0.1808,1,0,1
CUST_102604,32,Working Age (25-55),Female,68400.0,10000,small_business,9,14,4,0.1774,0,0,0
CUST_102605,37,Working Age (25-55),Female,18000.0,2300,credit_card,0,19,9,0.3112,0,0,0
CUST_102606,32,Working Age (25-55),Male,57800.0,22500,debt_consolidation,1,13,2,0.1793,0,0,0
CUST_102607,19,Young (<25),Male,29300.0,7300,debt_consolidation,1,6,5,0.383,1,0,1
CUST_102608,50,Working Age (25-55),Female,59500.0,16700,debt_consolidation,5,16,11,0.1509,0,2,0
CUST_102609,55,Working Age (25-55),Male,28900.0,4700,credit_card,1,18,6,0.1984,0,0,0
CUST_102610,47,Working Age (25-55),Male,28200.0,3400,debt_consolidation,1,14,10,0.1217,0,0,0
CUST_102611,26,Working Age (25-55),Male,131000.0,30000,major_purchase,8,9,5,0.1106,0,2,0
CUST_102612,37,Working Age (25-55),Female,97600.0,27000,small_business,11,9,2,0.0948,0,1,0
CUST_102613,39,Working Age (25-55),Male,54100.0,19900,debt_consolidation,1,7,4,0.04,1,1,1
CUST_102614,47,Working Age (25-55),Female,60000.0,16500,credit_card,2,17,5,0.4393,0,0,1
CUST_102615,48,Working Age (25-55),Male,47300.0,17700,home_improvement,8,16,7,0.3886,1,1,1
CUST_102616,31,Working Age (25-55),Female,74100.0,10400,debt_consolidation,7,9,4,0.2902,0,0,0
CUST_102617,40,Working Age (25-55),Male,37400.0,4600,credit_card,8,10,8,0.1381,0,1,0
CUST_102618,45,Working Age (25-55),Female,93600.0,14600,debt_consolidation,3,16,6,0.1338,0,0,0
CUST_102619,57,Senior (>55),Female,47100.0,17400,debt_consolidation,12,16,8,0.223,0,2,0
CUST_102620,48,Working Age (25-55),Male,43000.0,15700,credit_card,1,16,3,0.2337,0,0,0
CUST_102621,49,Working Age (25-55),Male,54800.0,8200,medical,0,22,6,0.2821,0,0,0
CUST_102622,41,Working Age (25-55),Male,39100.0,4300,debt_consolidation,6,16,9,0.5006,0,0,1
CUST_102623,56,Senior (>55),Male,64900.0,22100,credit_card,3,15,5,0.2805,0,3,1
CUST_102624,44,Working Age (25-55),Female,40300.0,16100,debt_consolidation,9,11,8,0.04,1,0,0
CUST_102625,29,Working Age (25-55),Male,70100.0,25500,small_business,0,10,7,0.4333,1,0,1
CUST_102626,56,Senior (>55),Female,105700.0,18100,small_business,9,15,5,0.2005,1,0,0
CUST_102627,48,Working Age (25-55),Female,36500.0,11100,debt_consolidation,1,10,7,0.1618,1,0,1
CUST_102628,34,Working Age (25-55),Male,50400.0,18400,small_business,5,13,7,0.3778,0,0,1
CUST_102629,34,Working Age (25-55),Male,69800.0,13200,debt_consolidation,0,12,8,0.1278,1,2,1
CUST_102630,43,Working Age (25-55),Male,42600.0,12100,debt_consolidation,4,16,5,0.0893,0,1,0
CUST_102631,45,Working Age (25-55),Male,69900.0,14700,credit_card,6,16,8,0.1106,0,0,0
CUST_102632,42,Working Age (25-55),Male,73500.0,13200,debt_consolidation,2,14,8,0.164,0,0,0
CUST_102633,43,Working Age (25-55),Female,98300.0,43200,credit_card,1,13,6,0.2916,0,1,1
CUST_102634,60,Senior (>55),Female,38800.0,16300,credit_card,3,22,6,0.1014,0,0,0
CUST_102635,52,Working Age (25-55),Male,32300.0,8300,debt_consolidation,8,22,6,0.0564,0,1,0
CUST_102636,42,Working Age (25-55),Female,45700.0,6800,debt_consolidation,1,13,8,0.1159,0,0,0
CUST_102637,51,Working Age (25-55),Female,31800.0,11300,credit_card,1,14,8,0.0941,0,0,0
CUST_102638,27,Working Age (25-55),Female,73900.0,14000,debt_consolidation,1,6,10,0.2588,0,0,0
CUST_102639,44,Working Age (25-55),Male,28600.0,4500,debt_consolidation,14,12,8,0.112,0,3,0
CUST_102640,61,Senior (>55),Female,195500.0,45700,debt_consolidation,2,21,4,0.1537,0,1,0
CUST_102641,37,Working Age (25-55),Male,110500.0,31500,home_improvement,0,6,7,0.0729,1,0,0
CUST_102642,29,Working Age (25-55),Male,54600.0,7300,major_purchase,7,11,6,0.1652,0,0,0
CUST_102643,32,Working Age (25-55),Female,87300.0,26200,debt_consolidation,6,13,7,0.174,0,0,0
CUST_102644,26,Working Age (25-55),Male,22000.0,2300,debt_consolidation,0,3,7,0.2158,0,0,0
CUST_102645,30,Working Age (25-55),Male,217000.0,50000,credit_card,12,7,11,0.2846,0,0,0
CUST_102646,35,Working Age (25-55),Male,39200.0,16600,major_purchase,4,12,4,0.3284,0,0,1
CUST_102647,23,Young (<25),Male,50700.0,18100,debt_consolidation,3,7,6,0.3345,0,0,1
CUST_102648,40,Working Age (25-55),Female,19500.0,5100,small_business,2,15,6,0.1572,0,0,0
CUST_102649,50,Working Age (25-55),Male,70800.0,13400,credit_card,11,17,8,0.2309,1,0,0
CUST_102650,29,Working Age (25-55),Female,29500.0,10600,major_purchase,1,13,5,0.3109,0,2,1
CUST_102651,58,Senior (>55),Male,57300.0,24400,debt_consolidation,1,19,6,0.1509,0,3,0
CUST_102652,46,Working Age (25-55),Male,40200.0,6200,medical,0,13,9,0.2797,0,1,1
CUST_102653,52,Working Age (25-55),Male,29900.0,7900,debt_consolidation,7,15,7,0.2676,0,0,0
CUST_102654,32,Working Age (25-55),Female,34800.0,7300,major_purchase,4,13,4,0.343,0,0,1
CUST_102655,50,Working Age (25-55),Female,61300.0,13800,credit_card,4,17,9,0.2989,0,0,0
CUST_102656,26,Working Age (25-55),Female,26800.0,6500,credit_card,1,11,4,0.3327,0,1,1
CUST_102657,50,Working Age (25-55),Female,35900.0,15500,home_improvement,5,19,10,0.2146,0,1,0
CUST_102658,42,Working Age (25-55),Female,78000.0,14900,home_improvement,7,8,10,0.2488,0,0,0
CUST_102659,46,Working Age (25-55),Male,226700.0,50000,credit_card,2,12,6,0.3503,0,0,0
CUST_102660,25,Working Age (25-55),Female,70500.0,30500,debt_consolidation,7,5,8,0.3165,0,0,1
CUST_102661,29,Working Age (25-55),Male,32700.0,8700,home_improvement,2,7,5,0.1505,0,0,0
CUST_102662,47,Working Age (25-55),Female,44300.0,17800,major_purchase,7,15,11,0.1333,1,0,0
CUST_102663,28,Working Age (25-55),Male,55100.0,6600,debt_consolidation,0,12,6,0.0546,0,2,0
CUST_102664,45,Working Age (25-55),Male,44700.0,19400,credit_card,4,19,5,0.3772,0,0,1
CUST_102665,23,Young (<25),Male,89000.0,14700,small_business,5,7,7,0.2455,0,0,0
CUST_102666,50,Working Age (25-55),Male,61100.0,27100,credit_card,19,16,7,0.3179,0,0,0
CUST_102667,25,Working Age (25-55),Female,89300.0,14400,home_improvement,1,6,9,0.246,0,0,0
CUST_102668,46,Working Age (25-55),Male,45600.0,11700,small_business,2,16,8,0.3729,1,0,1
CUST_102669,47,Working Age (25-55),Female,112300.0,23400,home_improvement,0,17,6,0.0718,0,2,0
CUST_102670,31,Working Age (25-55),Female,49400.0,12400,home_improvement,10,13,7,0.1804,0,1,0
CUST_102671,46,Working Age (25-55),Male,31800.0,6000,medical,4,18,4,0.1681,0,0,0
CUST_102672,43,Working Age (25-55),Male,179400.0,50000,small_business,2,8,6,0.0783,0,0,0
CUST_102673,33,Working Age (25-55),Male,19900.0,4100,home_improvement,0,11,6,0.1597,0,0,0
CUST_102674,27,Working Age (25-55),Female,36100.0,11900,debt_consolidation,9,13,8,0.0665,0,0,0
CUST_102675,19,Young (<25),Female,38400.0,5700,debt_consolidation,1,5,4,0.2289,0,0,0
CUST_102676,44,Working Age (25-55),Female,215300.0,50000,credit_card,1,18,11,0.17,0,0,0
CUST_102677,21,Young (<25),Female,146400.0,42400,home_improvement,2,6,9,0.0928,0,0,0
CUST_102678,41,Working Age (25-55),Female,123200.0,50000,debt_consolidation,1,14,2,0.1475,1,0,1
CUST_102679,36,Working Age (25-55),Female,45200.0,11200,debt_consolidation,4,9,6,0.1393,1,1,1
CUST_102680,48,Working Age (25-55),Female,205700.0,34600,debt_consolidation,13,13,6,0.2433,0,0,0
CUST_102681,36,Working Age (25-55),Male,66300.0,14700,home_improvement,9,14,9,0.185,1,1,1
CUST_102682,36,Working Age (25-55),Female,92700.0,33200,small_business,3,15,10,0.1781,0,0,0
CUST_102683,48,Working Age (25-55),Male,59800.0,19800,major_purchase,8,16,9,0.1031,0,0,0
CUST_102684,44,Working Age (25-55),Female,52700.0,19600,debt_consolidation,2,11,2,0.1534,0,0,0
CUST_102685,43,Working Age (25-55),Male,47200.0,5900,debt_consolidation,1,15,5,0.1692,0,0,0
CUST_102686,45,Working Age (25-55),Male,48300.0,14600,debt_consolidation,20,19,11,0.0839,0,0,0
CUST_102687,21,Young (<25),Female,75700.0,32300,debt_consolidation,1,12,8,0.3293,0,3,1
CUST_102688,49,Working Age (25-55),Male,66300.0,9100,credit_card,1,16,9,0.1772,0,0,0
CUST_102689,47,Working Age (25-55),Female,53200.0,7100,debt_consolidation,22,11,7,0.3422,0,0,0
CUST_102690,27,Working Age (25-55),Male,124300.0,43600,debt_consolidation,0,11,7,0.1161,1,2,1
CUST_102691,37,Working Age (25-55),Female,18000.0,3800,debt_consolidation,7,12,6,0.1322,0,0,0
CUST_102692,39,Working Age (25-55),Male,71700.0,23700,debt_consolidation,13,16,9,0.1661,0,1,0
CUST_102693,38,Working Age (25-55),Female,80400.0,23400,debt_consolidation,3,14,4,0.2379,0,0,0
CUST_102694,44,Working Age (25-55),Female,101800.0,45300,credit_card,0,12,8,0.2852,0,0,1
CUST_102695,57,Senior (>55),Male,52300.0,21500,debt_consolidation,2,20,8,0.2912,0,0,0
CUST_102696,52,Working Age (25-55),Female,60700.0,20500,credit_card,0,22,5,0.1576,0,0,0
CUST_102697,24,Young (<25),Male,93200.0,17900,debt_consolidation,2,7,3,0.1536,0,0,0
CUST_102698,47,Working Age (25-55),Female,123000.0,23600,credit_card,7,13,5,0.2342,0,0,0
CUST_102699,55,Working Age (25-55),Male,45900.0,18800,medical,2,14,6,0.1659,0,0,0
CUST_102700,44,Working Age (25-55),Female,62700.0,19100,credit_card,2,13,11,0.2534,0,0,1
CUST_102701,53,Working Age (25-55),Male,136400.0,50000,credit_card,4,17,9,0.168,0,0,0
CUST_102702,64,Senior (>55),Male,18000.0,4600,major_purchase,4,24,4,0.1084,0,0,0
CUST_102703,52,Working Age (25-55),Female,37100.0,5000,debt_consolidation,9,14,7,0.0688,0,0,0
CUST_102704,42,Working Age (25-55),Female,121300.0,26300,debt_consolidation,1,19,15,0.3686,1,0,1
CUST_102705,52,Working Age (25-55),Female,98800.0,15500,debt_consolidation,8,14,11,0.3097,0,0,0
CUST_102706,41,Working Age (25-55),Male,72200.0,27000,debt_consolidation,4,21,8,0.1838,0,0,0
CUST_102707,40,Working Age (25-55),Female,42300.0,14600,credit_card,1,19,6,0.1126,0,0,0
CUST_102708,35,Working Age (25-55),Female,33400.0,4400,debt_consolidation,1,12,6,0.4618,1,1,1
CUST_102709,58,Senior (>55),Female,39100.0,12400,small_business,2,15,10,0.2388,0,0,0
CUST_102710,30,Working Age (25-55),Female,126900.0,50000,debt_consolidation,4,10,6,0.347,0,0,1
CUST_102711,58,Senior (>55),Male,38300.0,13200,major_purchase,1,19,4,0.2835,0,0,0
CUST_102712,45,Working Age (25-55),Male,57300.0,16000,major_purchase,12,11,8,0.2575,0,2,0
CUST_102713,23,Young (<25),Male,35800.0,7500,medical,4,8,4,0.3039,0,0,1
CUST_102714,44,Working Age (25-55),Male,86100.0,35300,home_improvement,12,12,8,0.2885,0,0,0
CUST_102715,19,Young (<25),Male,40300.0,10000,debt_consolidation,0,4,9,0.1369,0,1,1
CUST_102716,47,Working Age (25-55),Female,51300.0,20500,home_improvement,2,15,10,0.1721,0,0,0
CUST_102717,50,Working Age (25-55),Female,21500.0,8000,debt_consolidation,0,15,7,0.2199,1,0,1
CUST_102718,32,Working Age (25-55),Male,22300.0,8600,small_business,1,17,6,0.3728,0,0,1
CUST_102719,41,Working Age (25-55),Male,54400.0,24300,debt_consolidation,9,12,6,0.3099,0,0,1
CUST_102720,63,Senior (>55),Male,26100.0,9400,debt_consolidation,0,23,8,0.4332,0,1,1
CUST_102721,33,Working Age (25-55),Female,172400.0,19300,major_purchase,2,11,6,0.2545,0,0,0
CUST_102722,27,Working Age (25-55),Female,18000.0,3100,debt_consolidation,0,10,8,0.3101,0,1,1
CUST_102723,57,Senior (>55),Female,34900.0,3900,debt_consolidation,2,21,5,0.2887,0,0,0
CUST_102724,63,Senior (>55),Male,54700.0,9100,debt_consolidation,9,24,8,0.2114,0,0,0
CUST_102725,40,Working Age (25-55),Male,44300.0,5400,home_improvement,4,14,6,0.4195,1,0,1
CUST_102726,52,Working Age (25-55),Male,29500.0,8100,credit_card,6,18,8,0.0478,1,0,0
CUST_102727,56,Senior (>55),Female,32000.0,3500,credit_card,2,19,5,0.0604,0,2,0
CUST_102728,31,Working Age (25-55),Male,31400.0,8300,small_business,13,10,9,0.3082,0,1,1
CUST_102729,34,Working Age (25-55),Female,46300.0,19200,debt_consolidation,6,9,4,0.04,0,1,0
CUST_102730,54,Working Age (25-55),Female,158500.0,50000,credit_card,2,18,9,0.0993,0,0,0
CUST_102731,60,Senior (>55),Male,56500.0,24300,home_improvement,2,21,10,0.1875,1,0,1
CUST_102732,46,Working Age (25-55),Female,103800.0,18600,credit_card,12,17,6,0.2752,0,1,0
CUST_102733,29,Working Age (25-55),Female,71600.0,20500,debt_consolidation,4,10,7,0.2129,0,0,0
CUST_102734,63,Senior (>55),Male,100000.0,21200,debt_consolidation,6,21,7,0.2275,0,0,0
CUST_102735,33,Working Age (25-55),Male,18000.0,4900,debt_consolidation,2,11,6,0.2061,0,1,1
CUST_102736,35,Working Age (25-55),Female,45800.0,13500,debt_consolidation,1,10,9,0.3372,0,0,1
CUST_102737,44,Working Age (25-55),Male,111200.0,12500,debt_consolidation,6,16,8,0.2141,0,0,0
CUST_102738,58,Senior (>55),Female,39600.0,7200,debt_consolidation,4,19,9,0.2578,0,2,0
CUST_102739,50,Working Age (25-55),Male,142800.0,49500,debt_consolidation,3,18,11,0.2385,0,2,0
CUST_102740,44,Working Age (25-55),Male,122500.0,45400,debt_consolidation,4,18,16,0.38,0,0,1
CUST_102741,45,Working Age (25-55),Male,41900.0,12500,home_improvement,1,13,6,0.1801,0,2,0
CUST_102742,40,Working Age (25-55),Male,41100.0,8000,small_business,7,15,11,0.1878,0,0,0
CUST_102743,46,Working Age (25-55),Female,31000.0,7500,debt_consolidation,14,16,7,0.4061,1,0,1
CUST_102744,19,Young (<25),Female,38300.0,5100,credit_card,1,12,9,0.1395,1,0,0
CUST_102745,36,Working Age (25-55),Female,27500.0,11900,major_purchase,1,11,2,0.125,0,1,0
CUST_102746,42,Working Age (25-55),Female,68600.0,27700,credit_card,2,16,6,0.3187,0,0,1
CUST_102747,26,Working Age (25-55),Male,24300.0,3000,medical,8,9,11,0.2858,0,0,0
CUST_102748,44,Working Age (25-55),Female,75500.0,11900,debt_consolidation,4,11,4,0.3024,0,0,0
CUST_102749,37,Working Age (25-55),Female,76500.0,23200,small_business,3,11,4,0.3093,1,0,1
CUST_102750,61,Senior (>55),Female,21700.0,3900,credit_card,13,23,5,0.2437,0,0,0
CUST_102751,58,Senior (>55),Male,127100.0,50000,debt_consolidation,3,19,7,0.1408,0,0,0
CUST_102752,34,Working Age (25-55),Female,71900.0,26200,medical,3,5,6,0.1453,0,1,1
CUST_102753,38,Working Age (25-55),Male,81800.0,16000,medical,0,13,7,0.144,0,0,0
CUST_102754,39,Working Age (25-55),Female,35700.0,3600,debt_consolidation,0,10,4,0.125,0,0,0
CUST_102755,34,Working Age (25-55),Female,76300.0,29000,major_purchase,0,12,9,0.2391,0,0,1
CUST_102756,42,Working Age (25-55),Male,100700.0,25000,debt_consolidation,12,19,4,0.3374,1,0,1
CUST_102757,30,Working Age (25-55),Male,51300.0,16700,credit_card,2,12,4,0.3799,0,0,1
CUST_102758,26,Working Age (25-55),Male,162900.0,32700,debt_consolidation,3,13,5,0.1837,0,0,0
CUST_102759,47,Working Age (25-55),Male,55500.0,8300,debt_consolidation,9,14,8,0.0762,0,0,0
CUST_102760,47,Working Age (25-55),Female,101500.0,34100,home_improvement,4,16,11,0.282,0,0,0
CUST_102761,30,Working Age (25-55),Female,63700.0,16400,debt_consolidation,4,7,7,0.2709,0,3,1
CUST_102762,50,Working Age (25-55),Male,74800.0,13600,debt_consolidation,1,15,9,0.1631,0,0,0
CUST_102763,32,Working Age (25-55),Female,21600.0,3200,debt_consolidation,8,8,9,0.2492,0,0,0
CUST_102764,43,Working Age (25-55),Male,66400.0,20100,debt_consolidation,0,11,11,0.2714,0,0,1
CUST_102765,49,Working Age (25-55),Male,36200.0,12800,credit_card,0,21,5,0.2465,0,0,0
CUST_102766,39,Working Age (25-55),Female,34000.0,6800,debt_consolidation,1,7,4,0.3473,0,0,1
CUST_102767,45,Working Age (25-55),Male,141400.0,50000,small_business,1,19,8,0.4051,0,0,1
CUST_102768,33,Working Age (25-55),Female,48200.0,7900,debt_consolidation,1,15,4,0.2176,0,0,0
CUST_102769,37,Working Age (25-55),Female,31200.0,6800,debt_consolidation,5,14,7,0.3921,0,1,0
CUST_102770,37,Working Age (25-55),Female,44500.0,16100,debt_consolidation,1,9,7,0.3437,0,0,1
CUST_102771,31,Working Age (25-55),Male,26500.0,8800,credit_card,5,6,7,0.1456,1,1,1
CUST_102772,37,Working Age (25-55),Female,119200.0,23200,debt_consolidation,0,11,17,0.2117,0,0,0
CUST_102773,21,Young (<25),Male,37000.0,5300,credit_card,0,9,9,0.1397,0,0,0
CUST_102774,34,Working Age (25-55),Male,72500.0,8300,debt_consolidation,3,11,8,0.3663,1,1,1
CUST_102775,36,Working Age (25-55),Male,114200.0,44900,small_business,12,9,5,0.33,1,0,0
CUST_102776,36,Working Age (25-55),Male,41100.0,5200,debt_consolidation,9,16,6,0.2046,1,0,0
CUST_102777,37,Working Age (25-55),Female,72600.0,10200,small_business,17,18,12,0.1877,1,1,0
CUST_102778,39,Working Age (25-55),Female,30700.0,5600,debt_consolidation,5,12,10,0.119,0,0,0
CUST_102779,45,Working Age (25-55),Female,208000.0,50000,debt_consolidation,5,16,4,0.0662,0,0,0
CUST_102780,50,Working Age (25-55),Male,90700.0,34100,debt_consolidation,4,12,13,0.1282,0,0,0
CUST_102781,32,Working Age (25-55),Male,48700.0,9100,debt_consolidation,4,9,7,0.2499,0,0,0
CUST_102782,25,Working Age (25-55),Male,35400.0,10300,credit_card,0,10,5,0.3417,1,0,1
CUST_102783,27,Working Age (25-55),Male,50900.0,6700,medical,3,10,6,0.3339,0,3,1
CUST_102784,34,Working Age (25-55),Male,44900.0,11800,debt_consolidation,2,10,6,0.2304,1,1,1
CUST_102785,35,Working Age (25-55),Female,158600.0,25700,credit_card,2,11,4,0.2351,0,0,0
CUST_102786,30,Working Age (25-55),Male,27600.0,4800,debt_consolidation,3,9,10,0.0843,0,1,0
CUST_102787,24,Young (<25),Male,58300.0,13300,debt_consolidation,0,7,11,0.3076,0,0,1
CUST_102788,34,Working Age (25-55),Female,53600.0,19600,debt_consolidation,2,13,11,0.3721,0,0,1
CUST_102789,42,Working Age (25-55),Male,50800.0,18300,small_business,0,8,6,0.3731,0,1,1
CUST_102790,47,Working Age (25-55),Female,51000.0,12500,debt_consolidation,19,16,8,0.2429,0,0,0
CUST_102791,33,Working Age (25-55),Male,50800.0,7200,home_improvement,0,12,4,0.2526,0,0,0
CUST_102792,35,Working Age (25-55),Male,87600.0,17400,debt_consolidation,1,10,7,0.1643,0,0,0
CUST_102793,28,Working Age (25-55),Male,75700.0,21000,debt_consolidation,10,8,8,0.3147,0,0,0
CUST_102794,39,Working Age (25-55),Female,68200.0,27600,debt_consolidation,3,12,11,0.1794,0,0,0
CUST_102795,29,Working Age (25-55),Male,18000.0,7900,debt_consolidation,0,8,11,0.2775,1,0,1
CUST_102796,46,Working Age (25-55),Male,63900.0,20600,debt_consolidation,2,16,5,0.129,0,1,0
CUST_102797,19,Young (<25),Female,21800.0,4900,debt_consolidation,0,7,8,0.1088,0,3,0
CUST_102798,35,Working Age (25-55),Male,77300.0,26500,debt_consolidation,1,5,4,0.433,1,0,1
CUST_102799,43,Working Age (25-55),Male,121900.0,26500,small_business,0,17,4,0.1848,0,1,0
CUST_102800,42,Working Age (25-55),Male,32600.0,10400,debt_consolidation,2,13,6,0.2011,0,1,1
CUST_102801,72,Senior (>55),Female,46900.0,8700,home_improvement,8,30,6,0.28,0,0,1
CUST_102802,44,Working Age (25-55),Male,39000.0,7500,debt_consolidation,4,11,5,0.1978,0,0,0
CUST_102803,27,Working Age (25-55),Male,106900.0,13500,small_business,4,6,5,0.5485,0,1,1
CUST_102804,38,Working Age (25-55),Female,57100.0,14100,debt_consolidation,1,12,6,0.2051,0,0,0
CUST_102805,19,Young (<25),Female,140200.0,44400,debt_consolidation,1,7,6,0.0902,0,0,0
CUST_102806,39,Working Age (25-55),Male,68000.0,25600,medical,9,7,9,0.1372,0,3,0
CUST_102807,30,Working Age (25-55),Male,61900.0,23700,debt_consolidation,0,8,9,0.1166,0,1,0
CUST_102808,50,Working Age (25-55),Male,56200.0,25100,credit_card,9,19,9,0.2537,0,0,0
CUST_102809,33,Working Age (25-55),Female,85000.0,11100,credit_card,3,8,4,0.1736,0,0,0
CUST_102810,38,Working Age (25-55),Female,20800.0,5700,debt_consolidation,9,17,3,0.2347,0,0,0
CUST_102811,32,Working Age (25-55),Female,56800.0,16000,major_purchase,1,9,4,0.0892,0,1,0
CUST_102812,60,Senior (>55),Female,52100.0,19900,small_business,2,18,6,0.1553,0,0,1
CUST_102813,36,Working Age (25-55),Male,80700.0,15600,small_business,6,14,7,0.049,0,0,0
CUST_102814,61,Senior (>55),Male,48900.0,6100,medical,7,26,8,0.2662,0,0,0
CUST_102815,49,Working Age (25-55),Male,30600.0,6400,credit_card,1,18,10,0.1831,0,0,0
CUST_102816,45,Working Age (25-55),Female,54400.0,24200,debt_consolidation,18,19,5,0.4968,0,1,1
CUST_102817,44,Working Age (25-55),Male,29900.0,12400,home_improvement,0,20,4,0.1101,0,3,0
CUST_102818,44,Working Age (25-55),Female,18800.0,4500,debt_consolidation,0,12,7,0.1758,0,0,0
CUST_102819,19,Young (<25),Female,80800.0,32900,debt_consolidation,1,9,8,0.0981,0,0,0
CUST_102820,36,Working Age (25-55),Male,74500.0,8300,credit_card,6,8,8,0.4506,0,1,1
CUST_102821,50,Working Age (25-55),Male,70000.0,14700,major_purchase,16,18,7,0.1539,0,1,0
CUST_102822,39,Working Age (25-55),Male,110900.0,39300,debt_consolidation,2,13,4,0.2354,0,1,0
CUST_102823,23,Young (<25),Female,37600.0,6700,small_business,0,11,7,0.4156,1,0,1
CUST_102824,39,Working Age (25-55),Male,24700.0,4200,debt_consolidation,4,17,4,0.2123,0,0,0
CUST_102825,60,Senior (>55),Male,52100.0,20900,debt_consolidation,1,22,3,0.3303,0,0,1
CUST_102826,54,Working Age (25-55),Male,44800.0,14100,small_business,2,19,7,0.1846,0,0,0
CUST_102827,39,Working Age (25-55),Female,34100.0,15200,medical,3,15,10,0.2517,0,0,0
CUST_102828,51,Working Age (25-55),Male,51800.0,7600,debt_consolidation,0,18,7,0.3348,0,0,0
CUST_102829,35,Working Age (25-55),Male,38700.0,8700,debt_consolidation,3,12,8,0.2768,0,2,1
CUST_102830,19,Young (<25),Male,19700.0,4100,debt_consolidation,1,10,8,0.0682,0,0,0
CUST_102831,28,Working Age (25-55),Female,42500.0,17300,home_improvement,6,14,6,0.1602,0,0,0
CUST_102832,58,Senior (>55),Female,29000.0,5500,debt_consolidation,5,19,7,0.3956,0,1,1
CUST_102833,36,Working Age (25-55),Female,61500.0,13800,debt_consolidation,1,13,9,0.172,0,0,0
CUST_102834,37,Working Age (25-55),Female,37800.0,5700,home_improvement,1,13,7,0.1307,0,0,0
CUST_102835,36,Working Age (25-55),Male,99800.0,37100,debt_consolidation,1,7,9,0.2193,0,0,1
CUST_102836,62,Senior (>55),Female,130900.0,24000,debt_consolidation,0,20,9,0.0682,0,0,0
CUST_102837,59,Senior (>55),Female,78700.0,9800,small_business,5,25,9,0.0968,0,0,0
CUST_102838,66,Senior (>55),Female,23100.0,5800,major_purchase,25,20,7,0.1626,0,0,0
CUST_102839,38,Working Age (25-55),Female,124000.0,29400,major_purchase,5,19,6,0.3267,0,0,0
CUST_102840,43,Working Age (25-55),Female,128900.0,20900,debt_consolidation,4,18,10,0.1861,0,0,0
CUST_102841,21,Young (<25),Male,54700.0,8000,major_purchase,2,8,8,0.1535,0,0,0
CUST_102842,57,Senior (>55),Male,112200.0,46400,home_improvement,1,21,7,0.0643,0,2,0
CUST_102843,25,Working Age (25-55),Female,40000.0,4900,debt_consolidation,7,5,11,0.4406,0,0,1
CUST_102844,42,Working Age (25-55),Female,19400.0,2600,credit_card,17,13,6,0.1993,0,1,0
CUST_102845,26,Working Age (25-55),Female,35700.0,6600,debt_consolidation,3,13,16,0.2542,0,0,1
CUST_102846,32,Working Age (25-55),Female,140200.0,50000,home_improvement,1,9,7,0.1622,1,0,1
CUST_102847,29,Working Age (25-55),Male,23900.0,3100,home_improvement,7,13,5,0.2234,0,3,0
CUST_102848,32,Working Age (25-55),Male,54200.0,20900,home_improvement,0,7,8,0.0508,0,1,0
CUST_102849,33,Working Age (25-55),Male,55200.0,22800,debt_consolidation,7,7,5,0.2743,0,0,1
CUST_102850,33,Working Age (25-55),Male,40900.0,9500,credit_card,8,17,5,0.1542,0,0,0
CUST_102851,50,Working Age (25-55),Female,42400.0,8600,debt_consolidation,0,17,10,0.2683,0,0,0
CUST_102852,26,Working Age (25-55),Male,56400.0,19000,major_purchase,8,7,7,0.3961,0,0,1
CUST_102853,42,Working Age (25-55),Male,39800.0,13800,credit_card,21,18,13,0.2084,0,3,0
CUST_102854,54,Working Age (25-55),Male,24800.0,9200,debt_consolidation,13,22,4,0.2072,0,0,0
CUST_102855,33,Working Age (25-55),Female,61000.0,23800,debt_consolidation,3,14,9,0.2993,0,0,1
CUST_102856,31,Working Age (25-55),Male,97800.0,19000,credit_card,1,9,8,0.3266,0,0,0
CUST_102857,37,Working Age (25-55),Male,87400.0,29800,credit_card,4,12,7,0.1132,0,0,0
CUST_102858,54,Working Age (25-55),Male,34700.0,5100,home_improvement,2,19,9,0.0633,0,1,0
CUST_102859,42,Working Age (25-55),Female,27200.0,7600,debt_consolidation,1,16,8,0.3715,0,0,1
CUST_102860,33,Working Age (25-55),Male,46300.0,14600,credit_card,2,10,3,0.1613,0,0,0
CUST_102861,45,Working Age (25-55),Male,128300.0,20100,debt_consolidation,5,16,7,0.2241,0,0,0
CUST_102862,26,Working Age (25-55),Male,77300.0,9800,credit_card,0,9,6,0.4762,0,0,1
CUST_102863,48,Working Age (25-55),Male,79800.0,13400,major_purchase,2,20,4,0.2257,0,0,0
CUST_102864,44,Working Age (25-55),Male,88400.0,21900,credit_card,0,17,6,0.3449,0,0,0
CUST_102865,36,Working Age (25-55),Female,68300.0,28100,debt_consolidation,6,8,5,0.3183,0,0,1
CUST_102866,29,Working Age (25-55),Male,57900.0,16600,medical,5,9,8,0.1598,0,0,0
CUST_102867,29,Working Age (25-55),Female,78000.0,28200,debt_consolidation,0,7,9,0.1388,1,1,1
CUST_102868,46,Working Age (25-55),Male,40100.0,6500,home_improvement,16,17,2,0.0527,0,0,0
CUST_102869,54,Working Age (25-55),Female,24900.0,3400,credit_card,0,21,3,0.1747,1,0,0
CUST_102870,32,Working Age (25-55),Male,80600.0,14800,debt_consolidation,4,11,4,0.143,0,0,0
CUST_102871,45,Working Age (25-55),Male,107000.0,22500,debt_consolidation,7,14,8,0.1433,0,0,0
CUST_102872,19,Young (<25),Male,29300.0,8600,debt_consolidation,1,6,8,0.2477,0,1,1
CUST_102873,32,Working Age (25-55),Male,85100.0,34800,small_business,0,11,9,0.456,0,0,1
CUST_102874,39,Working Age (25-55),Male,136500.0,34000,small_business,11,11,5,0.1358,0,0,0
CUST_102875,29,Working Age (25-55),Male,54100.0,15200,credit_card,11,6,5,0.3081,1,0,1
CUST_102876,28,Working Age (25-55),Female,34500.0,3500,debt_consolidation,4,3,7,0.2058,0,1,1
CUST_102877,31,Working Age (25-55),Female,58000.0,6500,small_business,3,14,11,0.192,0,0,0
CUST_102878,43,Working Age (25-55),Female,40000.0,5200,credit_card,0,16,7,0.1779,0,0,0
CUST_102879,37,Working Age (25-55),Female,38600.0,13300,debt_consolidation,4,14,5,0.1711,0,0,0
CUST_102880,19,Young (<25),Male,68800.0,18600,debt_consolidation,1,10,7,0.0935,0,3,0
CUST_102881,19,Young (<25),Male,22400.0,3800,debt_consolidation,1,2,6,0.1205,0,0,0
CUST_102882,32,Working Age (25-55),Male,24500.0,7500,credit_card,2,5,5,0.1132,0,0,1
CUST_102883,45,Working Age (25-55),Female,54800.0,15900,credit_card,5,16,8,0.3114,0,0,0
CUST_102884,19,Young (<25),Female,53500.0,7000,credit_card,0,7,12,0.2726,1,0,1
CUST_102885,34,Working Age (25-55),Male,65400.0,21200,small_business,0,6,4,0.1737,0,0,0
CUST_102886,33,Working Age (25-55),Male,152000.0,50000,debt_consolidation,0,12,9,0.2104,0,1,1
CUST_102887,56,Senior (>55),Female,57400.0,11500,credit_card,0,18,9,0.2554,0,0,0
CUST_102888,35,Working Age (25-55),Male,75300.0,25600,debt_consolidation,3,9,3,0.1974,0,0,0
CUST_102889,44,Working Age (25-55),Male,31700.0,5400,home_improvement,7,14,6,0.3769,1,0,1
CUST_102890,41,Working Age (25-55),Female,82600.0,30100,debt_consolidation,4,7,5,0.2827,0,0,1
CUST_102891,19,Young (<25),Male,40600.0,17000,debt_consolidation,1,4,9,0.1296,0,3,1
CUST_102892,49,Working Age (25-55),Female,56300.0,14300,home_improvement,5,15,9,0.107,0,0,0
CUST_102893,42,Working Age (25-55),Male,51000.0,9500,debt_consolidation,2,16,9,0.2758,0,0,0
CUST_102894,46,Working Age (25-55),Female,95600.0,22900,credit_card,2,15,2,0.1502,0,1,0
CUST_102895,75,Senior (>55),Female,26400.0,5000,medical,1,28,3,0.1925,0,0,0
CUST_102896,19,Young (<25),Male,18000.0,2000,credit_card,1,1,6,0.4838,1,0,1
CUST_102897,60,Senior (>55),Female,48200.0,15800,debt_consolidation,0,18,6,0.2613,0,3,1
CUST_102898,36,Working Age (25-55),Male,70100.0,8100,debt_consolidation,0,14,9,0.2011,0,0,0
CUST_102899,43,Working Age (25-55),Female,58900.0,10200,small_business,4,14,5,0.3055,0,0,0
CUST_102900,39,Working Age (25-55),Female,106700.0,37600,debt_consolidation,14,16,10,0.3593,1,1,1
CUST_102901,34,Working Age (25-55),Female,68900.0,22900,home_improvement,4,6,5,0.4477,0,1,1
CUST_102902,33,Working Age (25-55),Male,39700.0,5000,home_improvement,7,13,7,0.2524,0,0,0
CUST_102903,43,Working Age (25-55),Male,18000.0,6000,credit_card,5,13,9,0.3122,0,0,1
CUST_102904,21,Young (<25),Female,47500.0,20200,home_improvement,3,5,9,0.06,0,0,0
CUST_102905,49,Working Age (25-55),Male,95400.0,12000,debt_consolidation,6,20,4,0.1484,0,0,0
CUST_102906,35,Working Age (25-55),Male,43700.0,10700,credit_card,8,15,10,0.1417,0,0,0
CUST_102907,26,Working Age (25-55),Male,55000.0,19500,credit_card,1,12,7,0.0826,0,0,0
CUST_102908,34,Working Age (25-55),Male,68300.0,22800,debt_consolidation,2,18,7,0.3589,0,0,1
CUST_102909,55,Working Age (25-55),Male,31000.0,5600,debt_consolidation,1,23,4,0.4271,0,0,0
CUST_102910,33,Working Age (25-55),Male,76300.0,12000,credit_card,3,9,9,0.2632,0,2,0
CUST_102911,44,Working Age (25-55),Female,133300.0,49900,credit_card,10,15,5,0.3901,0,0,0
CUST_102912,31,Working Age (25-55),Female,49300.0,21400,credit_card,2,9,5,0.2741,0,0,1
CUST_102913,49,Working Age (25-55),Female,29100.0,10700,home_improvement,2,23,11,0.2656,0,0,0
CUST_102914,48,Working Age (25-55),Female,52200.0,22800,credit_card,9,20,6,0.4294,0,0,1
CUST_102915,62,Senior (>55),Male,18000.0,5600,small_business,3,21,8,0.0938,0,0,0
CUST_102916,37,Working Age (25-55),Female,65200.0,27700,home_improvement,3,15,9,0.2895,0,0,1
CUST_102917,48,Working Age (25-55),Female,69500.0,23700,debt_consolidation,9,13,5,0.3789,0,0,1
CUST_102918,41,Working Age (25-55),Male,136200.0,50000,debt_consolidation,3,15,7,0.0757,0,0,0
CUST_102919,55,Working Age (25-55),Female,48700.0,7600,credit_card,5,16,1,0.0572,0,0,0
CUST_102920,31,Working Age (25-55),Female,67800.0,26100,small_business,0,5,6,0.1872,0,0,1
CUST_102921,48,Working Age (25-55),Female,33700.0,5700,debt_consolidation,0,19,4,0.3378,1,0,1
CUST_102922,37,Working Age (25-55),Male,44500.0,4900,credit_card,2,15,13,0.1148,0,0,0
CUST_102923,39,Working Age (25-55),Female,23400.0,6600,debt_consolidation,3,15,7,0.2179,0,0,0
CUST_102924,41,Working Age (25-55),Female,48700.0,10300,debt_consolidation,16,13,5,0.1459,1,0,0
CUST_102925,43,Working Age (25-55),Male,45800.0,5300,credit_card,17,11,1,0.2694,0,0,0
CUST_102926,38,Working Age (25-55),Male,63900.0,28300,debt_consolidation,9,9,7,0.3904,1,0,0
CUST_102927,42,Working Age (25-55),Male,38400.0,12800,credit_card,1,11,9,0.2962,0,0,1
CUST_102928,58,Senior (>55),Male,56700.0,23600,major_purchase,16,19,9,0.2069,0,2,0
CUST_102929,51,Working Age (25-55),Female,45100.0,20300,medical,5,21,7,0.0774,0,0,0
CUST_102930,50,Working Age (25-55),Female,45100.0,10700,debt_consolidation,2,20,9,0.2579,0,0,0
CUST_102931,34,Working Age (25-55),Female,56600.0,10700,home_improvement,6,6,6,0.2072,0,1,0
CUST_102932,29,Working Age (25-55),Female,55400.0,9100,major_purchase,0,8,4,0.4028,0,0,1
CUST_102933,51,Working Age (25-55),Female,82300.0,23100,debt_consolidation,0,15,8,0.3155,0,0,0
CUST_102934,50,Working Age (25-55),Female,50700.0,15800,debt_consolidation,8,9,6,0.1631,0,0,0
CUST_102935,57,Senior (>55),Male,44700.0,11900,major_purchase,5,21,10,0.2526,0,1,0
CUST_102936,32,Working Age (25-55),Male,49000.0,11500,debt_consolidation,2,10,9,0.2607,0,0,0
CUST_102937,37,Working Age (25-55),Female,36600.0,5800,major_purchase,3,12,3,0.1059,1,0,0
CUST_102938,20,Young (<25),Male,44400.0,11300,credit_card,2,11,10,0.1145,0,0,0
CUST_102939,35,Working Age (25-55),Female,165600.0,21500,debt_consolidation,4,12,8,0.1498,0,0,0
CUST_102940,51,Working Age (25-55),Female,32800.0,13200,debt_consolidation,2,16,4,0.249,0,1,1
CUST_102941,34,Working Age (25-55),Male,46500.0,5400,debt_consolidation,0,13,7,0.1705,0,0,0
CUST_102942,47,Working Age (25-55),Female,43800.0,10200,debt_consolidation,1,19,5,0.3997,0,0,1
CUST_102943,37,Working Age (25-55),Female,47300.0,6400,credit_card,19,13,5,0.0712,1,0,0
CUST_102944,43,Working Age (25-55),Female,45200.0,16800,credit_card,2,17,6,0.1525,0,0,1
CUST_102945,26,Working Age (25-55),Male,63200.0,13200,credit_card,3,8,11,0.1406,1,0,0
CUST_102946,41,Working Age (25-55),Male,21200.0,3000,debt_consolidation,3,14,3,0.1577,0,3,0
CUST_102947,19,Young (<25),Female,95800.0,27400,home_improvement,1,6,5,0.2456,1,1,1
CUST_102948,37,Working Age (25-55),Male,76700.0,32300,credit_card,4,10,16,0.432,0,0,1
CUST_102949,20,Young (<25),Male,27300.0,11400,small_business,2,5,8,0.2484,0,0,1
CUST_102950,54,Working Age (25-55),Male,18000.0,3400,small_business,2,23,8,0.3313,0,0,0
CUST_102951,49,Working Age (25-55),Male,31700.0,11200,debt_consolidation,0,23,8,0.1553,0,0,0
CUST_102952,45,Working Age (25-55),Female,47400.0,5200,debt_consolidation,13,20,11,0.2952,0,0,0
CUST_102953,58,Senior (>55),Female,223900.0,32700,major_purchase,14,16,5,0.0763,0,0,0
CUST_102954,28,Working Age (25-55),Male,73000.0,20100,home_improvement,10,5,11,0.1787,1,1,1
CUST_102955,60,Senior (>55),Male,20000.0,3600,debt_consolidation,14,17,8,0.1356,0,2,0
CUST_102956,51,Working Age (25-55),Male,37100.0,14100,home_improvement,8,18,4,0.0879,1,1,0
CUST_102957,37,Working Age (25-55),Male,52600.0,22400,debt_consolidation,5,4,10,0.1086,0,1,0
CUST_102958,53,Working Age (25-55),Male,62300.0,6300,debt_consolidation,9,16,7,0.3482,0,0,0
CUST_102959,26,Working Age (25-55),Male,26300.0,4800,credit_card,4,13,5,0.1866,0,0,0
CUST_102960,30,Working Age (25-55),Male,50300.0,12800,debt_consolidation,0,13,6,0.1046,0,0,0
CUST_102961,32,Working Age (25-55),Male,36500.0,10800,medical,2,9,8,0.1637,0,0,0
CUST_102962,33,Working Age (25-55),Male,29500.0,12400,small_business,15,10,13,0.4455,0,0,1
CUST_102963,27,Working Age (25-55),Female,62500.0,25800,credit_card,2,11,6,0.2291,0,0,1
CUST_102964,54,Working Age (25-55),Female,82900.0,26800,debt_consolidation,10,21,7,0.3296,0,1,1
CUST_102965,36,Working Age (25-55),Male,86000.0,16300,debt_consolidation,0,11,7,0.2605,0,0,0
CUST_102966,44,Working Age (25-55),Male,74300.0,27800,debt_consolidation,2,14,7,0.0762,0,0,0
CUST_102967,33,Working Age (25-55),Male,41200.0,7000,credit_card,2,9,7,0.3471,0,0,1
CUST_102968,19,Young (<25),Male,80300.0,35200,debt_consolidation,0,2,10,0.1616,0,0,1
CUST_102969,43,Working Age (25-55),Female,64200.0,6600,credit_card,0,14,6,0.4712,1,2,1
CUST_102970,19,Young (<25),Female,58300.0,17500,debt_consolidation,1,5,5,0.1709,0,1,0
CUST_102971,39,Working Age (25-55),Male,38700.0,5100,major_purchase,9,9,4,0.3255,0,0,0
CUST_102972,23,Young (<25),Female,41200.0,10000,major_purchase,0,9,9,0.3364,0,0,1
CUST_102973,63,Senior (>55),Female,56400.0,18200,credit_card,1,23,6,0.2806,0,0,0
CUST_102974,50,Working Age (25-55),Female,207300.0,50000,credit_card,0,19,3,0.1626,0,0,0
CUST_102975,41,Working Age (25-55),Female,63900.0,24000,debt_consolidation,5,12,4,0.148,0,1,0
CUST_102976,55,Working Age (25-55),Male,38700.0,11900,debt_consolidation,4,13,15,0.1315,0,0,0
CUST_102977,29,Working Age (25-55),Female,34300.0,6400,major_purchase,5,11,6,0.2794,0,0,0
CUST_102978,46,Working Age (25-55),Male,41300.0,17000,credit_card,2,14,7,0.1618,0,0,0
CUST_102979,42,Working Age (25-55),Female,179400.0,50000,debt_consolidation,1,12,3,0.2504,0,1,0
CUST_102980,43,Working Age (25-55),Male,43500.0,6800,credit_card,6,11,4,0.3867,1,0,1
CUST_102981,55,Working Age (25-55),Female,89200.0,34700,major_purchase,8,18,2,0.3895,0,1,1
CUST_102982,48,Working Age (25-55),Male,44100.0,19400,debt_consolidation,0,21,8,0.3316,0,0,1
CUST_102983,43,Working Age (25-55),Male,62500.0,20200,debt_consolidation,3,13,13,0.3008,0,0,1
CUST_102984,20,Young (<25),Female,83700.0,16600,major_purchase,1,3,8,0.1107,0,0,0
CUST_102985,28,Working Age (25-55),Male,39600.0,12400,credit_card,0,11,13,0.1746,0,2,1
CUST_102986,38,Working Age (25-55),Male,38100.0,8400,debt_consolidation,6,13,7,0.317,0,0,0
CUST_102987,41,Working Age (25-55),Female,134900.0,45400,debt_consolidation,3,7,7,0.1518,0,1,0
CUST_102988,26,Working Age (25-55),Female,93100.0,27100,small_business,1,11,2,0.3376,0,2,1
CUST_102989,68,Senior (>55),Male,83700.0,35600,small_business,1,30,10,0.1232,0,0,0
CUST_102990,58,Senior (>55),Male,83500.0,26400,debt_consolidation,17,12,11,0.3008,0,1,0
CUST_102991,47,Working Age (25-55),Female,69800.0,12200,debt_consolidation,9,12,10,0.1501,0,1,0
CUST_102992,40,Working Age (25-55),Female,164400.0,50000,debt_consolidation,10,5,6,0.1356,0,0,0
CUST_102993,37,Working Age (25-55),Male,55500.0,11400,debt_consolidation,3,12,6,0.2066,0,0,0
CUST_102994,28,Working Age (25-55),Male,74400.0,14500,debt_consolidation,4,12,6,0.2037,0,2,0
CUST_102995,40,Working Age (25-55),Male,24400.0,5800,debt_consolidation,2,14,7,0.2272,0,0,0
CUST_102996,43,Working Age (25-55),Female,34400.0,3600,debt_consolidation,0,19,9,0.1926,0,0,0
CUST_102997,25,Working Age (25-55),Male,28000.0,12300,major_purchase,2,11,5,0.2264,0,0,0
CUST_102998,44,Working Age (25-55),Female,109200.0,31300,debt_consolidation,4,20,10,0.5875,0,0,1
CUST_102999,38,Working Age (25-55),Female,18000.0,6700,debt_consolidation,1,16,5,0.2771,0,3,1
CUST_103000,19,Young (<25),Male,43400.0,8300,debt_consolidation,1,5,6,0.3058,0,0,1
CUST_103001,29,Working Age (25-55),Male,18000.0,6500,credit_card,0,10,10,0.4184,0,1,1
CUST_103002,35,Working Age (25-55),Female,34300.0,10200,debt_consolidation,2,9,7,0.3192,0,0,1
CUST_103003,62,Senior (>55),Female,41400.0,10300,credit_card,0,21,9,0.3086,1,0,1
CUST_103004,46,Working Age (25-55),Male,116000.0,50000,home_improvement,2,16,5,0.3078,0,0,1
CUST_103005,23,Young (<25),Male,67400.0,18400,major_purchase,0,7,9,0.1279,0,0,0
CUST_103006,45,Working Age (25-55),Male,34300.0,11300,credit_card,1,19,5,0.1322,0,0,0
CUST_103007,21,Young (<25),Male,97400.0,10300,debt_consolidation,2,6,2,0.3605,0,2,1
CUST_103008,52,Working Age (25-55),Female,54700.0,11200,debt_consolidation,3,15,6,0.1929,0,1,0
CUST_103009,34,Working Age (25-55),Male,55300.0,22700,home_improvement,3,9,8,0.18,0,1,1
CUST_103010,38,Working Age (25-55),Male,28000.0,10200,debt_consolidation,1,15,5,0.5361,0,0,1
CUST_103011,55,Working Age (25-55),Male,31400.0,9000,debt_consolidation,3,15,10,0.2343,0,0,0
CUST_103012,24,Young (<25),Male,34400.0,14300,medical,3,7,7,0.2178,0,1,1
CUST_103013,23,Young (<25),Male,55600.0,15000,home_improvement,1,12,4,0.2037,0,0,0
CUST_103014,32,Working Age (25-55),Female,56500.0,16900,small_business,8,12,8,0.0949,0,0,0
CUST_103015,52,Working Age (25-55),Female,126700.0,29600,small_business,3,17,8,0.4628,0,0,1
CUST_103016,21,Young (<25),Male,67000.0,21200,credit_card,2,7,10,0.2305,0,0,0
CUST_103017,19,Young (<25),Female,18000.0,3800,home_improvement,1,3,11,0.0879,0,0,0
CUST_103018,34,Working Age (25-55),Female,62600.0,14700,debt_consolidation,9,9,8,0.3123,0,0,0
CUST_103019,46,Working Age (25-55),Male,24400.0,10700,medical,20,15,4,0.1937,0,0,0
CUST_103020,54,Working Age (25-55),Male,31800.0,4400,debt_consolidation,5,19,12,0.4618,0,0,1
CUST_103021,34,Working Age (25-55),Female,34700.0,4700,credit_card,2,14,9,0.1615,0,3,0
CUST_103022,35,Working Age (25-55),Male,37600.0,4300,debt_consolidation,1,12,7,0.2344,0,0,0
CUST_103023,53,Working Age (25-55),Male,25400.0,5400,debt_consolidation,5,22,6,0.0848,1,0,0
CUST_103024,19,Young (<25),Male,60600.0,14500,credit_card,1,11,9,0.1251,0,0,0
CUST_103025,35,Working Age (25-55),Male,24900.0,3300,debt_consolidation,4,14,6,0.17,0,1,0
CUST_103026,42,Working Age (25-55),Female,65900.0,19300,credit_card,10,18,4,0.0998,1,0,0
CUST_103027,45,Working Age (25-55),Female,185400.0,50000,credit_card,1,12,5,0.2522,0,2,0
CUST_103028,33,Working Age (25-55),Female,26100.0,9500,credit_card,2,8,10,0.0962,0,0,0
CUST_103029,40,Working Age (25-55),Male,46300.0,20400,debt_consolidation,11,15,3,0.191,0,2,0
CUST_103030,19,Young (<25),Male,18000.0,5700,debt_consolidation,1,2,5,0.3178,0,0,1
CUST_103031,32,Working Age (25-55),Male,45900.0,6400,home_improvement,14,10,9,0.3198,0,0,0
CUST_103032,45,Working Age (25-55),Male,77100.0,10100,debt_consolidation,7,18,9,0.3153,0,0,0
CUST_103033,28,Working Age (25-55),Male,80500.0,30000,debt_consolidation,2,14,9,0.5145,0,0,1
CUST_103034,40,Working Age (25-55),Male,56500.0,18500,credit_card,3,13,6,0.0798,0,2,0
CUST_103035,45,Working Age (25-55),Female,88400.0,13800,small_business,11,13,5,0.2385,0,0,0
CUST_103036,35,Working Age (25-55),Female,219800.0,41500,credit_card,4,13,8,0.3827,0,0,0
CUST_103037,42,Working Age (25-55),Male,138900.0,50000,debt_consolidation,1,11,8,0.3669,0,1,1
CUST_103038,28,Working Age (25-55),Female,40600.0,12100,small_business,2,9,6,0.112,0,1,0
CUST_103039,37,Working Age (25-55),Female,24400.0,7400,small_business,3,12,3,0.3473,0,1,1
CUST_103040,47,Working Age (25-55),Male,43300.0,7500,home_improvement,0,16,5,0.2526,0,0,0
CUST_103041,41,Working Age (25-55),Female,32200.0,10300,credit_card,6,14,11,0.0988,0,0,0
CUST_103042,32,Working Age (25-55),Male,69400.0,25700,home_improvement,0,8,7,0.3325,1,0,1
CUST_103043,42,Working Age (25-55),Female,28300.0,11600,credit_card,2,12,5,0.0537,0,0,0
CUST_103044,48,Working Age (25-55),Female,52000.0,18600,home_improvement,8,14,6,0.2445,0,0,0
CUST_103045,19,Young (<25),Female,85900.0,25900,small_business,1,1,9,0.1747,0,1,1
CUST_103046,53,Working Age (25-55),Male,51300.0,17200,small_business,9,19,7,0.2532,0,0,0
CUST_103047,35,Working Age (25-55),Female,32200.0,8700,credit_card,2,14,7,0.2033,0,0,0
CUST_103048,45,Working Age (25-55),Male,103400.0,18600,small_business,15,18,9,0.3497,0,0,0
CUST_103049,54,Working Age (25-55),Male,19300.0,7900,debt_consolidation,1,18,6,0.1646,1,0,1
CUST_103050,23,Young (<25),Male,45200.0,12900,debt_consolidation,0,5,4,0.1109,0,3,0
CUST_103051,31,Working Age (25-55),Female,52900.0,16300,credit_card,10,13,9,0.2767,0,0,0
CUST_103052,36,Working Age (25-55),Female,54700.0,24400,credit_card,6,14,6,0.0762,1,1,1
CUST_103053,30,Working Age (25-55),Male,59800.0,26600,debt_consolidation,1,11,2,0.2677,0,0,1
CUST_103054,60,Senior (>55),Male,75800.0,23100,credit_card,20,26,2,0.0787,0,0,0
CUST_103055,29,Working Age (25-55),Male,53100.0,5900,debt_consolidation,3,10,9,0.3437,0,0,0
CUST_103056,33,Working Age (25-55),Female,44200.0,10500,credit_card,15,10,10,0.2044,0,0,0
CUST_103057,42,Working Age (25-55),Male,43300.0,18500,small_business,3,13,9,0.2071,1,0,1
CUST_103058,25,Working Age (25-55),Female,38700.0,7800,home_improvement,3,4,9,0.0639,0,0,0
CUST_103059,35,Working Age (25-55),Female,83500.0,37600,debt_consolidation,2,14,8,0.0418,0,3,0
CUST_103060,43,Working Age (25-55),Female,38000.0,4900,medical,2,14,3,0.1194,0,1,0
CUST_103061,36,Working Age (25-55),Female,86300.0,25800,credit_card,3,14,5,0.1932,1,0,1
CUST_103062,38,Working Age (25-55),Male,54700.0,15300,home_improvement,3,18,7,0.4167,0,0,1
CUST_103063,33,Working Age (25-55),Female,40700.0,7700,credit_card,0,10,7,0.146,0,0,0
CUST_103064,21,Young (<25),Male,76100.0,32900,medical,1,1,7,0.207,0,0,1
CUST_103065,43,Working Age (25-55),Female,36300.0,11500,small_business,1,16,8,0.2074,1,0,1
CUST_103066,61,Senior (>55),Male,77000.0,13900,credit_card,10,21,7,0.1697,1,0,0
CUST_103067,40,Working Age (25-55),Female,60900.0,14300,debt_consolidation,4,11,12,0.2838,0,0,0
CUST_103068,42,Working Age (25-55),Female,39000.0,13700,credit_card,7,15,10,0.1913,0,0,0
CUST_103069,48,Working Age (25-55),Female,72500.0,14800,credit_card,15,19,10,0.1772,0,0,0
CUST_103070,24,Young (<25),Female,73200.0,29900,credit_card,5,5,5,0.0417,0,0,0
CUST_103071,60,Senior (>55),Male,102400.0,16200,debt_consolidation,20,20,5,0.3286,0,0,0
CUST_103072,42,Working Age (25-55),Female,92200.0,17800,debt_consolidation,1,19,7,0.42,0,0,0
CUST_103073,59,Senior (>55),Male,71000.0,10700,credit_card,1,18,2,0.3823,0,0,0
CUST_103074,31,Working Age (25-55),Female,29100.0,4000,small_business,2,11,11,0.2025,0,0,0
CUST_103075,61,Senior (>55),Male,208300.0,42700,home_improvement,3,13,8,0.3204,0,0,0
CUST_103076,49,Working Age (25-55),Male,25000.0,11200,debt_consolidation,11,12,7,0.1197,0,2,0
CUST_103077,46,Working Age (25-55),Female,91300.0,12100,debt_consolidation,4,16,4,0.0945,1,0,0
CUST_103078,42,Working Age (25-55),Female,68700.0,12000,debt_consolidation,1,18,12,0.2373,0,0,0
CUST_103079,37,Working Age (25-55),Female,28400.0,5500,debt_consolidation,6,8,8,0.1555,0,0,0
CUST_103080,54,Working Age (25-55),Male,50600.0,16000,debt_consolidation,3,19,3,0.3449,0,0,1
CUST_103081,41,Working Age (25-55),Female,51900.0,18700,home_improvement,0,13,4,0.181,0,0,0
CUST_103082,19,Young (<25),Male,111100.0,40300,major_purchase,1,9,6,0.1775,0,1,1
CUST_103083,26,Working Age (25-55),Male,36600.0,3800,debt_consolidation,8,5,7,0.1193,0,0,0
CUST_103084,37,Working Age (25-55),Male,46900.0,15400,credit_card,9,14,6,0.1188,0,0,0
CUST_103085,43,Working Age (25-55),Male,18000.0,5800,home_improvement,4,13,5,0.0924,0,0,0
CUST_103086,39,Working Age (25-55),Male,140700.0,39600,major_purchase,2,14,5,0.2026,0,0,0
CUST_103087,54,Working Age (25-55),Female,30100.0,7000,major_purchase,0,19,5,0.3255,0,2,1
CUST_103088,19,Young (<25),Male,64800.0,24600,debt_consolidation,1,5,4,0.2308,0,2,1
CUST_103089,41,Working Age (25-55),Male,51200.0,11300,debt_consolidation,6,15,8,0.617,1,1,1
CUST_103090,19,Young (<25),Female,51300.0,9300,debt_consolidation,1,6,5,0.2759,0,0,1
CUST_103091,49,Working Age (25-55),Male,84600.0,17600,credit_card,1,16,1,0.3463,0,2,1
CUST_103092,38,Working Age (25-55),Female,135800.0,34500,home_improvement,13,12,4,0.145,0,0,0
CUST_103093,45,Working Age (25-55),Male,62200.0,10900,debt_consolidation,8,15,4,0.187,0,0,0
CUST_103094,29,Working Age (25-55),Male,77700.0,24300,small_business,5,10,5,0.104,0,0,1
CUST_103095,55,Working Age (25-55),Female,64900.0,26600,credit_card,0,16,9,0.4052,0,0,1
CUST_103096,52,Working Age (25-55),Male,94800.0,29200,medical,0,17,6,0.2375,0,0,0
CUST_103097,47,Working Age (25-55),Female,42000.0,10800,debt_consolidation,0,13,7,0.313,0,0,1
CUST_103098,38,Working Age (25-55),Female,97900.0,37100,debt_consolidation,4,13,7,0.255,0,1,1
CUST_103099,46,Working Age (25-55),Female,99800.0,36100,debt_consolidation,0,14,7,0.3786,0,0,1
CUST_103100,31,Working Age (25-55),Male,98300.0,22500,debt_consolidation,9,13,9,0.0936,0,0,0
CUST_103101,50,Working Age (25-55),Female,37700.0,11700,home_improvement,24,19,9,0.2031,1,0,0
CUST_103102,59,Senior (>55),Female,49400.0,17600,debt_consolidation,2,17,8,0.3964,0,0,1
CUST_103103,52,Working Age (25-55),Male,61800.0,11500,home_improvement,3,18,4,0.2652,0,0,0
CUST_103104,31,Working Age (25-55),Female,25500.0,5800,debt_consolidation,6,12,8,0.0964,0,0,0
CUST_103105,44,Working Age (25-55),Female,130200.0,17800,debt_consolidation,13,14,4,0.0574,0,0,0
CUST_103106,24,Young (<25),Female,53800.0,24000,small_business,6,6,9,0.2438,0,2,1
CUST_103107,46,Working Age (25-55),Female,63300.0,8200,major_purchase,0,12,6,0.1631,0,2,0
CUST_103108,45,Working Age (25-55),Female,39400.0,6300,debt_consolidation,0,18,8,0.1592,1,0,0
CUST_103109,19,Young (<25),Female,26100.0,7000,medical,1,9,7,0.3397,0,0,1
CUST_103110,26,Working Age (25-55),Male,38900.0,15700,credit_card,5,8,9,0.3971,0,0,1
CUST_103111,36,Working Age (25-55),Male,61100.0,13700,debt_consolidation,0,14,6,0.0732,0,0,0
CUST_103112,36,Working Age (25-55),Female,78500.0,29000,home_improvement,3,3,5,0.4173,0,0,1
CUST_103113,25,Working Age (25-55),Female,59200.0,19900,debt_consolidation,7,12,7,0.067,0,0,0
CUST_103114,44,Working Age (25-55),Female,65600.0,21200,debt_consolidation,1,14,7,0.1554,0,0,0
CUST_103115,43,Working Age (25-55),Male,45000.0,17800,credit_card,10,15,5,0.2901,0,0,0
CUST_103116,37,Working Age (25-55),Female,71200.0,7500,debt_consolidation,0,11,3,0.2245,1,0,1
CUST_103117,30,Working Age (25-55),Female,122500.0,50000,debt_consolidation,7,14,4,0.382,0,1,1
CUST_103118,52,Working Age (25-55),Male,79800.0,31100,debt_consolidation,4,15,12,0.2624,0,0,0
CUST_103119,59,Senior (>55),Female,84600.0,36200,home_improvement,1,25,9,0.248,0,0,0
CUST_103120,34,Working Age (25-55),Female,63700.0,24100,credit_card,6,13,4,0.2878,0,0,0
CUST_103121,32,Working Age (25-55),Male,23700.0,9700,debt_consolidation,7,13,10,0.1874,0,0,0
CUST_103122,45,Working Age (25-55),Male,30500.0,5200,small_business,13,14,8,0.1312,0,0,0
CUST_103123,35,Working Age (25-55),Female,69600.0,14700,debt_consolidation,2,8,13,0.098,0,0,0
CUST_103124,38,Working Age (25-55),Male,53900.0,11300,home_improvement,5,16,6,0.4267,1,0,1
CUST_103125,48,Working Age (25-55),Female,69000.0,9500,major_purchase,4,17,8,0.3543,0,0,0
CUST_103126,19,Young (<25),Male,136200.0,48400,small_business,1,10,5,0.0494,0,1,0
CUST_103127,55,Working Age (25-55),Male,80800.0,11900,credit_card,11,18,8,0.293,0,0,0
CUST_103128,40,Working Age (25-55),Male,108300.0,12800,credit_card,0,12,7,0.1721,0,3,0
CUST_103129,35,Working Age (25-55),Male,57100.0,21200,debt_consolidation,1,16,6,0.0402,0,1,0
CUST_103130,38,Working Age (25-55),Male,34800.0,14500,credit_card,3,19,4,0.1223,0,1,0
CUST_103131,39,Working Age (25-55),Male,52500.0,19300,debt_consolidation,0,13,10,0.2498,0,1,1
CUST_103132,19,Young (<25),Male,34800.0,13500,debt_consolidation,1,4,7,0.2535,0,0,1
CUST_103133,57,Senior (>55),Female,127700.0,39400,debt_consolidation,5,22,6,0.1857,0,1,0
CUST_103134,40,Working Age (25-55),Female,83700.0,34400,debt_consolidation,3,13,7,0.1466,0,0,0
CUST_103135,45,Working Age (25-55),Male,72100.0,19700,credit_card,8,17,9,0.2545,0,0,0
CUST_103136,51,Working Age (25-55),Male,106900.0,47700,small_business,2,17,3,0.2939,0,0,1
CUST_103137,27,Working Age (25-55),Female,18000.0,2500,debt_consolidation,4,14,7,0.1684,0,0,0
CUST_103138,45,Working Age (25-55),Male,74900.0,28700,debt_consolidation,0,13,7,0.1887,0,0,0
CUST_103139,36,Working Age (25-55),Male,26300.0,8500,credit_card,2,14,7,0.1789,0,0,0
CUST_103140,50,Working Age (25-55),Male,54000.0,16400,credit_card,0,16,2,0.4277,0,0,1
CUST_103141,19,Young (<25),Male,45600.0,16100,debt_consolidation,1,5,4,0.1324,0,0,0
CUST_103142,38,Working Age (25-55),Female,78000.0,30700,debt_consolidation,3,12,5,0.3666,1,1,1
CUST_103143,32,Working Age (25-55),Female,61400.0,24700,credit_card,1,13,12,0.2528,0,0,1
CUST_103144,45,Working Age (25-55),Female,113500.0,18300,home_improvement,3,18,6,0.0838,0,0,0
CUST_103145,45,Working Age (25-55),Female,38900.0,6600,debt_consolidation,1,17,7,0.1331,0,1,1
CUST_103146,31,Working Age (25-55),Male,80000.0,8500,debt_consolidation,12,10,4,0.1151,0,0,0
CUST_103147,31,Working Age (25-55),Male,59200.0,8700,credit_card,0,11,10,0.0527,0,0,0
CUST_103148,38,Working Age (25-55),Male,22000.0,4200,debt_consolidation,10,15,5,0.2805,0,0,0
CUST_103149,29,Working Age (25-55),Male,32700.0,11500,debt_consolidation,3,12,4,0.0932,0,0,1
CUST_103150,50,Working Age (25-55),Female,49900.0,13300,credit_card,4,9,7,0.1015,0,0,0
CUST_103151,35,Working Age (25-55),Female,99900.0,36500,major_purchase,1,11,4,0.3081,0,2,1
CUST_103152,19,Young (<25),Female,69900.0,18900,debt_consolidation,1,5,6,0.0978,0,0,0
CUST_103153,35,Working Age (25-55),Female,28500.0,8400,credit_card,1,14,5,0.3177,0,0,1
CUST_103154,27,Working Age (25-55),Male,50200.0,7000,debt_consolidation,4,9,5,0.1373,0,0,0
CUST_103155,20,Young (<25),Female,164400.0,50000,small_business,2,9,7,0.1116,0,0,0
CUST_103156,25,Working Age (25-55),Female,57600.0,21000,debt_consolidation,7,5,4,0.4649,1,0,1
CUST_103157,41,Working Age (25-55),Female,45300.0,9400,credit_card,3,15,4,0.2258,0,0,0
CUST_103158,55,Working Age (25-55),Male,71000.0,15300,small_business,23,21,8,0.202,0,0,0
CUST_103159,43,Working Age (25-55),Female,82400.0,14600,medical,6,10,8,0.3158,0,0,0
CUST_103160,32,Working Age (25-55),Male,42200.0,16200,credit_card,1,18,9,0.2878,0,0,0
CUST_103161,45,Working Age (25-55),Female,71400.0,25800,debt_consolidation,2,19,9,0.3155,0,0,1
CUST_103162,34,Working Age (25-55),Male,45200.0,14200,debt_consolidation,2,11,12,0.4387,0,0,1
CUST_103163,31,Working Age (25-55),Female,80500.0,14800,debt_consolidation,2,8,9,0.0692,0,0,0
CUST_103164,26,Working Age (25-55),Male,59500.0,9500,credit_card,7,8,4,0.286,0,0,0
CUST_103165,19,Young (<25),Male,70600.0,8300,home_improvement,1,6,5,0.185,0,0,0
CUST_103166,35,Working Age (25-55),Male,35700.0,4100,home_improvement,0,13,10,0.2785,0,0,0
CUST_103167,41,Working Age (25-55),Male,34500.0,5700,debt_consolidation,10,18,6,0.2765,0,0,0
CUST_103168,38,Working Age (25-55),Female,91100.0,12300,home_improvement,1,11,6,0.157,0,0,0
CUST_103169,35,Working Age (25-55),Female,51900.0,15300,major_purchase,17,13,6,0.2096,0,1,0
CUST_103170,28,Working Age (25-55),Female,63400.0,14300,major_purchase,10,5,9,0.2501,0,0,0
CUST_103171,47,Working Age (25-55),Male,45800.0,11700,home_improvement,14,15,8,0.3307,0,0,0
CUST_103172,24,Young (<25),Female,88800.0,27300,credit_card,6,9,5,0.1765,0,0,1
CUST_103173,49,Working Age (25-55),Female,38800.0,12800,credit_card,1,19,13,0.2932,0,1,1
CUST_103174,27,Working Age (25-55),Male,50300.0,16400,debt_consolidation,3,7,7,0.1882,1,0,1
CUST_103175,30,Working Age (25-55),Male,83500.0,16000,debt_consolidation,1,9,7,0.3967,1,0,1
CUST_103176,22,Young (<25),Female,103300.0,39600,credit_card,1,12,8,0.2906,0,1,1
CUST_103177,33,Working Age (25-55),Male,40600.0,17100,debt_consolidation,4,15,5,0.3146,0,0,1
CUST_103178,51,Working Age (25-55),Male,159200.0,33500,credit_card,0,18,10,0.04,0,1,0
CUST_103179,46,Working Age (25-55),Female,64400.0,6800,credit_card,17,9,9,0.2426,0,0,0
CUST_103180,51,Working Age (25-55),Female,30500.0,12600,credit_card,12,25,7,0.2652,0,0,0
CUST_103181,46,Working Age (25-55),Male,66400.0,28100,debt_consolidation,2,16,7,0.2593,0,0,0
CUST_103182,26,Working Age (25-55),Male,43900.0,5200,debt_consolidation,3,8,7,0.1452,0,0,0
CUST_103183,36,Working Age (25-55),Female,68800.0,7000,debt_consolidation,3,11,9,0.1917,1,1,1
CUST_103184,30,Working Age (25-55),Female,52900.0,20400,debt_consolidation,10,11,12,0.2117,0,1,0
CUST_103185,55,Working Age (25-55),Male,56400.0,11600,medical,5,20,5,0.143,0,0,0
CUST_103186,25,Working Age (25-55),Male,32800.0,13800,debt_consolidation,1,11,4,0.113,0,0,0
CUST_103187,50,Working Age (25-55),Male,93400.0,16400,debt_consolidation,2,14,4,0.1963,0,0,0
CUST_103188,50,Working Age (25-55),Female,28700.0,11500,debt_consolidation,2,16,5,0.3074,0,0,0
CUST_103189,61,Senior (>55),Female,29400.0,3600,credit_card,16,27,8,0.04,0,0,0
CUST_103190,35,Working Age (25-55),Male,66300.0,12700,credit_card,0,12,6,0.1384,0,0,0
CUST_103191,48,Working Age (25-55),Female,130800.0,50000,debt_consolidation,0,16,4,0.2208,0,0,0
CUST_103192,67,Senior (>55),Male,44600.0,8100,major_purchase,10,20,7,0.1624,0,3,0
CUST_103193,32,Working Age (25-55),Male,79700.0,11700,home_improvement,11,12,9,0.3374,1,0,1
CUST_103194,21,Young (<25),Female,97800.0,39100,debt_consolidation,3,10,7,0.0867,0,1,0
CUST_103195,19,Young (<25),Male,84800.0,12000,credit_card,1,9,4,0.2432,0,0,0
CUST_103196,48,Working Age (25-55),Female,45700.0,6100,credit_card,5,16,11,0.2528,0,2,0
CUST_103197,19,Young (<25),Male,29700.0,6300,debt_consolidation,1,7,9,0.1263,0,0,0
CUST_103198,35,Working Age (25-55),Female,18000.0,5800,home_improvement,0,17,8,0.181,0,0,1
CUST_103199,45,Working Age (25-55),Female,46900.0,16400,debt_consolidation,4,18,7,0.283,0,0,0
CUST_103200,42,Working Age (25-55),Male,103600.0,42300,debt_consolidation,0,12,11,0.0647,0,0,1
CUST_103201,45,Working Age (25-55),Male,29200.0,8400,debt_consolidation,1,8,10,0.2968,1,0,1
CUST_103202,42,Working Age (25-55),Female,79600.0,18900,credit_card,13,15,6,0.04,0,0,0
CUST_103203,55,Working Age (25-55),Male,32100.0,7200,small_business,1,21,7,0.2767,0,0,0
CUST_103204,28,Working Age (25-55),Female,57400.0,22800,debt_consolidation,10,6,10,0.081,0,1,0
CUST_103205,31,Working Age (25-55),Female,80000.0,28300,debt_consolidation,1,10,9,0.162,0,0,0
CUST_103206,30,Working Age (25-55),Female,37700.0,15700,credit_card,1,9,7,0.1244,0,0,0
CUST_103207,49,Working Age (25-55),Female,59500.0,26000,debt_consolidation,4,17,5,0.263,1,1,1
CUST_103208,50,Working Age (25-55),Female,43100.0,8800,debt_consolidation,7,15,4,0.2453,0,2,0
CUST_103209,45,Working Age (25-55),Female,79800.0,22800,debt_consolidation,3,19,6,0.2613,0,0,0
CUST_103210,54,Working Age (25-55),Female,61700.0,19800,debt_consolidation,10,19,8,0.3989,0,0,1
CUST_103211,25,Working Age (25-55),Female,55900.0,8800,debt_consolidation,0,6,6,0.1216,0,0,0
CUST_103212,60,Senior (>55),Female,127700.0,15200,debt_consolidation,12,23,8,0.1251,0,0,0
CUST_103213,58,Senior (>55),Male,78000.0,31500,debt_consolidation,1,16,17,0.2258,1,0,1
CUST_103214,48,Working Age (25-55),Female,37100.0,10700,credit_card,10,20,2,0.348,1,0,1
CUST_103215,61,Senior (>55),Male,51700.0,15500,debt_consolidation,2,24,7,0.142,0,0,0
CUST_103216,20,Young (<25),Male,52000.0,15300,medical,2,11,11,0.3404,1,2,1
CUST_103217,33,Working Age (25-55),Male,56600.0,20600,debt_consolidation,5,11,4,0.1613,0,1,0
CUST_103218,31,Working Age (25-55),Male,217200.0,32800,credit_card,0,9,4,0.1791,0,0,0
CUST_103219,48,Working Age (25-55),Male,66400.0,20900,home_improvement,12,17,3,0.1716,0,0,0
CUST_103220,27,Working Age (25-55),Female,18000.0,4800,debt_consolidation,1,9,5,0.2954,0,0,1
CUST_103221,49,Working Age (25-55),Male,40200.0,16600,home_improvement,1,15,7,0.1518,0,0,0
CUST_103222,56,Senior (>55),Male,18700.0,5300,small_business,8,17,9,0.2398,0,0,0
CUST_103223,48,Working Age (25-55),Male,45200.0,19400,debt_consolidation,0,15,3,0.2542,0,2,1
CUST_103224,43,Working Age (25-55),Male,18200.0,4100,medical,1,11,10,0.3118,0,2,1
CUST_103225,28,Working Age (25-55),Female,33500.0,14700,debt_consolidation,3,11,6,0.2867,0,1,1
CUST_103226,29,Working Age (25-55),Male,23500.0,9500,debt_consolidation,8,9,7,0.1038,0,0,0
CUST_103227,54,Working Age (25-55),Male,66900.0,20400,home_improvement,0,17,4,0.1802,0,1,0
CUST_103228,49,Working Age (25-55),Female,54200.0,12100,debt_consolidation,3,13,2,0.2346,0,1,0
CUST_103229,39,Working Age (25-55),Female,64000.0,14800,credit_card,6,10,5,0.1281,0,0,0
CUST_103230,34,Working Age (25-55),Male,51100.0,18900,small_business,9,17,8,0.0725,0,0,0
CUST_103231,19,Young (<25),Male,25200.0,7600,major_purchase,1,4,6,0.0571,1,0,1
CUST_103232,27,Working Age (25-55),Male,71900.0,17300,credit_card,7,11,12,0.2166,0,1,0
CUST_103233,62,Senior (>55),Male,155900.0,50000,medical,5,22,7,0.1322,0,0,0
CUST_103234,24,Young (<25),Female,67900.0,24200,debt_consolidation,2,1,11,0.2828,0,0,1
CUST_103235,42,Working Age (25-55),Female,42900.0,4600,debt_consolidation,0,20,6,0.3148,0,0,1
CUST_103236,52,Working Age (25-55),Female,24700.0,3200,credit_card,6,20,7,0.159,0,2,0
CUST_103237,24,Young (<25),Female,32900.0,4400,credit_card,6,6,7,0.2877,0,0,0
CUST_103238,42,Working Age (25-55),Female,69500.0,12600,credit_card,6,14,9,0.1434,0,0,0
CUST_103239,51,Working Age (25-55),Female,97800.0,24400,credit_card,0,14,3,0.3188,1,1,1
CUST_103240,40,Working Age (25-55),Male,62500.0,23800,debt_consolidation,3,19,6,0.1274,0,0,0
CUST_103241,74,Senior (>55),Male,84100.0,18700,credit_card,4,23,10,0.3436,0,0,0
CUST_103242,19,Young (<25),Female,80000.0,8500,major_purchase,1,5,4,0.238,0,0,0
CUST_103243,52,Working Age (25-55),Female,71600.0,19300,credit_card,6,16,8,0.1985,0,1,0
CUST_103244,37,Working Age (25-55),Female,37700.0,16900,debt_consolidation,4,13,11,0.4014,0,0,1
CUST_103245,49,Working Age (25-55),Male,59600.0,13200,home_improvement,1,21,4,0.1726,0,0,0
CUST_103246,45,Working Age (25-55),Female,34000.0,14800,debt_consolidation,14,21,9,0.3051,0,2,0
CUST_103247,31,Working Age (25-55),Female,54700.0,7400,home_improvement,5,9,8,0.3617,1,0,1
CUST_103248,42,Working Age (25-55),Male,65000.0,10400,debt_consolidation,1,15,8,0.2648,0,0,0
CUST_103249,19,Young (<25),Male,136400.0,48200,debt_consolidation,1,6,9,0.2373,0,0,1
CUST_103250,47,Working Age (25-55),Female,26400.0,7300,debt_consolidation,12,13,9,0.3295,0,0,0
CUST_103251,43,Working Age (25-55),Female,70600.0,26000,debt_consolidation,10,22,5,0.1087,0,0,0
CUST_103252,47,Working Age (25-55),Female,122400.0,49200,credit_card,2,20,11,0.1967,0,0,0
CUST_103253,52,Working Age (25-55),Male,82200.0,15400,debt_consolidation,0,18,8,0.3438,0,1,1
CUST_103254,44,Working Age (25-55),Male,85700.0,29100,small_business,0,20,8,0.5653,0,0,1
CUST_103255,41,Working Age (25-55),Female,74800.0,23400,credit_card,1,17,5,0.15,0,0,0
CUST_103256,29,Working Age (25-55),Male,110600.0,44400,debt_consolidation,4,10,7,0.481,0,0,1
CUST_103257,31,Working Age (25-55),Female,29800.0,7500,home_improvement,4,11,4,0.1353,1,0,1
CUST_103258,54,Working Age (25-55),Female,25300.0,3000,credit_card,5,23,4,0.1109,0,0,0
CUST_103259,57,Senior (>55),Female,54000.0,16300,home_improvement,6,17,10,0.2047,1,0,1
CUST_103260,37,Working Age (25-55),Male,18000.0,7800,credit_card,0,17,10,0.2345,0,0,0
CUST_103261,40,Working Age (25-55),Female,106600.0,11200,debt_consolidation,0,13,6,0.1529,0,0,0
CUST_103262,29,Working Age (25-55),Female,106000.0,19500,credit_card,2,14,13,0.2967,1,3,1
CUST_103263,54,Working Age (25-55),Female,42700.0,9000,debt_consolidation,0,18,9,0.2663,0,0,0
CUST_103264,47,Working Age (25-55),Female,44200.0,16300,credit_card,0,17,6,0.177,0,0,0
CUST_103265,63,Senior (>55),Male,52100.0,11100,major_purchase,5,21,8,0.04,1,0,0
CUST_103266,29,Working Age (25-55),Female,55700.0,10200,debt_consolidation,8,8,6,0.2669,0,1,0
CUST_103267,35,Working Age (25-55),Female,58100.0,19000,credit_card,6,11,6,0.146,1,0,1
CUST_103268,42,Working Age (25-55),Male,73600.0,8600,debt_consolidation,8,18,8,0.2551,0,0,0
CUST_103269,47,Working Age (25-55),Male,49300.0,7900,debt_consolidation,5,9,7,0.2466,0,0,0
CUST_103270,37,Working Age (25-55),Male,91000.0,22100,credit_card,6,9,6,0.0474,0,0,0
CUST_103271,29,Working Age (25-55),Male,69200.0,15500,credit_card,1,7,8,0.2074,1,0,1
CUST_103272,50,Working Age (25-55),Female,38800.0,8600,debt_consolidation,24,14,4,0.3217,0,0,0
CUST_103273,48,Working Age (25-55),Male,112900.0,15600,debt_consolidation,1,21,1,0.1243,0,0,0
CUST_103274,29,Working Age (25-55),Male,25700.0,5800,small_business,1,13,7,0.3681,0,0,1
CUST_103275,56,Senior (>55),Female,51500.0,19500,debt_consolidation,1,21,6,0.4185,0,1,1
CUST_103276,54,Working Age (25-55),Male,92200.0,22600,debt_consolidation,18,16,11,0.2288,0,0,0
CUST_103277,41,Working Age (25-55),Female,36400.0,11100,home_improvement,22,18,4,0.2483,0,0,1
CUST_103278,40,Working Age (25-55),Male,64200.0,10100,major_purchase,7,9,6,0.2952,0,0,0
CUST_103279,46,Working Age (25-55),Male,73000.0,9100,debt_consolidation,4,22,11,0.3661,0,0,0
CUST_103280,29,Working Age (25-55),Male,33700.0,13700,small_business,3,8,3,0.1871,0,0,0
CUST_103281,40,Working Age (25-55),Male,52100.0,11300,debt_consolidation,17,13,4,0.1181,0,1,0
CUST_103282,19,Young (<25),Male,49700.0,11100,debt_consolidation,1,5,5,0.1244,0,1,0
CUST_103283,50,Working Age (25-55),Female,40000.0,16300,small_business,14,14,9,0.2209,0,2,1
CUST_103284,21,Young (<25),Female,192100.0,50000,major_purchase,1,13,4,0.1203,0,0,0
CUST_103285,58,Senior (>55),Female,35600.0,13000,debt_consolidation,2,22,9,0.3741,0,0,1
CUST_103286,36,Working Age (25-55),Female,94200.0,31900,debt_consolidation,9,16,12,0.3659,0,0,1
CUST_103287,37,Working Age (25-55),Male,43700.0,6000,debt_consolidation,0,9,9,0.2423,0,0,0
CUST_103288,32,Working Age (25-55),Female,29800.0,13000,debt_consolidation,14,11,8,0.1048,0,0,0
CUST_103289,36,Working Age (25-55),Female,57300.0,24000,home_improvement,3,14,6,0.2759,1,0,1
CUST_103290,57,Senior (>55),Male,77400.0,14100,credit_card,13,20,4,0.3391,0,0,0
CUST_103291,19,Young (<25),Male,89900.0,34300,credit_card,1,3,5,0.1999,0,0,1
CUST_103292,55,Working Age (25-55),Female,127900.0,31100,credit_card,6,22,6,0.2862,0,0,0
CUST_103293,44,Working Age (25-55),Female,260000.0,50000,small_business,3,15,3,0.1977,0,0,0
CUST_103294,25,Working Age (25-55),Female,62200.0,9800,debt_consolidation,4,5,4,0.1063,0,0,0
CUST_103295,27,Working Age (25-55),Male,37600.0,10800,credit_card,3,3,11,0.1701,0,0,0
CUST_103296,60,Senior (>55),Female,69500.0,10000,major_purchase,17,22,8,0.1894,0,0,0
CUST_103297,28,Working Age (25-55),Male,46800.0,13500,debt_consolidation,5,17,5,0.2999,0,0,0
CUST_103298,26,Working Age (25-55),Female,90200.0,16700,small_business,1,6,6,0.2044,0,0,0
CUST_103299,53,Working Age (25-55),Female,26500.0,6800,credit_card,12,19,6,0.2803,0,1,0
CUST_103300,44,Working Age (25-55),Male,199300.0,50000,debt_consolidation,1,18,7,0.4195,0,0,0
CUST_103301,28,Working Age (25-55),Female,86800.0,35300,debt_consolidation,2,5,4,0.252,0,2,1
CUST_103302,42,Working Age (25-55),Female,21500.0,3400,credit_card,0,13,5,0.1126,0,0,0
CUST_103303,27,Working Age (25-55),Female,36700.0,15100,credit_card,9,6,11,0.3376,0,1,1
CUST_103304,53,Working Age (25-55),Male,84900.0,20100,credit_card,1,21,5,0.2937,0,0,0
CUST_103305,52,Working Age (25-55),Male,103500.0,40900,debt_consolidation,1,22,5,0.1574,0,0,0
CUST_103306,46,Working Age (25-55),Female,26900.0,7500,credit_card,12,16,9,0.3557,0,0,0
CUST_103307,44,Working Age (25-55),Female,80200.0,32200,debt_consolidation,8,12,6,0.1781,0,0,0
CUST_103308,61,Senior (>55),Female,18600.0,6200,debt_consolidation,0,20,7,0.2518,0,2,1
CUST_103309,39,Working Age (25-55),Male,51600.0,14300,debt_consolidation,7,11,8,0.2379,0,0,1
CUST_103310,25,Working Age (25-55),Male,99900.0,20900,credit_card,7,5,8,0.1855,0,1,0
CUST_103311,45,Working Age (25-55),Male,40000.0,17600,debt_consolidation,0,15,7,0.4164,0,1,1
CUST_103312,65,Senior (>55),Male,23700.0,9000,debt_consolidation,8,24,7,0.2114,1,0,0
CUST_103313,27,Working Age (25-55),Female,58700.0,13700,debt_consolidation,3,10,10,0.1613,0,2,0
CUST_103314,35,Working Age (25-55),Female,38800.0,6100,debt_consolidation,5,12,3,0.1357,0,0,0
CUST_103315,44,Working Age (25-55),Female,76600.0,28600,debt_consolidation,3,15,6,0.1618,0,0,0
CUST_103316,39,Working Age (25-55),Female,33300.0,14900,credit_card,5,13,5,0.219,0,0,0
CUST_103317,28,Working Age (25-55),Female,35400.0,7000,home_improvement,0,5,12,0.173,0,0,0
CUST_103318,53,Working Age (25-55),Male,18000.0,7600,credit_card,7,19,12,0.3593,0,0,1
CUST_103319,67,Senior (>55),Male,59500.0,8600,credit_card,0,21,7,0.2516,1,0,1
CUST_103320,42,Working Age (25-55),Male,49600.0,21500,debt_consolidation,3,10,5,0.1309,0,2,0
CUST_103321,29,Working Age (25-55),Female,28200.0,10200,major_purchase,0,11,11,0.499,0,1,1
CUST_103322,21,Young (<25),Male,60300.0,13300,debt_consolidation,3,5,5,0.257,0,1,1
CUST_103323,43,Working Age (25-55),Male,95300.0,19700,credit_card,1,15,8,0.3498,0,1,1
CUST_103324,53,Working Age (25-55),Male,48100.0,15600,major_purchase,3,21,9,0.5129,0,1,1
CUST_103325,45,Working Age (25-55),Female,62800.0,19300,credit_card,2,12,8,0.2924,0,0,1
CUST_103326,39,Working Age (25-55),Female,63000.0,26600,debt_consolidation,7,13,9,0.0634,0,0,0
CUST_103327,32,Working Age (25-55),Female,27900.0,10300,debt_consolidation,3,5,5,0.1417,0,0,0
CUST_103328,26,Working Age (25-55),Female,167900.0,48500,debt_consolidation,7,13,7,0.4561,1,0,0
CUST_103329,50,Working Age (25-55),Male,41800.0,17800,credit_card,0,13,6,0.3206,0,0,1
CUST_103330,50,Working Age (25-55),Female,77700.0,23900,credit_card,1,15,12,0.1535,0,0,0
CUST_103331,21,Young (<25),Female,82700.0,32900,home_improvement,3,11,12,0.1795,0,1,1
CUST_103332,59,Senior (>55),Male,50200.0,19800,debt_consolidation,14,19,6,0.2034,0,0,0
CUST_103333,46,Working Age (25-55),Male,75600.0,31900,home_improvement,0,12,7,0.2141,0,1,1
CUST_103334,56,Senior (>55),Female,62000.0,7700,home_improvement,0,21,8,0.1293,0,0,1
CUST_103335,23,Young (<25),Male,24800.0,7500,debt_consolidation,0,10,8,0.1886,0,1,1
CUST_103336,23,Young (<25),Female,45100.0,11900,debt_consolidation,5,6,6,0.2588,0,0,0
CUST_103337,38,Working Age (25-55),Female,38700.0,10500,credit_card,2,11,8,0.2609,0,0,0
CUST_103338,46,Working Age (25-55),Female,42000.0,11000,credit_card,8,14,8,0.1202,0,0,0
CUST_103339,61,Senior (>55),Male,26400.0,10400,debt_consolidation,0,20,7,0.4673,1,2,1
CUST_103340,48,Working Age (25-55),Male,100700.0,21300,debt_consolidation,1,11,8,0.2763,0,0,0
CUST_103341,37,Working Age (25-55),Female,130800.0,34300,home_improvement,1,12,5,0.0767,0,0,0
CUST_103342,27,Working Age (25-55),Male,92800.0,15800,debt_consolidation,4,14,2,0.1809,0,1,0
CUST_103343,54,Working Age (25-55),Female,109000.0,20500,debt_consolidation,5,16,4,0.3235,0,0,0
CUST_103344,28,Working Age (25-55),Male,44800.0,14800,small_business,0,8,9,0.0749,0,0,0
CUST_103345,59,Senior (>55),Female,38200.0,5400,credit_card,14,17,8,0.1014,0,0,0
CUST_103346,36,Working Age (25-55),Female,35300.0,5800,credit_card,2,14,3,0.2345,0,0,0
CUST_103347,59,Senior (>55),Male,77200.0,22000,credit_card,6,24,8,0.4734,0,0,1
CUST_103348,48,Working Age (25-55),Male,61400.0,7100,credit_card,3,20,5,0.4301,1,0,1
CUST_103349,38,Working Age (25-55),Female,51900.0,7500,credit_card,1,9,10,0.3755,0,0,1
CUST_103350,33,Working Age (25-55),Female,110500.0,44400,medical,9,13,5,0.3284,0,3,1
CUST_103351,35,Working Age (25-55),Female,67700.0,26800,debt_consolidation,8,16,8,0.6397,1,0,1
CUST_103352,45,Working Age (25-55),Female,34200.0,7600,debt_consolidation,2,17,7,0.2496,0,0,0
CUST_103353,40,Working Age (25-55),Male,37300.0,8300,debt_consolidation,4,15,11,0.2352,0,3,0
CUST_103354,32,Working Age (25-55),Male,78800.0,33700,credit_card,1,9,5,0.2585,0,0,1
CUST_103355,38,Working Age (25-55),Female,96100.0,10500,credit_card,5,13,7,0.2623,0,0,0
CUST_103356,40,Working Age (25-55),Female,73400.0,22200,debt_consolidation,1,17,9,0.1672,0,0,0
CUST_103357,19,Young (<25),Male,153800.0,47500,debt_consolidation,1,7,3,0.2065,0,0,0
CUST_103358,45,Working Age (25-55),Female,133200.0,50000,debt_consolidation,1,12,5,0.2833,0,1,0
CUST_103359,28,Working Age (25-55),Male,69000.0,29900,debt_consolidation,0,8,8,0.2206,1,0,1
CUST_103360,26,Working Age (25-55),Female,34200.0,7700,major_purchase,1,12,7,0.2692,0,1,1
CUST_103361,19,Young (<25),Male,26400.0,6700,credit_card,1,7,9,0.4718,1,0,1
CUST_103362,19,Young (<25),Male,43800.0,14700,debt_consolidation,1,7,11,0.1758,0,1,1
CUST_103363,23,Young (<25),Male,82000.0,36000,debt_consolidation,1,6,6,0.0726,0,0,0
CUST_103364,31,Working Age (25-55),Male,148000.0,50000,debt_consolidation,7,14,5,0.2113,0,1,0
CUST_103365,63,Senior (>55),Female,68200.0,22700,home_improvement,1,27,8,0.1223,0,0,0
CUST_103366,33,Working Age (25-55),Male,103000.0,41200,credit_card,6,15,8,0.2296,0,0,0
CUST_103367,42,Working Age (25-55),Male,47300.0,6100,medical,4,19,7,0.1463,0,0,0
CUST_103368,44,Working Age (25-55),Female,76300.0,17700,home_improvement,21,14,3,0.259,0,0,0
CUST_103369,41,Working Age (25-55),Female,85200.0,8900,credit_card,23,12,7,0.2416,0,0,0
CUST_103370,39,Working Age (25-55),Female,18200.0,3000,home_improvement,10,13,12,0.1774,0,0,0
CUST_103371,25,Working Age (25-55),Female,43200.0,13900,home_improvement,7,8,7,0.2136,0,1,1
CUST_103372,57,Senior (>55),Female,91300.0,37400,debt_consolidation,2,24,2,0.1498,1,0,0
CUST_103373,61,Senior (>55),Male,63000.0,20300,credit_card,6,24,8,0.04,0,0,0
CUST_103374,19,Young (<25),Female,28100.0,9300,credit_card,1,8,9,0.2658,0,0,1
CUST_103375,27,Working Age (25-55),Male,18000.0,2500,credit_card,0,5,12,0.1292,0,0,0
CUST_103376,36,Working Age (25-55),Female,44300.0,14700,debt_consolidation,3,7,4,0.2385,0,1,1
CUST_103377,28,Working Age (25-55),Female,52100.0,13500,debt_consolidation,1,10,6,0.2511,0,0,0
CUST_103378,46,Working Age (25-55),Male,33300.0,10900,debt_consolidation,4,18,10,0.4295,1,0,1
CUST_103379,31,Working Age (25-55),Male,58600.0,12500,debt_consolidation,3,10,7,0.1739,0,0,0
CUST_103380,65,Senior (>55),Female,71600.0,21700,major_purchase,4,28,3,0.2105,0,2,0
CUST_103381,54,Working Age (25-55),Female,78300.0,19500,credit_card,4,15,7,0.0962,0,0,0
CUST_103382,42,Working Age (25-55),Female,18000.0,5300,credit_card,16,11,8,0.3269,0,1,1
CUST_103383,52,Working Age (25-55),Male,26300.0,4000,credit_card,4,16,8,0.1159,0,0,0
CUST_103384,53,Working Age (25-55),Male,45800.0,10900,credit_card,9,16,8,0.1646,0,0,0
CUST_103385,33,Working Age (25-55),Female,74200.0,17100,medical,1,13,6,0.0516,1,3,0
CUST_103386,30,Working Age (25-55),Male,70900.0,25400,debt_consolidation,2,9,3,0.1285,0,0,0
CUST_103387,40,Working Age (25-55),Male,70200.0,24400,home_improvement,3,9,5,0.1466,0,0,0
CUST_103388,50,Working Age (25-55),Female,43900.0,18400,debt_consolidation,1,20,7,0.333,0,0,1
CUST_103389,41,Working Age (25-55),Male,45200.0,14500,small_business,2,9,10,0.2902,0,1,1
CUST_103390,21,Young (<25),Male,36300.0,7600,small_business,3,4,3,0.3668,1,0,1
CUST_103391,30,Working Age (25-55),Female,82700.0,30900,major_purchase,4,5,4,0.1037,0,0,0
CUST_103392,39,Working Age (25-55),Female,32700.0,9000,debt_consolidation,5,14,5,0.167,1,0,1
CUST_103393,39,Working Age (25-55),Female,86500.0,14500,debt_consolidation,2,14,8,0.2129,0,0,0
CUST_103394,63,Senior (>55),Female,60700.0,21900,debt_consolidation,1,27,6,0.2571,0,1,0
CUST_103395,23,Young (<25),Male,52900.0,7700,credit_card,4,10,10,0.2934,0,0,0
CUST_103396,46,Working Age (25-55),Female,37800.0,6100,credit_card,0,20,6,0.1863,0,0,0
CUST_103397,57,Senior (>55),Male,25700.0,9400,debt_consolidation,1,20,7,0.1421,0,0,0
CUST_103398,67,Senior (>55),Male,37900.0,14000,home_improvement,0,20,8,0.1725,0,0,0
CUST_103399,35,Working Age (25-55),Male,45200.0,17000,debt_consolidation,0,12,6,0.2342,0,1,1
CUST_103400,45,Working Age (25-55),Male,18000.0,3600,small_business,1,17,8,0.3286,0,0,1
CUST_103401,46,Working Age (25-55),Female,48600.0,19600,debt_consolidation,0,18,7,0.0476,0,0,0
CUST_103402,42,Working Age (25-55),Female,90100.0,31800,debt_consolidation,1,13,5,0.4268,1,0,1
CUST_103403,38,Working Age (25-55),Male,74000.0,29000,credit_card,5,14,6,0.2322,0,2,1
CUST_103404,45,Working Age (25-55),Female,41200.0,14300,credit_card,0,12,14,0.3414,1,0,1
CUST_103405,19,Young (<25),Female,55600.0,16800,debt_consolidation,1,3,7,0.2093,0,0,1
CUST_103406,48,Working Age (25-55),Male,39900.0,5500,small_business,12,13,8,0.2337,1,3,1
CUST_103407,41,Working Age (25-55),Male,58800.0,20500,credit_card,7,14,7,0.247,0,1,1
CUST_103408,37,Working Age (25-55),Female,126400.0,43200,small_business,1,9,9,0.1236,0,0,0
CUST_103409,64,Senior (>55),Male,92300.0,19300,small_business,12,21,9,0.04,0,0,0
CUST_103410,31,Working Age (25-55),Male,72100.0,25800,credit_card,1,13,7,0.3196,0,0,1
CUST_103411,35,Working Age (25-55),Female,41300.0,12100,major_purchase,0,9,9,0.2469,0,0,1
CUST_103412,63,Senior (>55),Female,81800.0,24200,small_business,25,20,10,0.2465,0,0,0
CUST_103413,30,Working Age (25-55),Male,21400.0,4900,major_purchase,10,10,10,0.2065,0,3,0
CUST_103414,33,Working Age (25-55),Female,47200.0,6600,small_business,3,12,7,0.4149,0,0,1
CUST_103415,38,Working Age (25-55),Female,74700.0,13100,small_business,5,11,5,0.1964,0,0,0
CUST_103416,50,Working Age (25-55),Male,81400.0,30000,credit_card,5,19,4,0.3201,1,0,1
CUST_103417,42,Working Age (25-55),Male,78300.0,15300,debt_consolidation,1,16,8,0.2568,0,0,0
CUST_103418,24,Young (<25),Female,63700.0,6400,major_purchase,1,11,8,0.4133,1,0,1
CUST_103419,33,Working Age (25-55),Female,48600.0,21800,home_improvement,3,11,6,0.2227,0,0,0
CUST_103420,32,Working Age (25-55),Female,72800.0,12600,debt_consolidation,12,9,12,0.3005,0,1,0
CUST_103421,39,Working Age (25-55),Male,32100.0,10600,debt_consolidation,0,11,11,0.3238,1,1,1
CUST_103422,45,Working Age (25-55),Female,34000.0,14400,credit_card,7,16,5,0.1239,0,1,0
CUST_103423,45,Working Age (25-55),Male,56000.0,17400,credit_card,0,14,9,0.3301,0,0,1
CUST_103424,19,Young (<25),Male,59600.0,22600,debt_consolidation,1,4,7,0.0681,0,0,0
CUST_103425,52,Working Age (25-55),Female,19800.0,8700,debt_consolidation,5,16,10,0.4108,1,0,1
CUST_103426,43,Working Age (25-55),Male,69600.0,27900,home_improvement,5,12,13,0.1104,0,0,0
CUST_103427,56,Senior (>55),Male,82900.0,24500,debt_consolidation,0,20,4,0.2345,0,1,1
CUST_103428,45,Working Age (25-55),Male,51900.0,11800,credit_card,2,11,8,0.331,0,0,1
CUST_103429,53,Working Age (25-55),Female,200000.0,50000,home_improvement,4,19,11,0.3707,0,0,0
CUST_103430,45,Working Age (25-55),Male,37200.0,14700,home_improvement,0,17,2,0.4065,0,0,1
CUST_103431,56,Senior (>55),Male,44400.0,17700,debt_consolidation,0,17,3,0.0497,0,0,0
CUST_103432,46,Working Age (25-55),Male,43600.0,17300,debt_consolidation,5,21,10,0.22,0,0,0
CUST_103433,38,Working Age (25-55),Female,52000.0,16100,credit_card,3,13,7,0.2814,0,0,0
CUST_103434,67,Senior (>55),Male,45200.0,12100,home_improvement,0,18,8,0.1063,0,0,0
CUST_103435,50,Working Age (25-55),Female,25000.0,5200,debt_consolidation,3,16,6,0.3905,0,0,1
CUST_103436,46,Working Age (25-55),Female,40100.0,4100,debt_consolidation,12,16,5,0.0915,0,0,0
CUST_103437,24,Young (<25),Female,51300.0,18900,small_business,0,9,8,0.2741,0,0,1
CUST_103438,24,Young (<25),Male,106500.0,21000,major_purchase,5,7,10,0.2538,1,0,1
CUST_103439,43,Working Age (25-55),Female,181900.0,39200,credit_card,0,12,9,0.3508,1,0,1
CUST_103440,41,Working Age (25-55),Male,112900.0,44600,debt_consolidation,0,11,8,0.3765,0,0,1
CUST_103441,32,Working Age (25-55),Male,35400.0,4200,debt_consolidation,0,9,12,0.0978,0,0,0
CUST_103442,41,Working Age (25-55),Female,36900.0,15700,debt_consolidation,2,12,4,0.2244,0,0,0
CUST_103443,59,Senior (>55),Male,49600.0,5000,debt_consolidation,8,17,6,0.4867,0,0,1
CUST_103444,48,Working Age (25-55),Female,144600.0,50000,credit_card,1,14,3,0.1499,0,0,1
CUST_103445,26,Working Age (25-55),Female,49500.0,12800,credit_card,4,11,7,0.3345,0,1,1
CUST_103446,38,Working Age (25-55),Male,26100.0,3500,debt_consolidation,2,18,5,0.2568,0,1,0
CUST_103447,30,Working Age (25-55),Male,41100.0,13800,small_business,1,12,7,0.3455,0,1,1
CUST_103448,35,Working Age (25-55),Male,82200.0,34000,credit_card,3,16,9,0.3421,0,0,1
CUST_103449,35,Working Age (25-55),Male,79200.0,20100,credit_card,7,15,6,0.1618,0,1,0
CUST_103450,34,Working Age (25-55),Female,48500.0,16600,medical,8,14,4,0.4086,0,2,1
CUST_103451,24,Young (<25),Female,78900.0,34900,credit_card,6,7,5,0.3358,0,2,1
CUST_103452,38,Working Age (25-55),Male,18000.0,3300,major_purchase,2,13,8,0.0618,0,0,0
CUST_103453,33,Working Age (25-55),Female,57400.0,22200,debt_consolidation,7,10,6,0.0584,0,1,0
CUST_103454,19,Young (<25),Female,87000.0,17700,debt_consolidation,1,5,9,0.0815,0,0,0
CUST_103455,64,Senior (>55),Male,34300.0,8500,credit_card,6,22,8,0.1407,0,0,0
CUST_103456,53,Working Age (25-55),Female,34200.0,6800,credit_card,14,20,7,0.203,0,0,0
CUST_103457,35,Working Age (25-55),Female,19400.0,5000,debt_consolidation,0,13,6,0.3288,0,1,1
CUST_103458,40,Working Age (25-55),Male,129900.0,13200,credit_card,2,13,6,0.3044,0,1,0
CUST_103459,25,Working Age (25-55),Male,36500.0,7500,debt_consolidation,5,8,14,0.4664,0,2,1
CUST_103460,60,Senior (>55),Male,61900.0,15800,credit_card,6,22,6,0.2131,0,1,0
CUST_103461,62,Senior (>55),Male,75500.0,24300,credit_card,0,23,8,0.4003,0,0,1
CUST_103462,41,Working Age (25-55),Female,124400.0,40200,credit_card,17,9,11,0.1375,0,0,0
CUST_103463,52,Working Age (25-55),Male,49800.0,15200,credit_card,4,14,8,0.3005,0,0,0
CUST_103464,42,Working Age (25-55),Male,40300.0,8200,medical,0,18,5,0.327,0,1,1
CUST_103465,23,Young (<25),Female,59600.0,25700,debt_consolidation,0,7,6,0.2732,1,0,1
CUST_103466,35,Working Age (25-55),Female,109800.0,26000,medical,7,10,6,0.2307,0,1,0
CUST_103467,41,Working Age (25-55),Male,49300.0,8700,debt_consolidation,0,13,2,0.1104,0,3,0
CUST_103468,34,Working Age (25-55),Male,32000.0,9400,credit_card,0,11,5,0.1978,0,0,0
CUST_103469,37,Working Age (25-55),Male,23200.0,8400,credit_card,4,14,8,0.1798,0,0,0
CUST_103470,38,Working Age (25-55),Male,27700.0,2900,small_business,4,9,8,0.3453,0,0,1
CUST_103471,39,Working Age (25-55),Male,87200.0,17200,home_improvement,5,13,8,0.2142,1,0,0
CUST_103472,40,Working Age (25-55),Male,45400.0,17600,home_improvement,2,14,6,0.3801,0,1,1
CUST_103473,27,Working Age (25-55),Male,38800.0,10800,debt_consolidation,7,10,4,0.2087,0,0,0
CUST_103474,31,Working Age (25-55),Female,36500.0,8900,small_business,13,11,8,0.1587,0,1,0
CUST_103475,24,Young (<25),Male,56800.0,24200,debt_consolidation,1,9,1,0.2553,0,2,1
CUST_103476,51,Working Age (25-55),Female,47500.0,6200,debt_consolidation,6,16,5,0.0537,0,0,0
CUST_103477,19,Young (<25),Male,46600.0,14700,debt_consolidation,1,3,8,0.2077,1,0,1
CUST_103478,53,Working Age (25-55),Male,113800.0,25000,credit_card,5,25,6,0.1263,1,0,1
CUST_103479,56,Senior (>55),Male,126200.0,15700,home_improvement,5,18,9,0.1545,0,1,0
CUST_103480,36,Working Age (25-55),Male,22300.0,3900,debt_consolidation,1,12,5,0.2565,0,0,0
CUST_103481,19,Young (<25),Female,64900.0,20800,debt_consolidation,1,8,3,0.215,0,0,0
CUST_103482,35,Working Age (25-55),Female,35300.0,3900,credit_card,4,17,6,0.1301,0,0,0
CUST_103483,39,Working Age (25-55),Female,47300.0,14500,medical,6,12,3,0.0945,0,2,0
CUST_103484,27,Working Age (25-55),Male,64200.0,27900,credit_card,9,6,6,0.2249,0,0,0
CUST_103485,33,Working Age (25-55),Male,48200.0,18200,credit_card,0,7,7,0.331,0,0,1
CUST_103486,58,Senior (>55),Male,61500.0,13600,credit_card,0,25,11,0.1884,0,0,0
CUST_103487,47,Working Age (25-55),Female,78400.0,11600,home_improvement,0,13,9,0.1377,0,0,1
CUST_103488,28,Working Age (25-55),Male,63700.0,16700,medical,6,9,11,0.0509,0,1,0
CUST_103489,20,Young (<25),Male,38000.0,9000,credit_card,0,4,11,0.2907,0,2,1
CUST_103490,36,Working Age (25-55),Female,38300.0,16900,debt_consolidation,4,8,9,0.1758,0,0,0
CUST_103491,37,Working Age (25-55),Male,24500.0,10900,small_business,1,12,4,0.1127,0,0,0
CUST_103492,45,Working Age (25-55),Male,33900.0,8300,medical,3,12,6,0.1531,0,0,0
CUST_103493,33,Working Age (25-55),Male,159400.0,24200,debt_consolidation,1,9,5,0.1473,0,0,0
CUST_103494,46,Working Age (25-55),Female,35000.0,14700,credit_card,10,22,5,0.0754,0,0,0
CUST_103495,63,Senior (>55),Male,28100.0,10600,home_improvement,4,23,4,0.2148,0,0,0
CUST_103496,49,Working Age (25-55),Female,64600.0,18000,credit_card,14,19,7,0.2576,0,0,0
CUST_103497,39,Working Age (25-55),Male,51000.0,11600,debt_consolidation,4,16,10,0.1631,0,3,0
CUST_103498,37,Working Age (25-55),Female,48700.0,12500,credit_card,0,12,11,0.1878,1,1,1
CUST_103499,35,Working Age (25-55),Female,117600.0,48900,debt_consolidation,0,10,8,0.1189,0,0,0
CUST_103500,54,Working Age (25-55),Male,73300.0,12100,debt_consolidation,22,19,6,0.3816,1,1,1
CUST_103501,32,Working Age (25-55),Female,40500.0,15500,medical,6,11,5,0.2304,0,1,1
CUST_103502,40,Working Age (25-55),Male,42900.0,4600,credit_card,0,12,7,0.0709,0,2,0
CUST_103503,40,Working Age (25-55),Male,41100.0,17400,small_business,6,14,4,0.0613,1,0,0
CUST_103504,33,Working Age (25-55),Male,87600.0,24100,home_improvement,2,9,3,0.2643,0,0,0
CUST_103505,23,Young (<25),Male,45700.0,8200,credit_card,1,7,3,0.0775,0,0,0
CUST_103506,43,Working Age (25-55),Female,20200.0,2000,small_business,0,14,8,0.2001,0,1,0
CUST_103507,39,Working Age (25-55),Male,52800.0,15600,debt_consolidation,9,9,16,0.422,0,1,1
CUST_103508,46,Working Age (25-55),Female,23300.0,4300,credit_card,0,9,5,0.2206,1,0,1
CUST_103509,33,Working Age (25-55),Female,180100.0,50000,credit_card,1,8,8,0.2268,0,0,0
CUST_103510,54,Working Age (25-55),Male,31900.0,6300,credit_card,1,24,8,0.2351,0,1,0
CUST_103511,29,Working Age (25-55),Female,49600.0,6500,debt_consolidation,0,9,6,0.1448,0,0,0
CUST_103512,60,Senior (>55),Male,62400.0,17300,debt_consolidation,3,23,7,0.3145,0,0,0
CUST_103513,19,Young (<25),Male,46200.0,13700,debt_consolidation,0,1,7,0.1471,0,0,0
CUST_103514,45,Working Age (25-55),Male,46200.0,11900,credit_card,1,12,9,0.2736,1,0,0
CUST_103515,45,Working Age (25-55),Male,68300.0,17800,medical,13,11,2,0.3552,1,1,1
CUST_103516,30,Working Age (25-55),Female,125400.0,38400,major_purchase,1,9,7,0.2052,0,0,0
CUST_103517,45,Working Age (25-55),Male,82600.0,23500,debt_consolidation,2,23,8,0.1737,0,0,0
CUST_103518,55,Working Age (25-55),Male,122200.0,17900,debt_consolidation,3,20,8,0.2162,0,2,0
CUST_103519,19,Young (<25),Male,30500.0,5200,debt_consolidation,1,11,6,0.2812,0,1,1
CUST_103520,46,Working Age (25-55),Female,64500.0,9600,debt_consolidation,8,15,8,0.1177,0,0,0
CUST_103521,19,Young (<25),Male,59000.0,20200,small_business,1,10,6,0.1553,0,1,0
CUST_103522,28,Working Age (25-55),Female,65700.0,18700,major_purchase,10,16,9,0.3329,0,0,0
CUST_103523,59,Senior (>55),Female,115500.0,28900,debt_consolidation,7,20,6,0.5407,0,3,1
CUST_103524,33,Working Age (25-55),Male,48000.0,18200,debt_consolidation,6,9,10,0.1304,0,0,0
CUST_103525,25,Working Age (25-55),Male,43300.0,9300,debt_consolidation,0,4,5,0.1167,0,1,0
CUST_103526,37,Working Age (25-55),Male,72700.0,21700,debt_consolidation,0,12,10,0.2965,0,3,1
CUST_103527,64,Senior (>55),Male,20400.0,2600,home_improvement,4,22,8,0.3309,1,0,1
CUST_103528,19,Young (<25),Male,47600.0,17200,credit_card,1,12,10,0.2067,0,1,1
CUST_103529,27,Working Age (25-55),Female,50300.0,17300,home_improvement,4,5,7,0.3925,1,2,1
CUST_103530,57,Senior (>55),Female,32700.0,12500,credit_card,1,20,6,0.2866,1,2,1
CUST_103531,62,Senior (>55),Female,96900.0,39700,debt_consolidation,0,16,3,0.2701,0,0,1
CUST_103532,38,Working Age (25-55),Male,30200.0,11000,debt_consolidation,6,12,5,0.24,0,0,0
CUST_103533,25,Working Age (25-55),Female,50300.0,19900,debt_consolidation,6,9,9,0.2953,0,0,1
CUST_103534,65,Senior (>55),Female,63700.0,14100,home_improvement,0,24,7,0.229,0,0,0
CUST_103535,59,Senior (>55),Male,114100.0,25100,small_business,0,22,10,0.0849,0,0,0
CUST_103536,48,Working Age (25-55),Female,53900.0,23200,home_improvement,2,17,5,0.1471,0,0,0
CUST_103537,30,Working Age (25-55),Female,90700.0,38100,debt_consolidation,4,12,2,0.2797,0,0,1
CUST_103538,39,Working Age (25-55),Male,79600.0,23200,home_improvement,6,13,7,0.2491,0,0,0
CUST_103539,38,Working Age (25-55),Female,58000.0,13200,debt_consolidation,8,10,11,0.1486,0,0,0
CUST_103540,43,Working Age (25-55),Female,29800.0,12000,debt_consolidation,4,9,2,0.2044,0,0,0
CUST_103541,57,Senior (>55),Female,24600.0,5200,debt_consolidation,0,18,5,0.2085,0,1,0
CUST_103542,50,Working Age (25-55),Male,57400.0,8800,credit_card,5,17,5,0.1487,0,1,0
CUST_103543,27,Working Age (25-55),Male,40200.0,13000,home_improvement,9,13,4,0.2484,0,0,0
CUST_103544,56,Senior (>55),Female,89800.0,10300,credit_card,11,19,7,0.1942,0,1,1
CUST_103545,43,Working Age (25-55),Male,81700.0,19000,debt_consolidation,10,14,4,0.2237,0,1,0
CUST_103546,48,Working Age (25-55),Female,48900.0,18700,debt_consolidation,1,17,10,0.1389,0,0,0
CUST_103547,57,Senior (>55),Male,28700.0,5800,debt_consolidation,6,19,12,0.2187,0,0,0
CUST_103548,26,Working Age (25-55),Female,71700.0,30500,debt_consolidation,8,11,7,0.1604,0,2,0
CUST_103549,39,Working Age (25-55),Male,30900.0,13400,debt_consolidation,5,19,3,0.0951,0,0,0
CUST_103550,33,Working Age (25-55),Male,35700.0,13800,home_improvement,1,18,8,0.2212,0,0,0
CUST_103551,21,Young (<25),Male,31600.0,14100,debt_consolidation,3,7,8,0.2828,0,1,1
CUST_103552,44,Working Age (25-55),Female,50200.0,14300,small_business,2,16,9,0.1904,0,2,0
CUST_103553,70,Senior (>55),Female,103100.0,30800,credit_card,0,29,6,0.2592,0,2,0
CUST_103554,19,Young (<25),Male,54000.0,21200,debt_consolidation,0,6,11,0.1715,0,0,0
CUST_103555,39,Working Age (25-55),Female,42500.0,11600,debt_consolidation,5,15,4,0.1129,0,0,0
CUST_103556,47,Working Age (25-55),Male,23400.0,5700,home_improvement,2,13,4,0.2497,0,0,0
CUST_103557,41,Working Age (25-55),Male,73400.0,23100,credit_card,0,13,9,0.3969,0,2,0
CUST_103558,38,Working Age (25-55),Male,35300.0,11700,debt_consolidation,6,16,6,0.2605,0,0,0
CUST_103559,24,Young (<25),Female,57800.0,21000,major_purchase,6,6,7,0.2206,0,2,1
CUST_103560,42,Working Age (25-55),Male,44600.0,14900,debt_consolidation,6,14,5,0.3182,0,0,1
CUST_103561,30,Working Age (25-55),Male,85900.0,31000,major_purchase,1,5,5,0.3442,0,0,1
CUST_103562,19,Young (<25),Male,49700.0,16700,debt_consolidation,1,12,6,0.4708,1,0,1
CUST_103563,54,Working Age (25-55),Female,52400.0,14100,home_improvement,0,22,12,0.3268,0,0,0
CUST_103564,51,Working Age (25-55),Female,70800.0,10400,credit_card,1,18,8,0.2014,0,1,0
CUST_103565,40,Working Age (25-55),Female,172600.0,50000,credit_card,2,15,2,0.0802,0,1,0
CUST_103566,42,Working Age (25-55),Female,88300.0,9800,debt_consolidation,9,15,11,0.3973,0,2,0
CUST_103567,52,Working Age (25-55),Male,51600.0,23100,debt_consolidation,2,22,9,0.2661,0,0,0
CUST_103568,42,Working Age (25-55),Male,54300.0,21200,home_improvement,0,13,13,0.2298,0,0,0
CUST_103569,50,Working Age (25-55),Female,40600.0,13600,small_business,2,19,7,0.3968,0,0,1
CUST_103570,36,Working Age (25-55),Male,32100.0,14100,credit_card,3,15,8,0.3606,1,0,1
CUST_103571,55,Working Age (25-55),Female,40000.0,12600,debt_consolidation,14,22,7,0.4021,0,0,0
CUST_103572,43,Working Age (25-55),Female,35400.0,4200,debt_consolidation,14,8,4,0.3135,0,0,0
CUST_103573,42,Working Age (25-55),Female,77600.0,23000,credit_card,0,12,3,0.2333,0,0,0
CUST_103574,24,Young (<25),Female,30100.0,5900,debt_consolidation,1,5,8,0.0852,0,0,0
CUST_103575,43,Working Age (25-55),Male,112800.0,25900,debt_consolidation,0,15,6,0.1156,0,3,0
CUST_103576,30,Working Age (25-55),Female,81900.0,21400,credit_card,7,4,10,0.3144,1,3,1
CUST_103577,32,Working Age (25-55),Male,54800.0,20300,credit_card,0,5,7,0.183,0,1,1
CUST_103578,30,Working Age (25-55),Female,54200.0,15000,debt_consolidation,0,17,5,0.1305,0,0,1
CUST_103579,27,Working Age (25-55),Male,39900.0,10600,debt_consolidation,3,11,6,0.1043,0,0,0
CUST_103580,65,Senior (>55),Female,62900.0,12900,credit_card,1,23,6,0.3359,0,0,0
CUST_103581,55,Working Age (25-55),Female,98600.0,28500,debt_consolidation,0,20,7,0.3044,0,0,0
CUST_103582,63,Senior (>55),Female,36800.0,6900,small_business,2,22,4,0.2279,0,0,0
CUST_103583,25,Working Age (25-55),Female,23300.0,4500,debt_consolidation,1,11,10,0.2049,0,0,0
CUST_103584,40,Working Age (25-55),Female,79800.0,29100,debt_consolidation,3,12,3,0.0922,0,1,0
CUST_103585,24,Young (<25),Male,64800.0,14200,home_improvement,6,8,5,0.093,0,0,0
CUST_103586,31,Working Age (25-55),Male,29300.0,3500,credit_card,0,11,4,0.265,0,0,0
CUST_103587,28,Working Age (25-55),Male,36200.0,8000,debt_consolidation,2,6,9,0.2545,0,1,1
CUST_103588,54,Working Age (25-55),Male,33800.0,10900,debt_consolidation,13,22,8,0.3654,0,0,0
CUST_103589,35,Working Age (25-55),Female,36400.0,14000,debt_consolidation,10,10,9,0.3138,1,1,1
CUST_103590,52,Working Age (25-55),Female,45300.0,19800,credit_card,2,21,7,0.2664,0,0,0
CUST_103591,47,Working Age (25-55),Male,46800.0,16900,debt_consolidation,6,16,11,0.2524,0,0,0
CUST_103592,67,Senior (>55),Male,37900.0,9500,home_improvement,0,28,4,0.3458,0,0,0
CUST_103593,22,Young (<25),Male,35700.0,7300,credit_card,4,4,5,0.0513,0,0,0
CUST_103594,55,Working Age (25-55),Male,47800.0,6900,credit_card,18,15,13,0.2193,1,0,0
CUST_103595,53,Working Age (25-55),Female,59400.0,19000,home_improvement,3,15,8,0.229,0,0,0
CUST_103596,28,Working Age (25-55),Female,45500.0,12700,credit_card,3,10,11,0.2783,0,0,0
CUST_103597,52,Working Age (25-55),Female,102500.0,34600,debt_consolidation,1,22,2,0.2469,0,0,0
CUST_103598,44,Working Age (25-55),Female,71600.0,13100,debt_consolidation,5,20,8,0.0427,0,0,0
CUST_103599,37,Working Age (25-55),Female,22600.0,4800,debt_consolidation,4,6,7,0.1291,0,0,0
CUST_103600,30,Working Age (25-55),Female,72300.0,14600,home_improvement,5,11,11,0.04,0,0,0
CUST_103601,31,Working Age (25-55),Male,75600.0,28700,home_improvement,0,1,8,0.0766,0,0,0
CUST_103602,64,Senior (>55),Male,42700.0,6800,debt_consolidation,3,24,8,0.1025,0,2,0
CUST_103603,40,Working Age (25-55),Male,23800.0,7400,small_business,4,17,7,0.1326,0,3,0
CUST_103604,49,Working Age (25-55),Male,54400.0,6400,credit_card,1,17,5,0.185,0,0,0
CUST_103605,30,Working Age (25-55),Female,53900.0,15800,credit_card,1,10,6,0.2429,1,1,0
CUST_103606,30,Working Age (25-55),Female,29200.0,3600,debt_consolidation,1,10,5,0.0948,0,0,0
CUST_103607,52,Working Age (25-55),Male,24400.0,3900,debt_consolidation,6,15,6,0.1546,1,0,0
CUST_103608,23,Young (<25),Female,51600.0,7200,credit_card,4,9,8,0.1459,0,1,0
CUST_103609,35,Working Age (25-55),Female,47700.0,10600,debt_consolidation,9,11,11,0.4207,1,1,1
CUST_103610,40,Working Age (25-55),Female,43100.0,9500,credit_card,1,16,7,0.5362,0,0,1
CUST_103611,41,Working Age (25-55),Female,51700.0,20100,medical,12,14,1,0.1253,0,0,0
CUST_103612,37,Working Age (25-55),Male,29500.0,5300,home_improvement,6,10,5,0.1197,0,0,0
CUST_103613,44,Working Age (25-55),Female,42700.0,5600,credit_card,2,10,9,0.2849,0,2,1
CUST_103614,48,Working Age (25-55),Male,72600.0,22600,credit_card,0,11,3,0.2021,0,0,0
CUST_103615,48,Working Age (25-55),Male,44700.0,15200,debt_consolidation,1,20,6,0.1447,0,0,0
CUST_103616,28,Working Age (25-55),Female,21600.0,4400,major_purchase,10,8,3,0.1902,1,0,1
CUST_103617,36,Working Age (25-55),Female,41800.0,13000,major_purchase,1,13,5,0.2442,0,0,0
CUST_103618,54,Working Age (25-55),Female,30100.0,11200,credit_card,2,24,16,0.1374,0,1,0
CUST_103619,50,Working Age (25-55),Female,62800.0,13900,debt_consolidation,1,15,5,0.2969,0,0,0
CUST_103620,23,Young (<25),Male,64600.0,18300,debt_consolidation,5,6,8,0.1991,0,0,0
CUST_103621,44,Working Age (25-55),Male,21800.0,3300,debt_consolidation,1,15,6,0.2322,0,0,0
CUST_103622,19,Young (<25),Male,82200.0,8900,credit_card,1,6,4,0.2145,0,0,0
CUST_103623,40,Working Age (25-55),Female,29400.0,13000,debt_consolidation,2,19,9,0.2536,0,0,0
CUST_103624,62,Senior (>55),Male,127700.0,26200,credit_card,2,26,2,0.0825,0,0,0
CUST_103625,28,Working Age (25-55),Male,52700.0,10400,credit_card,2,11,6,0.3135,0,0,0
CUST_103626,29,Working Age (25-55),Male,27300.0,12000,debt_consolidation,3,14,9,0.1046,0,0,0
CUST_103627,49,Working Age (25-55),Male,28900.0,10300,home_improvement,8,16,7,0.1942,0,0,0
CUST_103628,21,Young (<25),Male,65600.0,20000,debt_consolidation,3,8,8,0.3659,1,0,1
CUST_103629,32,Working Age (25-55),Male,43700.0,15100,small_business,8,10,8,0.1841,0,0,0
CUST_103630,47,Working Age (25-55),Male,51400.0,17900,debt_consolidation,0,12,6,0.2447,0,0,0
CUST_103631,32,Working Age (25-55),Female,131500.0,48300,debt_consolidation,8,14,4,0.2703,0,3,1
CUST_103632,37,Working Age (25-55),Male,36900.0,4600,debt_consolidation,0,14,7,0.1799,0,1,1
CUST_103633,48,Working Age (25-55),Female,56000.0,13700,medical,0,16,8,0.0959,0,0,0
CUST_103634,45,Working Age (25-55),Female,118300.0,24000,credit_card,14,15,5,0.5028,0,0,0
CUST_103635,43,Working Age (25-55),Male,62900.0,7800,debt_consolidation,8,10,8,0.0946,1,0,0
CUST_103636,35,Working Age (25-55),Male,22400.0,5500,debt_consolidation,4,9,9,0.1642,0,0,0
CUST_103637,44,Working Age (25-55),Female,71500.0,22600,credit_card,10,16,1,0.0985,0,0,0
CUST_103638,38,Working Age (25-55),Female,28600.0,4600,debt_consolidation,20,11,14,0.3896,0,0,0
CUST_103639,45,Working Age (25-55),Female,117400.0,24300,medical,4,15,4,0.1696,0,3,0
CUST_103640,34,Working Age (25-55),Male,34500.0,11200,major_purchase,4,11,10,0.1659,0,0,0
CUST_103641,37,Working Age (25-55),Male,260000.0,50000,home_improvement,7,10,6,0.1893,0,1,0
CUST_103642,28,Working Age (25-55),Male,121400.0,49100,medical,1,6,10,0.2668,0,2,1
CUST_103643,39,Working Age (25-55),Male,35000.0,13200,debt_consolidation,0,8,7,0.1355,0,0,0
CUST_103644,30,Working Age (25-55),Female,54800.0,24000,debt_consolidation,7,10,4,0.433,0,0,1
CUST_103645,26,Working Age (25-55),Male,82000.0,25300,debt_consolidation,2,10,9,0.1023,0,0,0
CUST_103646,43,Working Age (25-55),Female,83400.0,28700,debt_consolidation,0,10,8,0.2108,0,0,0
CUST_103647,42,Working Age (25-55),Male,69100.0,27700,medical,1,14,3,0.2415,0,0,0
CUST_103648,49,Working Age (25-55),Male,107900.0,42500,debt_consolidation,2,17,4,0.1804,0,0,0
CUST_103649,34,Working Age (25-55),Male,50600.0,17800,small_business,16,8,8,0.1818,0,0,0
CUST_103650,44,Working Age (25-55),Female,44300.0,12200,home_improvement,5,19,15,0.3122,0,1,1
CUST_103651,46,Working Age (25-55),Female,44800.0,8800,debt_consolidation,3,14,6,0.3498,0,0,1
CUST_103652,45,Working Age (25-55),Female,86900.0,35400,debt_consolidation,17,15,5,0.0524,0,0,0
CUST_103653,30,Working Age (25-55),Male,66200.0,24600,debt_consolidation,11,10,6,0.3203,0,0,1
CUST_103654,41,Working Age (25-55),Female,63600.0,25000,debt_consolidation,3,9,11,0.3485,0,0,1
CUST_103655,44,Working Age (25-55),Female,83900.0,12500,credit_card,11,18,4,0.1921,0,0,0
CUST_103656,40,Working Age (25-55),Female,18000.0,3800,credit_card,2,11,10,0.3047,0,0,1
CUST_103657,19,Young (<25),Male,64300.0,16000,credit_card,1,5,7,0.143,0,0,1
CUST_103658,41,Working Age (25-55),Female,61100.0,24000,home_improvement,1,16,10,0.1144,0,0,0
CUST_103659,66,Senior (>55),Male,135700.0,50000,debt_consolidation,5,27,8,0.126,0,0,0
CUST_103660,35,Working Age (25-55),Male,23400.0,4700,debt_consolidation,3,9,5,0.122,0,0,0
CUST_103661,31,Working Age (25-55),Male,127600.0,43400,home_improvement,5,9,9,0.0918,0,1,0
CUST_103662,44,Working Age (25-55),Female,56500.0,7200,debt_consolidation,5,19,9,0.1506,0,0,0
CUST_103663,43,Working Age (25-55),Female,70900.0,17300,debt_consolidation,0,16,10,0.1128,0,2,0
CUST_103664,54,Working Age (25-55),Female,136200.0,36800,home_improvement,0,20,3,0.1203,1,0,0
CUST_103665,24,Young (<25),Female,73700.0,27100,major_purchase,3,5,6,0.2148,0,1,1
CUST_103666,48,Working Age (25-55),Female,67500.0,27800,major_purchase,1,15,9,0.2258,0,0,0
CUST_103667,47,Working Age (25-55),Male,61900.0,13500,debt_consolidation,5,15,8,0.1007,0,0,0
CUST_103668,38,Working Age (25-55),Female,41500.0,11800,credit_card,4,10,4,0.1913,0,0,0
CUST_103669,44,Working Age (25-55),Male,53300.0,17400,debt_consolidation,4,10,7,0.1828,0,2,0
CUST_103670,52,Working Age (25-55),Female,36600.0,7900,medical,1,16,7,0.0893,1,1,1
CUST_103671,50,Working Age (25-55),Male,52900.0,23500,debt_consolidation,5,21,6,0.2322,0,0,0
CUST_103672,26,Working Age (25-55),Male,18000.0,7300,debt_consolidation,8,9,7,0.1646,0,0,0
CUST_103673,49,Working Age (25-55),Male,68600.0,14000,small_business,30,21,11,0.2952,0,0,0
CUST_103674,39,Working Age (25-55),Male,50700.0,14100,medical,9,14,7,0.0857,0,0,0
CUST_103675,40,Working Age (25-55),Male,45000.0,8100,credit_card,4,11,10,0.0766,0,0,0
CUST_103676,40,Working Age (25-55),Male,61100.0,17100,debt_consolidation,1,17,4,0.0551,0,0,0
CUST_103677,38,Working Age (25-55),Female,24600.0,8300,credit_card,5,13,8,0.0939,1,0,0
CUST_103678,54,Working Age (25-55),Male,156500.0,20300,home_improvement,13,21,11,0.3532,1,1,0
CUST_103679,38,Working Age (25-55),Female,51200.0,20700,credit_card,1,10,5,0.1704,0,0,0
CUST_103680,26,Working Age (25-55),Female,50000.0,15400,debt_consolidation,1,12,8,0.1702,0,0,0
CUST_103681,35,Working Age (25-55),Female,31900.0,14200,debt_consolidation,0,15,4,0.1307,0,0,1
CUST_103682,42,Working Age (25-55),Female,54900.0,6000,small_business,6,15,10,0.1282,0,0,0
CUST_103683,54,Working Age (25-55),Female,116200.0,45400,credit_card,2,16,8,0.1007,1,0,0
CUST_103684,47,Working Age (25-55),Female,95800.0,36100,home_improvement,0,16,5,0.122,0,0,0
CUST_103685,29,Working Age (25-55),Female,86700.0,12700,debt_consolidation,10,11,9,0.0692,0,1,0
CUST_103686,69,Senior (>55),Male,73200.0,15900,credit_card,4,24,6,0.2085,0,0,0
CUST_103687,43,Working Age (25-55),Female,44500.0,18200,medical,2,16,12,0.1194,0,1,0
CUST_103688,55,Working Age (25-55),Male,24400.0,6900,debt_consolidation,2,22,9,0.5977,0,0,1
CUST_103689,38,Working Age (25-55),Female,48500.0,11700,credit_card,1,11,4,0.1514,0,0,0
CUST_103690,46,Working Age (25-55),Male,47600.0,19800,debt_consolidation,3,12,5,0.2659,0,0,1
CUST_103691,50,Working Age (25-55),Male,96500.0,12800,debt_consolidation,2,17,7,0.3133,0,0,0
CUST_103692,54,Working Age (25-55),Male,64200.0,17100,home_improvement,3,17,7,0.0622,0,1,0
CUST_103693,52,Working Age (25-55),Male,131500.0,43200,small_business,7,20,5,0.4459,0,0,1
CUST_103694,50,Working Age (25-55),Female,104700.0,32800,credit_card,5,14,6,0.1102,0,0,0
CUST_103695,36,Working Age (25-55),Male,42100.0,8100,debt_consolidation,1,15,9,0.1511,0,0,0
CUST_103696,33,Working Age (25-55),Male,20200.0,6000,debt_consolidation,3,15,3,0.2005,0,0,0
CUST_103697,43,Working Age (25-55),Male,116100.0,40400,major_purchase,9,15,13,0.1424,0,0,0
CUST_103698,51,Working Age (25-55),Male,114400.0,34900,debt_consolidation,0,18,8,0.2533,0,1,0
CUST_103699,37,Working Age (25-55),Female,25600.0,8700,home_improvement,0,10,8,0.3192,0,0,1
CUST_103700,52,Working Age (25-55),Male,124300.0,23600,debt_consolidation,4,16,8,0.1156,0,0,0
CUST_103701,57,Senior (>55),Female,66800.0,26200,major_purchase,5,18,5,0.4145,0,0,1
CUST_103702,29,Working Age (25-55),Male,59200.0,15200,major_purchase,1,14,4,0.2623,0,1,1
CUST_103703,29,Working Age (25-55),Female,131700.0,50000,debt_consolidation,6,9,7,0.1022,0,0,0
CUST_103704,38,Working Age (25-55),Male,113500.0,12300,home_improvement,5,9,10,0.2604,0,0,0
CUST_103705,43,Working Age (25-55),Female,77500.0,18100,debt_consolidation,12,15,9,0.06,0,0,0
CUST_103706,33,Working Age (25-55),Female,70300.0,11500,debt_consolidation,0,14,4,0.0572,0,1,0
CUST_103707,56,Senior (>55),Male,76000.0,22400,credit_card,6,19,9,0.3713,0,0,0
CUST_103708,45,Working Age (25-55),Male,43500.0,8100,credit_card,0,20,8,0.1824,0,1,0
CUST_103709,40,Working Age (25-55),Male,52600.0,18800,debt_consolidation,4,16,7,0.184,0,0,0
CUST_103710,22,Young (<25),Female,33000.0,13500,credit_card,4,4,12,0.3178,0,0,1
CUST_103711,24,Young (<25),Female,45100.0,7800,debt_consolidation,2,6,5,0.3561,0,0,1
CUST_103712,43,Working Age (25-55),Male,44300.0,6900,debt_consolidation,9,15,3,0.1862,0,0,0
CUST_103713,19,Young (<25),Male,38200.0,15500,credit_card,0,1,4,0.2799,0,0,1
CUST_103714,52,Working Age (25-55),Male,58400.0,13200,credit_card,3,19,6,0.0767,0,0,0
CUST_103715,38,Working Age (25-55),Female,45300.0,11400,credit_card,1,8,8,0.1585,0,2,0
CUST_103716,75,Senior (>55),Male,71400.0,12700,credit_card,6,29,13,0.1182,1,0,0
CUST_103717,67,Senior (>55),Female,22200.0,5500,small_business,0,26,6,0.1521,0,2,0
CUST_103718,37,Working Age (25-55),Male,50900.0,9200,credit_card,8,14,7,0.2717,0,1,0
CUST_103719,38,Working Age (25-55),Female,58200.0,19400,debt_consolidation,9,11,12,0.1142,1,0,1
CUST_103720,51,Working Age (25-55),Female,45700.0,12500,credit_card,8,18,4,0.2698,1,2,1
CUST_103721,60,Senior (>55),Male,49300.0,18500,credit_card,0,19,6,0.156,0,0,0
CUST_103722,20,Young (<25),Male,22700.0,4800,credit_card,2,3,11,0.2586,0,2,1
CUST_103723,19,Young (<25),Female,65900.0,18300,credit_card,0,5,8,0.2914,0,0,1
CUST_103724,32,Working Age (25-55),Female,77400.0,14800,debt_consolidation,9,13,9,0.1736,0,0,0
CUST_103725,46,Working Age (25-55),Female,71100.0,30400,debt_consolidation,6,16,10,0.232,0,0,0
CUST_103726,45,Working Age (25-55),Male,95900.0,27100,credit_card,3,20,8,0.2727,0,0,0
CUST_103727,52,Working Age (25-55),Female,60500.0,9700,debt_consolidation,6,20,11,0.0737,0,0,0
CUST_103728,25,Working Age (25-55),Female,70500.0,13800,credit_card,0,10,8,0.1835,0,1,0
CUST_103729,19,Young (<25),Male,59000.0,7600,credit_card,1,1,2,0.3439,0,2,1
CUST_103730,50,Working Age (25-55),Male,79100.0,8700,credit_card,1,16,3,0.2572,1,1,1
CUST_103731,30,Working Age (25-55),Male,22800.0,6500,credit_card,12,7,10,0.2635,0,0,0
CUST_103732,19,Young (<25),Male,33100.0,7200,debt_consolidation,1,6,7,0.1573,0,0,0
CUST_103733,41,Working Age (25-55),Male,129700.0,50000,medical,6,12,7,0.3458,0,0,1
CUST_103734,49,Working Age (25-55),Male,18000.0,2900,home_improvement,13,16,5,0.2932,0,0,0
CUST_103735,38,Working Age (25-55),Male,50200.0,19000,debt_consolidation,2,16,6,0.1113,0,0,0
CUST_103736,34,Working Age (25-55),Male,103200.0,21700,debt_consolidation,11,13,10,0.1195,0,1,0
CUST_103737,38,Working Age (25-55),Female,51500.0,9200,debt_consolidation,1,16,7,0.4911,1,0,1
CUST_103738,35,Working Age (25-55),Male,43400.0,19100,credit_card,6,7,7,0.1974,1,1,1
CUST_103739,23,Young (<25),Female,58200.0,22200,debt_consolidation,5,8,8,0.4772,1,0,1
CUST_103740,31,Working Age (25-55),Female,44600.0,14300,debt_consolidation,0,13,8,0.2609,0,0,0
CUST_103741,46,Working Age (25-55),Female,55100.0,19000,debt_consolidation,2,20,7,0.1607,0,1,0
CUST_103742,43,Working Age (25-55),Female,37200.0,16600,credit_card,0,10,4,0.0857,0,2,0
CUST_103743,42,Working Age (25-55),Male,99700.0,30700,credit_card,24,13,12,0.2085,0,0,0
CUST_103744,28,Working Age (25-55),Male,118500.0,16100,credit_card,0,12,8,0.1782,0,1,0
CUST_103745,37,Working Age (25-55),Male,50300.0,6200,small_business,3,12,7,0.0996,0,0,0
CUST_103746,19,Young (<25),Male,25300.0,8400,debt_consolidation,1,3,11,0.4771,0,0,1
CUST_103747,42,Working Age (25-55),Male,40600.0,13400,credit_card,1,10,11,0.1979,0,2,1
CUST_103748,57,Senior (>55),Female,49000.0,17700,debt_consolidation,3,17,9,0.1521,0,2,0
CUST_103749,22,Young (<25),Male,71500.0,9900,credit_card,4,2,2,0.1208,0,0,0
CUST_103750,32,Working Age (25-55),Male,31100.0,13400,credit_card,0,11,10,0.1867,0,0,0
CUST_103751,43,Working Age (25-55),Female,35500.0,10400,debt_consolidation,7,17,3,0.1777,0,1,0
CUST_103752,55,Working Age (25-55),Male,71700.0,23500,debt_consolidation,1,15,5,0.0773,0,1,0
CUST_103753,34,Working Age (25-55),Female,90800.0,10200,small_business,1,12,4,0.1668,0,0,0
CUST_103754,31,Working Age (25-55),Female,38500.0,16800,debt_consolidation,4,13,7,0.2081,0,3,1
CUST_103755,19,Young (<25),Female,26000.0,7700,debt_consolidation,1,6,5,0.2112,0,1,1
CUST_103756,41,Working Age (25-55),Female,260000.0,50000,major_purchase,12,9,9,0.2088,1,0,0
CUST_103757,64,Senior (>55),Male,83400.0,35900,credit_card,10,23,3,0.1213,0,0,0
CUST_103758,43,Working Age (25-55),Male,46800.0,19900,home_improvement,3,14,6,0.1639,0,0,0
CUST_103759,39,Working Age (25-55),Female,87400.0,15500,small_business,2,13,3,0.4531,0,0,1
CUST_103760,43,Working Age (25-55),Male,50600.0,21500,debt_consolidation,1,13,4,0.5954,0,0,1
CUST_103761,39,Working Age (25-55),Male,87300.0,31200,debt_consolidation,1,13,5,0.1612,0,1,0
CUST_103762,30,Working Age (25-55),Female,59100.0,6300,home_improvement,3,12,10,0.1563,0,0,0
CUST_103763,49,Working Age (25-55),Female,57000.0,10500,home_improvement,8,24,6,0.1479,0,0,1
CUST_103764,42,Working Age (25-55),Male,50900.0,12400,debt_consolidation,1,15,10,0.1209,0,1,0
CUST_103765,40,Working Age (25-55),Male,24400.0,7400,debt_consolidation,1,18,9,0.1446,0,0,0
CUST_103766,28,Working Age (25-55),Male,157300.0,50000,debt_consolidation,3,10,8,0.217,0,0,0
CUST_103767,55,Working Age (25-55),Female,32300.0,5600,small_business,0,18,8,0.1057,0,0,0
CUST_103768,47,Working Age (25-55),Male,25600.0,10100,debt_consolidation,6,16,8,0.3987,0,0,1
CUST_103769,33,Working Age (25-55),Female,48200.0,19100,major_purchase,3,7,12,0.1953,0,0,0
CUST_103770,52,Working Age (25-55),Female,31900.0,10300,medical,3,19,10,0.2045,0,0,0
CUST_103771,34,Working Age (25-55),Male,52700.0,22300,home_improvement,1,5,7,0.0881,0,0,0
CUST_103772,30,Working Age (25-55),Female,79100.0,30400,credit_card,11,7,4,0.1109,0,0,0
CUST_103773,30,Working Age (25-55),Female,93700.0,16600,debt_consolidation,0,10,3,0.0828,0,0,0
CUST_103774,19,Young (<25),Female,84800.0,32200,debt_consolidation,1,10,8,0.1586,1,0,1
CUST_103775,45,Working Age (25-55),Female,45800.0,19900,credit_card,2,20,9,0.0622,0,3,0
CUST_103776,19,Young (<25),Male,55700.0,8300,debt_consolidation,1,5,7,0.1291,0,0,0
CUST_103777,25,Working Age (25-55),Male,67800.0,30000,debt_consolidation,6,9,4,0.1767,0,0,0
CUST_103778,19,Young (<25),Female,20600.0,2200,credit_card,0,9,5,0.1507,0,1,0
CUST_103779,38,Working Age (25-55),Female,74100.0,21000,credit_card,8,9,5,0.3015,0,0,0
CUST_103780,38,Working Age (25-55),Female,24300.0,9000,home_improvement,5,14,9,0.172,0,1,0
CUST_103781,36,Working Age (25-55),Male,166400.0,50000,debt_consolidation,0,10,3,0.3998,0,0,1
CUST_103782,27,Working Age (25-55),Female,43400.0,15500,debt_consolidation,0,8,7,0.3286,0,0,1
CUST_103783,25,Working Age (25-55),Male,48900.0,13900,credit_card,5,7,5,0.1286,0,0,0
CUST_103784,45,Working Age (25-55),Female,35500.0,11600,major_purchase,5,17,4,0.1778,0,1,0
CUST_103785,33,Working Age (25-55),Female,38300.0,13200,home_improvement,6,13,9,0.1813,0,0,0
CUST_103786,43,Working Age (25-55),Male,189200.0,50000,debt_consolidation,6,17,6,0.3187,0,0,0
CUST_103787,29,Working Age (25-55),Male,90900.0,28000,debt_consolidation,5,11,10,0.2728,0,0,0
CUST_103788,42,Working Age (25-55),Female,23100.0,9200,major_purchase,7,15,6,0.0439,0,1,0
CUST_103789,55,Working Age (25-55),Male,123900.0,26000,debt_consolidation,4,24,7,0.0613,0,0,0
CUST_103790,47,Working Age (25-55),Male,104400.0,29600,debt_consolidation,1,11,3,0.3136,0,3,1
CUST_103791,35,Working Age (25-55),Male,46400.0,4800,debt_consolidation,12,17,10,0.1332,1,0,0
CUST_103792,43,Working Age (25-55),Male,64100.0,21800,credit_card,0,14,8,0.145,1,0,1
CUST_103793,37,Working Age (25-55),Male,53700.0,9000,debt_consolidation,2,14,6,0.1851,0,0,0
CUST_103794,40,Working Age (25-55),Male,160300.0,43000,debt_consolidation,6,13,7,0.3636,0,0,0
CUST_103795,36,Working Age (25-55),Female,35000.0,6100,credit_card,2,10,13,0.2298,0,0,0
CUST_103796,38,Working Age (25-55),Male,58700.0,6400,debt_consolidation,0,14,4,0.1125,1,3,0
CUST_103797,42,Working Age (25-55),Female,42800.0,11500,credit_card,0,17,10,0.3174,0,0,1
CUST_103798,28,Working Age (25-55),Female,24600.0,6100,credit_card,5,11,7,0.1391,0,0,0
CUST_103799,27,Working Age (25-55),Female,180800.0,45000,credit_card,9,7,8,0.1635,0,0,0
CUST_103800,23,Young (<25),Female,28300.0,4900,debt_consolidation,4,18,8,0.25,0,0,0
CUST_103801,20,Young (<25),Male,61100.0,26400,credit_card,2,10,5,0.04,0,0,0
CUST_103802,25,Working Age (25-55),Male,20800.0,2100,debt_consolidation,1,11,10,0.084,0,1,1
CUST_103803,41,Working Age (25-55),Male,43500.0,17900,debt_consolidation,1,13,9,0.1717,0,1,1
CUST_103804,29,Working Age (25-55),Female,68300.0,24400,credit_card,0,8,8,0.04,0,0,0
CUST_103805,46,Working Age (25-55),Female,34400.0,5500,credit_card,1,15,5,0.0963,0,1,0
CUST_103806,40,Working Age (25-55),Male,74800.0,19800,debt_consolidation,2,17,6,0.268,0,0,0
CUST_103807,19,Young (<25),Female,46700.0,20800,debt_consolidation,1,3,14,0.0675,0,1,1
CUST_103808,47,Working Age (25-55),Male,102500.0,33300,debt_consolidation,0,13,11,0.2216,0,0,0
CUST_103809,49,Working Age (25-55),Male,114600.0,16600,credit_card,6,18,2,0.1258,0,0,0
CUST_103810,28,Working Age (25-55),Male,39200.0,10200,credit_card,10,10,11,0.1903,1,0,1
CUST_103811,45,Working Age (25-55),Male,56500.0,14900,home_improvement,13,13,6,0.1271,0,0,0
CUST_103812,29,Working Age (25-55),Male,59900.0,22800,home_improvement,4,6,6,0.1625,1,2,1
CUST_103813,41,Working Age (25-55),Female,76200.0,32100,small_business,0,18,9,0.2934,0,1,1
CUST_103814,24,Young (<25),Male,54600.0,7000,debt_consolidation,6,9,7,0.1642,1,1,1
CUST_103815,19,Young (<25),Female,60200.0,12600,debt_consolidation,0,2,4,0.0611,0,0,0
CUST_103816,35,Working Age (25-55),Female,47400.0,9700,small_business,5,8,5,0.327,0,0,1
CUST_103817,38,Working Age (25-55),Female,57700.0,25900,debt_consolidation,7,12,6,0.2182,0,0,0
CUST_103818,35,Working Age (25-55),Male,110600.0,32700,credit_card,6,14,4,0.1391,0,0,0
CUST_103819,25,Working Age (25-55),Female,77300.0,31500,debt_consolidation,7,10,9,0.1002,0,1,0
CUST_103820,35,Working Age (25-55),Female,79700.0,19900,major_purchase,6,15,14,0.2512,0,0,0
CUST_103821,43,Working Age (25-55),Female,80600.0,28400,debt_consolidation,5,10,11,0.1483,0,0,0
CUST_103822,39,Working Age (25-55),Male,49800.0,10000,debt_consolidation,1,14,12,0.2886,0,0,0
CUST_103823,42,Working Age (25-55),Male,64600.0,27100,credit_card,12,18,7,0.3346,0,0,0
CUST_103824,31,Working Age (25-55),Male,29800.0,7700,debt_consolidation,0,14,4,0.1311,0,0,0
CUST_103825,54,Working Age (25-55),Male,108900.0,41500,major_purchase,11,19,7,0.1378,0,0,0
CUST_103826,25,Working Age (25-55),Female,18000.0,3400,debt_consolidation,1,15,5,0.1213,0,0,0
CUST_103827,45,Working Age (25-55),Female,51600.0,17700,credit_card,0,17,13,0.4626,1,3,1
CUST_103828,54,Working Age (25-55),Male,101500.0,24500,debt_consolidation,8,22,8,0.2212,0,2,0
CUST_103829,45,Working Age (25-55),Female,25600.0,2800,home_improvement,0,15,5,0.2253,0,0,0
CUST_103830,37,Working Age (25-55),Female,67500.0,16500,small_business,8,10,9,0.3226,1,1,1
CUST_103831,33,Working Age (25-55),Female,37300.0,10900,home_improvement,1,8,12,0.1953,0,0,0
CUST_103832,52,Working Age (25-55),Male,44200.0,6800,small_business,10,18,3,0.3558,1,0,1
CUST_103833,22,Young (<25),Female,91200.0,15000,debt_consolidation,4,7,10,0.2109,0,0,0
CUST_103834,28,Working Age (25-55),Male,60400.0,15900,major_purchase,5,4,6,0.1189,0,0,0
CUST_103835,35,Working Age (25-55),Female,18000.0,4000,credit_card,2,9,7,0.2834,0,0,1
CUST_103836,54,Working Age (25-55),Male,31700.0,8100,small_business,0,17,4,0.4174,0,0,1
CUST_103837,44,Working Age (25-55),Female,92600.0,24200,credit_card,8,17,4,0.0915,0,0,0
CUST_103838,28,Working Age (25-55),Female,69300.0,10300,debt_consolidation,0,9,4,0.2664,0,0,0
CUST_103839,36,Working Age (25-55),Female,141700.0,23200,credit_card,2,12,12,0.1435,0,0,0
CUST_103840,32,Working Age (25-55),Male,136700.0,50000,debt_consolidation,4,8,7,0.3997,0,0,1
CUST_103841,31,Working Age (25-55),Female,44900.0,7000,credit_card,3,10,5,0.2524,0,0,1
CUST_103842,51,Working Age (25-55),Male,214700.0,50000,debt_consolidation,1,21,5,0.1691,0,0,0
CUST_103843,23,Young (<25),Male,54900.0,13500,debt_consolidation,0,8,8,0.1443,0,0,0
CUST_103844,59,Senior (>55),Male,31900.0,14000,medical,0,16,10,0.3842,0,0,1
CUST_103845,49,Working Age (25-55),Female,38200.0,4700,major_purchase,9,13,12,0.2314,0,0,0
CUST_103846,53,Working Age (25-55),Female,18000.0,7000,small_business,0,20,6,0.2288,0,1,1
CUST_103847,34,Working Age (25-55),Female,131100.0,35700,home_improvement,16,11,8,0.2028,0,3,0
CUST_103848,38,Working Age (25-55),Male,130200.0,13300,credit_card,1,13,9,0.1552,0,0,0
CUST_103849,22,Young (<25),Male,31000.0,6000,credit_card,0,5,9,0.3175,0,1,1
CUST_103850,33,Working Age (25-55),Male,47800.0,11600,debt_consolidation,4,13,14,0.3128,0,0,0
CUST_103851,45,Working Age (25-55),Male,57100.0,12000,major_purchase,0,14,5,0.2727,0,0,0
CUST_103852,55,Working Age (25-55),Female,31900.0,7200,small_business,4,18,2,0.234,0,1,0
CUST_103853,26,Working Age (25-55),Female,20600.0,8700,home_improvement,8,6,6,0.1552,0,0,0
CUST_103854,35,Working Age (25-55),Male,48300.0,10900,major_purchase,0,15,11,0.2095,0,0,0
CUST_103855,38,Working Age (25-55),Female,45400.0,11200,credit_card,8,12,7,0.1915,0,0,1
CUST_103856,23,Young (<25),Female,43800.0,16000,debt_consolidation,2,9,17,0.1588,0,0,0
CUST_103857,47,Working Age (25-55),Male,61200.0,23100,medical,0,12,5,0.158,0,0,0
CUST_103858,31,Working Age (25-55),Female,118900.0,15400,credit_card,0,16,6,0.4722,1,0,1
CUST_103859,37,Working Age (25-55),Male,45900.0,15900,credit_card,12,16,7,0.2202,0,0,0
CUST_103860,34,Working Age (25-55),Male,59500.0,16000,debt_consolidation,0,6,6,0.1798,0,2,1
CUST_103861,30,Working Age (25-55),Male,80800.0,11900,credit_card,10,8,7,0.1649,0,0,0
CUST_103862,39,Working Age (25-55),Female,73500.0,14200,home_improvement,3,15,5,0.2595,0,0,0
CUST_103863,37,Working Age (25-55),Female,38600.0,4500,credit_card,0,8,9,0.3992,0,1,1
CUST_103864,35,Working Age (25-55),Male,57100.0,12900,credit_card,3,11,8,0.3727,0,0,1
CUST_103865,31,Working Age (25-55),Female,73200.0,13900,debt_consolidation,8,12,4,0.249,0,0,0
CUST_103866,43,Working Age (25-55),Female,29100.0,6800,credit_card,6,14,7,0.2182,0,2,0
CUST_103867,59,Senior (>55),Female,108500.0,32900,major_purchase,3,22,8,0.2238,0,0,0
CUST_103868,41,Working Age (25-55),Female,119100.0,42400,debt_consolidation,9,12,9,0.1468,0,1,0
CUST_103869,51,Working Age (25-55),Female,36400.0,11400,debt_consolidation,0,11,8,0.1272,0,0,0
CUST_103870,23,Young (<25),Male,60300.0,20300,debt_consolidation,5,10,4,0.1689,0,1,0
CUST_103871,41,Working Age (25-55),Female,77100.0,31100,major_purchase,9,17,9,0.2648,1,0,1
CUST_103872,26,Working Age (25-55),Female,40100.0,16300,credit_card,6,16,5,0.1927,0,0,0
CUST_103873,22,Young (<25),Male,70600.0,28300,major_purchase,4,1,6,0.1077,0,1,1
CUST_103874,31,Working Age (25-55),Male,59300.0,9100,credit_card,3,13,4,0.2402,0,2,0
CUST_103875,54,Working Age (25-55),Female,24200.0,4500,credit_card,5,12,9,0.3827,0,0,1
CUST_103876,51,Working Age (25-55),Female,69700.0,19200,home_improvement,4,23,5,0.421,1,1,1
CUST_103877,42,Working Age (25-55),Male,29600.0,6700,debt_consolidation,2,16,8,0.0801,0,0,0
CUST_103878,21,Young (<25),Male,90800.0,13300,debt_consolidation,3,4,4,0.3717,1,0,1
CUST_103879,37,Working Age (25-55),Male,37500.0,7500,credit_card,1,15,8,0.2524,0,0,0
CUST_103880,43,Working Age (25-55),Male,49600.0,21900,debt_consolidation,2,13,9,0.1385,0,0,0
CUST_103881,42,Working Age (25-55),Female,115200.0,25500,debt_consolidation,1,15,2,0.3554,0,0,0
CUST_103882,19,Young (<25),Male,71200.0,17600,debt_consolidation,0,7,8,0.3832,0,0,1
CUST_103883,29,Working Age (25-55),Female,29900.0,3100,debt_consolidation,1,15,6,0.3816,0,0,1
CUST_103884,39,Working Age (25-55),Male,31000.0,10900,debt_consolidation,9,19,6,0.2582,0,0,0
CUST_103885,46,Working Age (25-55),Male,39000.0,9500,home_improvement,2,14,4,0.3497,0,0,1
CUST_103886,19,Young (<25),Male,67300.0,9200,debt_consolidation,1,9,9,0.1219,0,0,0
CUST_103887,38,Working Age (25-55),Female,66000.0,29000,debt_consolidation,0,14,10,0.268,0,0,1
CUST_103888,41,Working Age (25-55),Female,34100.0,12700,debt_consolidation,2,10,10,0.2391,0,0,0
CUST_103889,50,Working Age (25-55),Male,28500.0,10100,credit_card,0,15,8,0.087,0,0,0
CUST_103890,48,Working Age (25-55),Male,63300.0,27600,credit_card,0,23,8,0.0991,0,0,0
CUST_103891,46,Working Age (25-55),Male,49000.0,11900,small_business,4,17,4,0.2838,0,2,1
CUST_103892,30,Working Age (25-55),Female,177500.0,50000,home_improvement,4,13,3,0.1917,0,0,0
CUST_103893,19,Young (<25),Female,55300.0,9500,debt_consolidation,1,6,6,0.3317,0,0,1
CUST_103894,35,Working Age (25-55),Male,146900.0,50000,debt_consolidation,3,10,1,0.2037,0,0,0
CUST_103895,52,Working Age (25-55),Female,28500.0,3000,debt_consolidation,9,18,5,0.1724,1,3,1
CUST_103896,56,Senior (>55),Male,22800.0,3300,medical,0,18,6,0.1632,0,0,0
CUST_103897,48,Working Age (25-55),Female,29300.0,7300,credit_card,0,12,10,0.1673,0,1,0
CUST_103898,45,Working Age (25-55),Male,104200.0,10900,debt_consolidation,5,12,10,0.2975,0,0,0
CUST_103899,44,Working Age (25-55),Male,142300.0,37200,debt_consolidation,0,17,3,0.6157,0,0,1
CUST_103900,33,Working Age (25-55),Male,35200.0,10000,credit_card,15,10,5,0.3213,0,0,0
CUST_103901,38,Working Age (25-55),Female,42100.0,13400,debt_consolidation,4,13,8,0.0647,0,0,0
CUST_103902,60,Senior (>55),Male,28500.0,3900,home_improvement,3,21,8,0.2013,0,0,0
CUST_103903,28,Working Age (25-55),Female,20000.0,3300,credit_card,2,10,8,0.1974,0,0,0
CUST_103904,59,Senior (>55),Male,80400.0,25300,credit_card,4,24,5,0.1062,0,0,0
CUST_103905,36,Working Age (25-55),Female,61200.0,20200,credit_card,0,9,9,0.3877,1,0,1
CUST_103906,55,Working Age (25-55),Female,54500.0,5900,debt_consolidation,13,20,7,0.1609,0,0,0
CUST_103907,23,Young (<25),Female,25100.0,7300,credit_card,4,10,3,0.1959,0,1,1
CUST_103908,47,Working Age (25-55),Female,133500.0,50000,home_improvement,1,19,7,0.1646,0,0,0
CUST_103909,31,Working Age (25-55),Male,41100.0,5100,debt_consolidation,4,6,7,0.1378,1,0,1
CUST_103910,23,Young (<25),Female,72700.0,17800,credit_card,0,8,6,0.3883,1,0,1
CUST_103911,42,Working Age (25-55),Male,24300.0,5200,small_business,0,19,4,0.1387,0,0,0
CUST_103912,52,Working Age (25-55),Male,48800.0,20500,debt_consolidation,4,17,6,0.17,0,1,0
CUST_103913,29,Working Age (25-55),Female,63600.0,10500,credit_card,5,11,8,0.3162,0,1,1
CUST_103914,22,Young (<25),Male,64900.0,13700,debt_consolidation,4,10,6,0.1182,0,0,0
CUST_103915,38,Working Age (25-55),Female,59000.0,24500,home_improvement,1,10,5,0.1,0,3,0
CUST_103916,38,Working Age (25-55),Female,71100.0,15300,debt_consolidation,4,18,6,0.2439,0,0,0
CUST_103917,46,Working Age (25-55),Female,29100.0,8300,credit_card,0,17,3,0.2072,0,0,0
CUST_103918,51,Working Age (25-55),Male,60400.0,6700,debt_consolidation,4,19,8,0.1551,1,0,0
CUST_103919,39,Working Age (25-55),Female,57700.0,25700,debt_consolidation,4,8,10,0.0525,1,0,1
CUST_103920,62,Senior (>55),Male,61500.0,23900,home_improvement,5,24,4,0.2233,0,0,0
CUST_103921,42,Working Age (25-55),Male,56400.0,18200,credit_card,11,16,10,0.4807,0,0,1
CUST_103922,35,Working Age (25-55),Male,26900.0,3300,small_business,9,17,6,0.0414,0,0,0
CUST_103923,20,Young (<25),Female,26200.0,3300,credit_card,2,6,5,0.2919,0,0,1
CUST_103924,36,Working Age (25-55),Male,18000.0,5200,credit_card,18,9,5,0.2742,0,0,0
CUST_103925,35,Working Age (25-55),Male,84900.0,17000,home_improvement,7,10,5,0.0985,1,0,0
CUST_103926,51,Working Age (25-55),Male,85400.0,27200,debt_consolidation,15,16,10,0.1123,0,0,0
CUST_103927,45,Working Age (25-55),Male,86200.0,26700,debt_consolidation,10,12,8,0.148,0,1,0
CUST_103928,25,Working Age (25-55),Male,64100.0,25200,debt_consolidation,6,12,3,0.2631,0,1,1
CUST_103929,42,Working Age (25-55),Female,18000.0,3600,debt_consolidation,0,18,10,0.3279,0,0,1
CUST_103930,48,Working Age (25-55),Female,30800.0,9300,debt_consolidation,0,16,8,0.1914,0,0,0
CUST_103931,58,Senior (>55),Female,59500.0,22100,major_purchase,9,19,8,0.1339,0,0,0
CUST_103932,50,Working Age (25-55),Female,58400.0,15900,home_improvement,3,12,7,0.2202,0,0,0
CUST_103933,49,Working Age (25-55),Female,47900.0,18700,major_purchase,8,19,13,0.1773,0,2,0
CUST_103934,40,Working Age (25-55),Female,66400.0,9700,medical,1,18,3,0.1995,0,0,0
CUST_103935,44,Working Age (25-55),Female,54500.0,19400,debt_consolidation,2,13,6,0.0844,0,2,1
CUST_103936,54,Working Age (25-55),Male,57900.0,24900,debt_consolidation,6,18,8,0.1699,0,1,0
CUST_103937,24,Young (<25),Female,38100.0,8200,credit_card,6,9,5,0.1048,0,1,0
CUST_103938,35,Working Age (25-55),Male,93000.0,21200,small_business,0,17,7,0.137,0,0,0
CUST_103939,30,Working Age (25-55),Male,42700.0,5500,credit_card,9,11,7,0.1283,0,0,0
CUST_103940,44,Working Age (25-55),Male,26100.0,8500,credit_card,7,15,8,0.261,0,0,0
CUST_103941,54,Working Age (25-55),Male,35500.0,10400,debt_consolidation,1,19,4,0.0769,0,0,0
CUST_103942,32,Working Age (25-55),Female,44700.0,5100,debt_consolidation,2,6,6,0.2438,0,0,0
CUST_103943,19,Young (<25),Female,93600.0,34000,debt_consolidation,0,2,5,0.3801,1,0,1
CUST_103944,35,Working Age (25-55),Female,52900.0,20600,debt_consolidation,0,9,11,0.18,0,0,0
CUST_103945,50,Working Age (25-55),Female,48900.0,20400,small_business,3,20,5,0.2445,0,0,0
CUST_103946,46,Working Age (25-55),Male,27300.0,7900,debt_consolidation,0,15,6,0.2528,0,0,0
CUST_103947,45,Working Age (25-55),Male,83500.0,21600,medical,1,14,3,0.1861,0,0,0
CUST_103948,36,Working Age (25-55),Female,37900.0,15400,debt_consolidation,9,10,8,0.1664,0,1,0
CUST_103949,24,Young (<25),Female,51300.0,12300,major_purchase,4,7,11,0.142,0,0,0
CUST_103950,46,Working Age (25-55),Female,122300.0,40300,credit_card,5,21,7,0.3495,0,0,0
CUST_103951,29,Working Age (25-55),Female,71700.0,22600,home_improvement,1,9,7,0.2274,0,0,0
CUST_103952,66,Senior (>55),Male,22100.0,5100,debt_consolidation,8,20,4,0.1131,0,0,0
CUST_103953,46,Working Age (25-55),Female,20500.0,2700,credit_card,10,16,6,0.3767,0,0,0
CUST_103954,33,Working Age (25-55),Male,52300.0,5600,small_business,3,16,5,0.2364,0,0,0
CUST_103955,32,Working Age (25-55),Female,27800.0,6900,debt_consolidation,12,9,5,0.2451,0,0,0
CUST_103956,38,Working Age (25-55),Female,77400.0,20800,debt_consolidation,9,9,11,0.2595,0,0,0
CUST_103957,37,Working Age (25-55),Male,55500.0,21500,debt_consolidation,6,11,15,0.2278,0,0,0
CUST_103958,53,Working Age (25-55),Male,59300.0,14500,debt_consolidation,6,18,5,0.2097,0,0,0
CUST_103959,42,Working Age (25-55),Male,36700.0,7300,debt_consolidation,0,16,8,0.3053,0,0,0
CUST_103960,31,Working Age (25-55),Male,141200.0,37000,credit_card,1,13,13,0.3601,1,0,1
CUST_103961,62,Senior (>55),Female,258700.0,47400,debt_consolidation,0,18,10,0.1565,0,0,0
CUST_103962,40,Working Age (25-55),Female,46500.0,6100,credit_card,0,11,5,0.1301,0,0,0
CUST_103963,49,Working Age (25-55),Male,65800.0,9200,small_business,0,16,7,0.2471,0,0,0
CUST_103964,32,Working Age (25-55),Male,57200.0,12100,credit_card,10,13,6,0.3362,0,0,0
CUST_103965,44,Working Age (25-55),Male,47000.0,4900,debt_consolidation,1,11,11,0.32,0,0,0
CUST_103966,43,Working Age (25-55),Female,34300.0,6100,credit_card,17,13,10,0.2528,1,0,0
CUST_103967,19,Young (<25),Male,29800.0,11200,debt_consolidation,1,4,7,0.184,0,2,1
CUST_103968,64,Senior (>55),Female,29000.0,5300,debt_consolidation,1,25,5,0.2061,0,0,0
CUST_103969,55,Working Age (25-55),Male,67700.0,9400,debt_consolidation,3,20,11,0.1725,0,1,0
CUST_103970,35,Working Age (25-55),Male,40700.0,17600,major_purchase,1,14,8,0.2642,0,0,1
CUST_103971,26,Working Age (25-55),Female,18000.0,5700,home_improvement,8,13,7,0.1663,0,0,0
CUST_103972,44,Working Age (25-55),Male,69200.0,8400,debt_consolidation,9,14,8,0.2843,0,1,0
CUST_103973,41,Working Age (25-55),Female,53000.0,6500,credit_card,0,10,11,0.1253,0,0,0
CUST_103974,44,Working Age (25-55),Male,113600.0,35700,debt_consolidation,14,11,9,0.2538,0,0,0
CUST_103975,42,Working Age (25-55),Female,66500.0,19200,medical,6,9,6,0.1532,1,0,1
CUST_103976,46,Working Age (25-55),Male,24000.0,3000,medical,0,14,6,0.1436,0,0,0
CUST_103977,57,Senior (>55),Female,18000.0,3200,debt_consolidation,5,18,6,0.2915,0,0,1
CUST_103978,46,Working Age (25-55),Male,36500.0,15500,debt_consolidation,5,18,7,0.1802,0,0,0
CUST_103979,27,Working Age (25-55),Male,38400.0,11500,credit_card,1,9,6,0.174,0,1,1
CUST_103980,56,Senior (>55),Female,91000.0,23100,credit_card,7,18,11,0.2281,0,0,1
CUST_103981,59,Senior (>55),Female,53900.0,10100,debt_consolidation,0,20,6,0.1626,1,0,0
CUST_103982,75,Senior (>55),Male,101100.0,14800,credit_card,3,23,6,0.5257,1,0,1
CUST_103983,26,Working Age (25-55),Female,26100.0,6300,debt_consolidation,0,12,9,0.1771,0,0,0
CUST_103984,42,Working Age (25-55),Male,92100.0,38900,credit_card,17,12,8,0.2609,1,0,1
CUST_103985,19,Young (<25),Female,80500.0,9400,debt_consolidation,1,3,5,0.2458,1,0,1
CUST_103986,46,Working Age (25-55),Male,18000.0,8000,home_improvement,0,18,5,0.2775,0,0,1
CUST_103987,33,Working Age (25-55),Female,112100.0,19400,credit_card,2,13,7,0.4352,1,1,1
CUST_103988,63,Senior (>55),Female,57000.0,13900,credit_card,0,16,4,0.161,0,2,0
CUST_103989,30,Working Age (25-55),Female,67200.0,7800,home_improvement,7,13,10,0.2872,0,0,0
CUST_103990,19,Young (<25),Female,33700.0,10300,credit_card,0,4,3,0.1769,0,0,0
CUST_103991,34,Working Age (25-55),Female,109200.0,29400,debt_consolidation,9,10,6,0.1587,0,2,0
CUST_103992,19,Young (<25),Male,28200.0,9400,debt_consolidation,1,7,6,0.1948,0,0,0
CUST_103993,49,Working Age (25-55),Male,85600.0,24800,debt_consolidation,5,18,5,0.2672,0,0,0
CUST_103994,19,Young (<25),Male,85100.0,20400,debt_consolidation,1,7,9,0.2621,0,0,0
CUST_103995,40,Working Age (25-55),Male,31700.0,11400,home_improvement,2,13,10,0.3563,0,0,1
CUST_103996,19,Young (<25),Female,161300.0,17500,debt_consolidation,1,5,8,0.1502,0,0,0
CUST_103997,36,Working Age (25-55),Male,61500.0,17800,debt_consolidation,4,13,13,0.075,0,1,0
CUST_103998,59,Senior (>55),Female,77600.0,10900,home_improvement,5,20,9,0.2912,0,1,0
CUST_103999,44,Working Age (25-55),Male,23400.0,5900,credit_card,4,20,10,0.177,0,2,0
CUST_104000,29,Working Age (25-55),Female,173600.0,50000,credit_card,2,11,6,0.1336,0,0,0
CUST_104001,39,Working Age (25-55),Female,27600.0,4100,debt_consolidation,11,10,6,0.3185,0,0,0
CUST_104002,40,Working Age (25-55),Female,95200.0,40700,debt_consolidation,0,12,8,0.4882,0,0,1
CUST_104003,45,Working Age (25-55),Male,31300.0,12900,credit_card,3,15,7,0.0652,0,0,0
CUST_104004,23,Young (<25),Female,38500.0,9400,small_business,5,11,7,0.471,0,0,1
CUST_104005,47,Working Age (25-55),Male,83600.0,8500,debt_consolidation,0,20,8,0.1781,0,0,0
CUST_104006,19,Young (<25),Female,95300.0,35900,credit_card,1,5,4,0.0503,1,0,1
CUST_104007,32,Working Age (25-55),Male,26900.0,11000,medical,8,8,4,0.3621,0,1,1
CUST_104008,34,Working Age (25-55),Male,98700.0,15900,credit_card,5,8,3,0.5183,1,0,1
CUST_104009,47,Working Age (25-55),Female,96300.0,40500,debt_consolidation,0,17,4,0.1901,0,0,0
CUST_104010,40,Working Age (25-55),Male,32300.0,13600,home_improvement,0,20,6,0.0673,0,0,0
CUST_104011,23,Young (<25),Male,130500.0,34600,small_business,2,9,5,0.3054,0,2,1
CUST_104012,28,Working Age (25-55),Male,24300.0,9200,credit_card,1,5,11,0.0975,1,0,1
CUST_104013,42,Working Age (25-55),Male,38400.0,9800,small_business,16,12,8,0.5201,0,0,1
CUST_104014,39,Working Age (25-55),Male,70500.0,21000,credit_card,5,11,6,0.1555,0,0,0
CUST_104015,33,Working Age (25-55),Male,33900.0,7200,small_business,1,9,8,0.4505,0,2,1
CUST_104016,34,Working Age (25-55),Female,62600.0,9800,major_purchase,13,10,7,0.2839,0,1,0
CUST_104017,48,Working Age (25-55),Male,61900.0,22400,credit_card,6,17,14,0.2567,1,0,1
CUST_104018,33,Working Age (25-55),Female,48900.0,4900,credit_card,1,13,6,0.1336,0,0,0
CUST_104019,38,Working Age (25-55),Female,85600.0,25900,credit_card,2,16,12,0.3212,0,0,0
CUST_104020,66,Senior (>55),Male,47800.0,19200,home_improvement,1,24,5,0.2901,0,0,0
CUST_104021,22,Young (<25),Female,61500.0,10900,small_business,4,1,7,0.1224,0,0,0
CUST_104022,19,Young (<25),Female,101800.0,22000,debt_consolidation,1,3,5,0.1099,0,0,0
CUST_104023,49,Working Age (25-55),Male,83700.0,25600,home_improvement,11,16,8,0.4942,0,0,1
CUST_104024,31,Working Age (25-55),Male,83500.0,15600,home_improvement,2,11,7,0.2405,0,0,0
CUST_104025,36,Working Age (25-55),Male,28800.0,11400,home_improvement,9,15,4,0.2247,0,0,0
CUST_104026,30,Working Age (25-55),Male,72300.0,16500,home_improvement,0,10,7,0.2064,0,0,0
CUST_104027,36,Working Age (25-55),Male,33400.0,10100,debt_consolidation,18,12,9,0.0889,0,0,0
CUST_104028,59,Senior (>55),Female,26800.0,4800,debt_consolidation,12,21,6,0.24,0,0,0
CUST_104029,49,Working Age (25-55),Female,52100.0,6000,home_improvement,2,16,12,0.1007,0,0,0
CUST_104030,50,Working Age (25-55),Male,32900.0,5300,major_purchase,7,17,10,0.2654,0,1,0
CUST_104031,23,Young (<25),Female,83700.0,9700,debt_consolidation,5,11,7,0.2524,0,0,0
CUST_104032,26,Working Age (25-55),Male,84800.0,22400,credit_card,8,8,14,0.2504,0,0,0
CUST_104033,19,Young (<25),Male,19000.0,5800,home_improvement,1,6,7,0.1893,0,0,0
CUST_104034,30,Working Age (25-55),Female,34400.0,4000,home_improvement,3,10,8,0.2581,0,0,0
CUST_104035,51,Working Age (25-55),Male,24300.0,3200,credit_card,10,21,5,0.1097,0,0,0
CUST_104036,46,Working Age (25-55),Male,42000.0,11300,debt_consolidation,7,12,4,0.2292,0,0,0
CUST_104037,37,Working Age (25-55),Female,69600.0,26400,home_improvement,2,18,4,0.1895,0,0,0
CUST_104038,39,Working Age (25-55),Male,47400.0,15200,home_improvement,9,10,8,0.1022,0,0,0
CUST_104039,31,Working Age (25-55),Male,39200.0,5400,home_improvement,0,8,7,0.2649,0,1,1
CUST_104040,42,Working Age (25-55),Female,110800.0,45500,home_improvement,7,16,10,0.3244,1,0,1
CUST_104041,49,Working Age (25-55),Male,18000.0,7600,debt_consolidation,1,20,9,0.1116,0,0,0
CUST_104042,20,Young (<25),Male,107000.0,22900,medical,1,2,8,0.1519,0,0,0
CUST_104043,43,Working Age (25-55),Male,40200.0,12700,home_improvement,3,11,5,0.2425,0,0,0
CUST_104044,51,Working Age (25-55),Male,51900.0,14100,credit_card,2,18,6,0.3224,0,0,0
CUST_104045,35,Working Age (25-55),Male,40500.0,17400,major_purchase,3,19,9,0.2733,0,0,0
CUST_104046,48,Working Age (25-55),Female,126600.0,35200,major_purchase,3,20,4,0.2106,1,0,0
CUST_104047,73,Senior (>55),Male,27500.0,12000,home_improvement,2,24,9,0.3744,0,0,1
CUST_104048,38,Working Age (25-55),Male,54500.0,9300,credit_card,0,6,7,0.1955,0,0,0
CUST_104049,44,Working Age (25-55),Female,72400.0,16000,credit_card,7,15,5,0.0622,0,0,0
CUST_104050,31,Working Age (25-55),Female,22300.0,8300,debt_consolidation,2,11,3,0.0539,0,0,0
CUST_104051,42,Working Age (25-55),Male,32700.0,12200,debt_consolidation,3,13,6,0.3644,0,0,1
CUST_104052,45,Working Age (25-55),Male,49900.0,17800,credit_card,5,13,6,0.0818,0,0,0
CUST_104053,42,Working Age (25-55),Male,33300.0,13300,credit_card,12,15,6,0.1936,0,1,0
CUST_104054,27,Working Age (25-55),Male,34600.0,12000,debt_consolidation,6,6,9,0.1473,0,0,0
CUST_104055,42,Working Age (25-55),Male,44700.0,14400,major_purchase,0,20,6,0.056,0,3,0
CUST_104056,57,Senior (>55),Male,77400.0,20200,credit_card,9,24,6,0.1827,0,0,0
CUST_104057,45,Working Age (25-55),Male,44900.0,11800,credit_card,22,17,15,0.2434,0,1,0
CUST_104058,51,Working Age (25-55),Female,98000.0,23700,debt_consolidation,3,18,10,0.1852,0,0,0
CUST_104059,37,Working Age (25-55),Male,31300.0,9900,debt_consolidation,17,10,8,0.1855,0,1,0
CUST_104060,48,Working Age (25-55),Male,27200.0,6600,small_business,3,16,5,0.1981,0,0,0
CUST_104061,43,Working Age (25-55),Male,156300.0,23700,debt_consolidation,3,19,7,0.3616,0,0,0
CUST_104062,28,Working Age (25-55),Male,37700.0,5200,credit_card,2,12,7,0.0655,1,0,0
CUST_104063,43,Working Age (25-55),Male,26300.0,11100,credit_card,5,15,13,0.2552,0,1,1
CUST_104064,28,Working Age (25-55),Female,20800.0,2300,credit_card,1,12,13,0.1162,0,0,0
CUST_104065,32,Working Age (25-55),Female,97900.0,13400,credit_card,0,12,3,0.4504,0,0,1
CUST_104066,42,Working Age (25-55),Female,44900.0,11500,debt_consolidation,0,15,5,0.0537,0,0,0
CUST_104067,43,Working Age (25-55),Female,47100.0,9000,debt_consolidation,1,17,5,0.0555,0,0,0
CUST_104068,25,Working Age (25-55),Male,49600.0,12000,credit_card,2,10,5,0.1527,0,0,0
CUST_104069,52,Working Age (25-55),Female,94600.0,13300,home_improvement,4,20,7,0.1083,1,0,0
CUST_104070,46,Working Age (25-55),Female,49100.0,7200,debt_consolidation,1,16,10,0.1044,0,1,0
CUST_104071,31,Working Age (25-55),Male,196700.0,50000,debt_consolidation,13,10,6,0.0685,0,0,0
CUST_104072,21,Young (<25),Male,58300.0,21300,debt_consolidation,1,5,6,0.4878,0,0,1
CUST_104073,38,Working Age (25-55),Female,97100.0,13300,credit_card,2,11,3,0.0686,0,0,0
CUST_104074,34,Working Age (25-55),Male,84400.0,28200,debt_consolidation,0,7,9,0.287,0,2,1
CUST_104075,41,Working Age (25-55),Male,53100.0,16600,debt_consolidation,1,11,11,0.0756,0,0,0
CUST_104076,35,Working Age (25-55),Female,39200.0,13700,credit_card,0,9,7,0.0824,0,0,1
CUST_104077,19,Young (<25),Female,65000.0,17300,debt_consolidation,1,5,3,0.4614,0,3,1
CUST_104078,35,Working Age (25-55),Male,71700.0,13900,credit_card,6,16,9,0.0979,0,0,0
CUST_104079,36,Working Age (25-55),Male,39500.0,13100,debt_consolidation,1,12,8,0.4051,0,0,1
CUST_104080,47,Working Age (25-55),Male,59400.0,13700,major_purchase,2,17,5,0.04,0,1,0
CUST_104081,31,Working Age (25-55),Female,106900.0,18900,debt_consolidation,0,11,5,0.0756,0,0,0
CUST_104082,60,Senior (>55),Female,169100.0,41100,debt_consolidation,9,25,4,0.3751,1,0,0
CUST_104083,19,Young (<25),Male,86700.0,31800,major_purchase,1,4,9,0.0845,1,1,1
CUST_104084,55,Working Age (25-55),Female,150900.0,40200,debt_consolidation,0,18,9,0.0985,0,0,0
CUST_104085,37,Working Age (25-55),Female,38300.0,7800,credit_card,2,12,9,0.3148,0,3,1
CUST_104086,50,Working Age (25-55),Male,79700.0,31200,debt_consolidation,15,20,7,0.191,1,0,0
CUST_104087,40,Working Age (25-55),Female,113100.0,46200,debt_consolidation,2,18,9,0.2544,0,0,0
CUST_104088,53,Working Age (25-55),Male,33100.0,8300,credit_card,3,19,9,0.1449,0,0,0
CUST_104089,35,Working Age (25-55),Male,41500.0,9600,major_purchase,2,15,7,0.2303,0,0,0
CUST_104090,26,Working Age (25-55),Female,140900.0,44300,credit_card,4,9,8,0.3998,1,0,1
CUST_104091,57,Senior (>55),Male,31700.0,3800,credit_card,19,19,7,0.192,0,1,0
CUST_104092,38,Working Age (25-55),Female,25900.0,8900,credit_card,20,16,8,0.1929,0,1,0
CUST_104093,42,Working Age (25-55),Male,125500.0,46900,debt_consolidation,7,16,5,0.2125,1,0,1
CUST_104094,54,Working Age (25-55),Female,104600.0,25000,credit_card,2,16,6,0.1485,0,0,0
CUST_104095,27,Working Age (25-55),Female,68700.0,11100,debt_consolidation,3,12,7,0.2947,0,0,0
CUST_104096,47,Working Age (25-55),Male,52800.0,5800,debt_consolidation,2,15,10,0.4437,1,0,1
CUST_104097,32,Working Age (25-55),Female,42600.0,13800,debt_consolidation,14,10,8,0.1775,0,0,0
CUST_104098,38,Working Age (25-55),Male,63300.0,12300,small_business,6,15,9,0.2345,0,0,0
CUST_104099,40,Working Age (25-55),Female,129200.0,33900,debt_consolidation,2,13,7,0.04,0,0,0
CUST_104100,21,Young (<25),Female,61800.0,14500,credit_card,0,8,10,0.2711,1,0,1
CUST_104101,30,Working Age (25-55),Male,178400.0,28800,debt_consolidation,3,12,10,0.1443,0,0,0
CUST_104102,56,Senior (>55),Female,33100.0,9200,debt_consolidation,20,17,6,0.04,0,0,0
CUST_104103,50,Working Age (25-55),Female,53600.0,14000,credit_card,3,18,8,0.2387,0,0,0
CUST_104104,39,Working Age (25-55),Male,44100.0,14000,home_improvement,1,17,9,0.2114,0,0,0
CUST_104105,42,Working Age (25-55),Male,29800.0,5600,credit_card,0,11,9,0.1247,0,0,0
CUST_104106,36,Working Age (25-55),Male,49800.0,8700,debt_consolidation,2,13,5,0.1199,0,0,0
CUST_104107,56,Senior (>55),Male,68200.0,26300,major_purchase,12,17,9,0.363,0,1,1
CUST_104108,37,Working Age (25-55),Female,72300.0,25000,debt_consolidation,19,16,4,0.2423,0,0,0
CUST_104109,42,Working Age (25-55),Male,178800.0,50000,home_improvement,14,17,6,0.3784,0,0,0
CUST_104110,53,Working Age (25-55),Female,69900.0,10000,credit_card,6,17,7,0.4046,0,0,0
CUST_104111,30,Working Age (25-55),Male,102000.0,18200,credit_card,4,17,3,0.4504,0,2,1
CUST_104112,58,Senior (>55),Female,56200.0,16900,major_purchase,4,23,7,0.2442,0,0,0
CUST_104113,21,Young (<25),Male,136300.0,50000,home_improvement,3,9,9,0.0621,1,0,0
CUST_104114,59,Senior (>55),Male,202600.0,50000,debt_consolidation,6,22,9,0.2006,1,0,0
CUST_104115,35,Working Age (25-55),Male,72600.0,28400,debt_consolidation,2,15,7,0.1844,1,0,1
CUST_104116,37,Working Age (25-55),Male,31400.0,3600,debt_consolidation,5,9,8,0.1573,0,1,0
CUST_104117,19,Young (<25),Male,40100.0,15500,debt_consolidation,0,7,6,0.2089,0,1,1
CUST_104118,34,Working Age (25-55),Male,63300.0,26200,major_purchase,1,13,8,0.1712,0,0,0
CUST_104119,27,Working Age (25-55),Female,69600.0,8300,debt_consolidation,9,8,6,0.4828,0,1,1
CUST_104120,32,Working Age (25-55),Female,79500.0,19500,credit_card,11,12,9,0.3398,0,0,0
CUST_104121,38,Working Age (25-55),Female,69800.0,20100,home_improvement,3,16,11,0.4318,0,0,1
CUST_104122,51,Working Age (25-55),Female,54400.0,9900,small_business,0,16,1,0.2548,0,0,0
CUST_104123,42,Working Age (25-55),Male,38200.0,10700,credit_card,13,14,7,0.2618,0,0,0
CUST_104124,43,Working Age (25-55),Male,67600.0,27700,home_improvement,6,12,13,0.0978,0,0,0
CUST_104125,26,Working Age (25-55),Male,150300.0,50000,debt_consolidation,2,3,4,0.1509,0,0,0
CUST_104126,29,Working Age (25-55),Male,94900.0,40700,home_improvement,4,12,10,0.3511,0,0,1
CUST_104127,61,Senior (>55),Male,72700.0,19600,debt_consolidation,2,21,7,0.2303,1,0,1
CUST_104128,31,Working Age (25-55),Female,95400.0,23200,major_purchase,3,10,6,0.2255,0,0,0
CUST_104129,59,Senior (>55),Female,44200.0,14700,debt_consolidation,10,17,11,0.1831,0,1,0
CUST_104130,37,Working Age (25-55),Female,41000.0,10100,debt_consolidation,0,12,3,0.196,0,0,0
CUST_104131,40,Working Age (25-55),Female,35900.0,4100,credit_card,0,17,8,0.4039,1,0,1
CUST_104132,52,Working Age (25-55),Male,50600.0,17800,home_improvement,0,18,8,0.2494,0,2,1
CUST_104133,55,Working Age (25-55),Male,43000.0,8500,home_improvement,1,19,10,0.2057,0,0,0
CUST_104134,38,Working Age (25-55),Male,105300.0,12300,debt_consolidation,0,13,6,0.3217,0,0,1
CUST_104135,35,Working Age (25-55),Male,41700.0,4500,debt_consolidation,1,8,7,0.1472,0,0,0
CUST_104136,39,Working Age (25-55),Male,34800.0,14800,debt_consolidation,0,15,5,0.4215,0,0,1
CUST_104137,44,Working Age (25-55),Female,157700.0,29700,credit_card,1,11,7,0.3479,0,0,0
CUST_104138,50,Working Age (25-55),Male,42300.0,10900,credit_card,2,14,7,0.3239,0,0,1
CUST_104139,40,Working Age (25-55),Female,58900.0,25500,debt_consolidation,0,10,9,0.4019,1,3,1
CUST_104140,47,Working Age (25-55),Female,69400.0,18300,credit_card,4,15,8,0.1943,0,0,0
CUST_104141,59,Senior (>55),Female,29000.0,3700,debt_consolidation,4,19,8,0.4114,0,2,1
CUST_104142,44,Working Age (25-55),Male,106900.0,31300,major_purchase,0,15,3,0.2293,0,0,0
CUST_104143,43,Working Age (25-55),Female,76900.0,10100,debt_consolidation,4,12,7,0.3774,1,0,1
CUST_104144,21,Young (<25),Female,127700.0,17000,credit_card,3,10,16,0.2754,1,1,1
CUST_104145,19,Young (<25),Male,37300.0,14800,credit_card,1,9,7,0.1424,0,1,1
CUST_104146,44,Working Age (25-55),Male,57200.0,11500,debt_consolidation,0,14,9,0.2748,0,0,0
CUST_104147,38,Working Age (25-55),Female,55400.0,18700,debt_consolidation,7,11,5,0.312,0,0,1
CUST_104148,33,Working Age (25-55),Female,62600.0,17400,debt_consolidation,2,9,6,0.0897,1,0,0
CUST_104149,42,Working Age (25-55),Male,24300.0,4300,debt_consolidation,0,13,9,0.0629,1,0,1
CUST_104150,39,Working Age (25-55),Female,57600.0,16200,credit_card,1,9,5,0.3029,0,3,1
CUST_104151,53,Working Age (25-55),Male,24700.0,3100,debt_consolidation,1,15,6,0.4598,0,0,1
CUST_104152,41,Working Age (25-55),Male,66000.0,14600,debt_consolidation,3,16,7,0.3514,0,0,0
CUST_104153,31,Working Age (25-55),Female,18000.0,5100,debt_consolidation,5,11,5,0.3604,0,0,1
CUST_104154,51,Working Age (25-55),Female,19600.0,3500,debt_consolidation,6,22,3,0.1431,0,1,0
CUST_104155,37,Working Age (25-55),Female,85000.0,28100,debt_consolidation,1,12,7,0.2398,0,0,0
CUST_104156,46,Working Age (25-55),Female,40100.0,4700,debt_consolidation,1,15,9,0.1587,0,0,0
CUST_104157,34,Working Age (25-55),Female,31500.0,8500,credit_card,1,10,8,0.1121,0,1,0
CUST_104158,32,Working Age (25-55),Male,109000.0,38200,home_improvement,2,10,6,0.368,1,1,1
CUST_104159,41,Working Age (25-55),Female,64900.0,16300,major_purchase,23,12,1,0.1881,0,0,0
CUST_104160,40,Working Age (25-55),Male,87500.0,35500,debt_consolidation,7,14,11,0.4302,0,1,1
CUST_104161,45,Working Age (25-55),Male,49400.0,15900,debt_consolidation,18,15,8,0.0794,0,2,0
CUST_104162,36,Working Age (25-55),Female,236500.0,50000,debt_consolidation,5,11,9,0.0467,0,1,0
CUST_104163,19,Young (<25),Female,38900.0,7800,credit_card,1,10,7,0.3066,0,0,1
CUST_104164,34,Working Age (25-55),Female,141400.0,50000,credit_card,2,17,7,0.0556,0,0,0
CUST_104165,49,Working Age (25-55),Female,52400.0,16400,debt_consolidation,3,20,3,0.1354,0,1,0
CUST_104166,36,Working Age (25-55),Male,21800.0,7900,home_improvement,2,14,5,0.0982,0,0,0
CUST_104167,37,Working Age (25-55),Female,70700.0,29400,credit_card,8,15,3,0.194,0,0,0
CUST_104168,51,Working Age (25-55),Male,64400.0,18900,medical,3,23,9,0.2766,0,0,0
CUST_104169,31,Working Age (25-55),Female,30400.0,12200,debt_consolidation,1,13,9,0.2597,0,0,1
CUST_104170,21,Young (<25),Female,32600.0,9400,debt_consolidation,3,5,3,0.4031,0,0,1
CUST_104171,38,Working Age (25-55),Male,53400.0,16500,debt_consolidation,9,14,8,0.0781,0,0,0
CUST_104172,34,Working Age (25-55),Male,65700.0,16800,debt_consolidation,2,13,9,0.2055,0,3,0
CUST_104173,28,Working Age (25-55),Female,18000.0,2700,major_purchase,5,6,7,0.1395,0,0,0
CUST_104174,37,Working Age (25-55),Female,96700.0,28400,debt_consolidation,0,12,1,0.4339,0,3,1
CUST_104175,45,Working Age (25-55),Male,41300.0,18300,credit_card,3,19,7,0.1068,0,0,0
CUST_104176,39,Working Age (25-55),Female,26000.0,9800,debt_consolidation,0,8,10,0.1256,0,0,0
CUST_104177,43,Working Age (25-55),Female,90900.0,32900,debt_consolidation,0,11,4,0.0939,0,2,0
CUST_104178,61,Senior (>55),Male,53500.0,17400,debt_consolidation,4,20,3,0.11,0,0,0
CUST_104179,35,Working Age (25-55),Male,105800.0,23500,debt_consolidation,1,13,9,0.2916,0,3,1
CUST_104180,43,Working Age (25-55),Male,68900.0,11000,credit_card,6,10,3,0.1863,0,2,0
CUST_104181,33,Working Age (25-55),Male,54100.0,9700,medical,11,11,9,0.1069,0,1,0
CUST_104182,29,Working Age (25-55),Male,49800.0,5100,credit_card,0,13,9,0.1708,0,0,0
CUST_104183,32,Working Age (25-55),Male,70600.0,23700,credit_card,6,11,14,0.0688,0,0,0
CUST_104184,34,Working Age (25-55),Male,43200.0,16600,debt_consolidation,3,14,7,0.1963,0,0,0
CUST_104185,44,Working Age (25-55),Male,33900.0,6600,small_business,0,13,9,0.5257,1,0,1
CUST_104186,68,Senior (>55),Male,75800.0,10000,debt_consolidation,5,21,11,0.103,0,0,0
CUST_104187,31,Working Age (25-55),Female,50000.0,10900,major_purchase,4,13,9,0.153,0,0,0
CUST_104188,35,Working Age (25-55),Female,55200.0,11200,credit_card,3,13,4,0.1767,0,0,0
CUST_104189,39,Working Age (25-55),Male,98600.0,25400,debt_consolidation,13,10,7,0.4657,0,0,1
CUST_104190,44,Working Age (25-55),Male,50900.0,9800,credit_card,3,12,4,0.281,0,0,0
CUST_104191,43,Working Age (25-55),Female,54600.0,12000,medical,23,19,6,0.04,0,1,1
CUST_104192,55,Working Age (25-55),Male,39000.0,16300,debt_consolidation,3,16,8,0.3707,0,0,1
CUST_104193,19,Young (<25),Female,68700.0,14900,debt_consolidation,0,9,6,0.2901,0,1,1
CUST_104194,19,Young (<25),Male,65700.0,24600,debt_consolidation,1,5,2,0.0907,1,1,1
CUST_104195,34,Working Age (25-55),Male,88900.0,28400,credit_card,1,11,8,0.3741,1,0,1
CUST_104196,53,Working Age (25-55),Male,39400.0,8600,debt_consolidation,4,19,9,0.0776,0,0,0
CUST_104197,21,Young (<25),Female,42100.0,16300,home_improvement,3,1,5,0.2323,0,0,0
CUST_104198,19,Young (<25),Male,83800.0,25800,major_purchase,1,2,6,0.0649,0,1,0
CUST_104199,46,Working Age (25-55),Female,62200.0,6400,major_purchase,0,16,2,0.0789,0,0,0
CUST_104200,42,Working Age (25-55),Female,32900.0,4100,debt_consolidation,3,12,1,0.1615,0,0,0
CUST_104201,26,Working Age (25-55),Female,111100.0,40400,credit_card,0,12,9,0.0906,0,1,0
CUST_104202,28,Working Age (25-55),Male,21300.0,5500,debt_consolidation,5,4,4,0.1736,0,0,0
CUST_104203,28,Working Age (25-55),Female,83400.0,20200,credit_card,7,11,6,0.3593,0,0,0
CUST_104204,41,Working Age (25-55),Female,27000.0,4100,home_improvement,16,10,8,0.2301,0,0,0
CUST_104205,32,Working Age (25-55),Male,152800.0,23700,credit_card,0,10,12,0.2035,0,0,0
CUST_104206,45,Working Age (25-55),Male,23200.0,8800,small_business,3,12,6,0.2551,0,2,1
CUST_104207,19,Young (<25),Male,102100.0,39800,home_improvement,1,12,7,0.2612,0,0,1
CUST_104208,29,Working Age (25-55),Male,51800.0,15300,debt_consolidation,11,6,6,0.4112,0,1,1
CUST_104209,26,Working Age (25-55),Female,44300.0,9000,credit_card,4,8,8,0.1854,0,0,0
CUST_104210,36,Working Age (25-55),Male,60000.0,25600,debt_consolidation,0,7,6,0.3248,0,0,1
CUST_104211,33,Working Age (25-55),Male,76700.0,24400,debt_consolidation,2,16,10,0.1357,0,0,0
CUST_104212,49,Working Age (25-55),Female,32900.0,12500,debt_consolidation,5,18,11,0.2764,0,0,0
CUST_104213,19,Young (<25),Female,34600.0,3500,major_purchase,1,7,4,0.2236,0,0,0
CUST_104214,40,Working Age (25-55),Female,77400.0,19900,debt_consolidation,9,18,8,0.4357,0,0,1
CUST_104215,46,Working Age (25-55),Female,21200.0,8600,credit_card,0,16,8,0.2866,0,0,1
CUST_104216,62,Senior (>55),Male,39300.0,8600,home_improvement,15,22,2,0.3862,1,0,1
CUST_104217,34,Working Age (25-55),Male,260000.0,50000,home_improvement,0,12,12,0.1322,0,0,0
CUST_104218,43,Working Age (25-55),Male,31800.0,10500,home_improvement,20,16,4,0.2749,0,0,0
CUST_104219,19,Young (<25),Male,101900.0,15600,debt_consolidation,1,5,8,0.187,0,0,0
CUST_104220,19,Young (<25),Female,39300.0,14600,credit_card,1,6,4,0.0643,0,2,0
CUST_104221,50,Working Age (25-55),Male,71700.0,10000,credit_card,6,19,6,0.3246,0,0,0
CUST_104222,39,Working Age (25-55),Female,77600.0,27500,credit_card,0,14,2,0.2404,0,0,0
CUST_104223,54,Working Age (25-55),Male,100800.0,45000,debt_consolidation,0,18,7,0.1383,0,0,0
CUST_104224,23,Young (<25),Female,48500.0,21100,debt_consolidation,0,3,6,0.2982,0,1,1
CUST_104225,46,Working Age (25-55),Male,161800.0,50000,major_purchase,0,20,9,0.3779,0,0,1
CUST_104226,62,Senior (>55),Female,39200.0,11300,debt_consolidation,3,19,6,0.1416,0,1,0
CUST_104227,45,Working Age (25-55),Female,61600.0,20700,debt_consolidation,1,18,4,0.4176,0,0,1
CUST_104228,43,Working Age (25-55),Female,62000.0,22000,debt_consolidation,9,15,6,0.2168,0,0,0
CUST_104229,40,Working Age (25-55),Male,29200.0,3000,debt_consolidation,2,10,5,0.4158,0,3,1
CUST_104230,21,Young (<25),Male,46300.0,6300,debt_consolidation,3,11,7,0.4232,0,0,1
CUST_104231,56,Senior (>55),Female,59200.0,18300,credit_card,5,20,5,0.2298,0,0,0
CUST_104232,32,Working Age (25-55),Male,42700.0,4400,major_purchase,1,15,7,0.2646,0,0,0
CUST_104233,46,Working Age (25-55),Male,207400.0,50000,debt_consolidation,1,15,6,0.4428,0,0,0
CUST_104234,21,Young (<25),Male,34200.0,9300,debt_consolidation,2,9,7,0.1848,0,0,0
CUST_104235,25,Working Age (25-55),Male,103600.0,19700,credit_card,7,3,4,0.1683,0,0,0
CUST_104236,57,Senior (>55),Female,86800.0,20600,debt_consolidation,4,18,10,0.191,0,0,0
CUST_104237,35,Working Age (25-55),Female,53800.0,21400,major_purchase,1,8,5,0.0483,0,1,0
CUST_104238,57,Senior (>55),Male,33700.0,14300,debt_consolidation,8,18,9,0.0627,0,1,0
CUST_104239,39,Working Age (25-55),Male,35500.0,5000,credit_card,0,15,12,0.1707,0,0,1
CUST_104240,19,Young (<25),Male,40700.0,15200,credit_card,1,4,6,0.3428,0,0,1
CUST_104241,50,Working Age (25-55),Male,20300.0,6100,home_improvement,2,20,5,0.4521,1,0,1
CUST_104242,32,Working Age (25-55),Female,31200.0,9500,credit_card,6,8,6,0.1426,0,0,0
CUST_104243,48,Working Age (25-55),Male,24000.0,8900,debt_consolidation,13,19,7,0.2722,0,0,0
CUST_104244,40,Working Age (25-55),Female,113600.0,20200,debt_consolidation,6,17,10,0.1162,0,0,0
CUST_104245,21,Young (<25),Male,76100.0,21800,major_purchase,2,10,6,0.0464,0,2,0
CUST_104246,41,Working Age (25-55),Female,83500.0,17700,home_improvement,0,13,8,0.1965,0,1,0
CUST_104247,66,Senior (>55),Male,74900.0,10000,debt_consolidation,8,16,9,0.204,0,0,0
CUST_104248,45,Working Age (25-55),Male,59400.0,8100,small_business,3,17,9,0.2132,0,1,0
CUST_104249,39,Working Age (25-55),Female,121000.0,17900,credit_card,0,13,7,0.04,0,0,0
CUST_104250,52,Working Age (25-55),Female,38700.0,12200,credit_card,6,15,3,0.04,1,0,0
CUST_104251,42,Working Age (25-55),Male,57400.0,7900,debt_consolidation,1,13,3,0.2429,0,0,0
CUST_104252,42,Working Age (25-55),Male,81700.0,24500,home_improvement,0,19,6,0.2382,0,1,0
CUST_104253,26,Working Age (25-55),Female,26200.0,8000,debt_consolidation,8,5,6,0.2719,0,0,1
CUST_104254,42,Working Age (25-55),Male,260000.0,50000,home_improvement,3,16,8,0.4404,0,0,0
CUST_104255,52,Working Age (25-55),Male,55000.0,17600,debt_consolidation,1,18,9,0.1704,0,0,0
CUST_104256,29,Working Age (25-55),Female,58600.0,26100,home_improvement,6,9,11,0.2259,0,1,1
CUST_104257,57,Senior (>55),Female,108200.0,12000,debt_consolidation,10,21,10,0.3216,0,1,0
CUST_104258,38,Working Age (25-55),Male,89600.0,31000,debt_consolidation,0,18,10,0.3002,0,3,1
CUST_104259,29,Working Age (25-55),Male,55300.0,6000,debt_consolidation,5,9,5,0.3,0,0,0
CUST_104260,51,Working Age (25-55),Male,58200.0,20700,debt_consolidation,7,17,7,0.2352,1,1,1
CUST_104261,36,Working Age (25-55),Male,23700.0,5600,credit_card,1,14,10,0.2833,1,0,1
CUST_104262,49,Working Age (25-55),Female,39900.0,12500,debt_consolidation,3,19,6,0.1348,0,0,0
CUST_104263,36,Working Age (25-55),Female,72000.0,15000,medical,0,12,5,0.3513,0,0,1
CUST_104264,39,Working Age (25-55),Female,69200.0,10800,credit_card,6,12,8,0.0525,1,0,0
CUST_104265,45,Working Age (25-55),Female,106000.0,37400,credit_card,9,9,10,0.3203,0,0,1
CUST_104266,43,Working Age (25-55),Male,50700.0,21100,debt_consolidation,0,12,15,0.2016,0,0,0
CUST_104267,19,Young (<25),Male,25300.0,4200,debt_consolidation,1,3,11,0.1875,0,0,0
CUST_104268,26,Working Age (25-55),Female,96900.0,40900,debt_consolidation,7,11,7,0.0668,0,1,0
CUST_104269,51,Working Age (25-55),Female,119400.0,17800,home_improvement,2,17,4,0.2109,0,0,0
CUST_104270,38,Working Age (25-55),Male,88800.0,31700,debt_consolidation,5,12,8,0.1212,0,0,0
CUST_104271,33,Working Age (25-55),Male,49500.0,21600,home_improvement,0,11,12,0.1607,0,0,0
CUST_104272,23,Young (<25),Male,96200.0,14600,debt_consolidation,5,5,6,0.1399,0,3,0
CUST_104273,27,Working Age (25-55),Male,260000.0,50000,medical,3,14,13,0.3458,0,0,0
CUST_104274,19,Young (<25),Male,57700.0,12600,debt_consolidation,1,10,6,0.3404,0,0,1
CUST_104275,38,Working Age (25-55),Male,26300.0,6200,debt_consolidation,5,18,7,0.0745,0,2,0
CUST_104276,32,Working Age (25-55),Female,39200.0,14300,credit_card,4,13,7,0.0908,0,3,0
CUST_104277,28,Working Age (25-55),Female,76400.0,25300,major_purchase,9,9,8,0.2356,0,0,0
CUST_104278,39,Working Age (25-55),Female,22400.0,9800,credit_card,4,18,8,0.3501,1,0,1
CUST_104279,44,Working Age (25-55),Male,59500.0,9800,debt_consolidation,11,13,3,0.1142,0,1,0
CUST_104280,65,Senior (>55),Male,66800.0,19400,credit_card,4,20,4,0.04,0,0,0
CUST_104281,21,Young (<25),Male,126000.0,32400,major_purchase,0,5,11,0.1171,0,0,0
CUST_104282,53,Working Age (25-55),Female,111400.0,47000,debt_consolidation,12,20,4,0.1478,0,2,0
CUST_104283,51,Working Age (25-55),Female,87200.0,9000,debt_consolidation,5,15,8,0.2012,0,0,0
CUST_104284,30,Working Age (25-55),Female,18000.0,8000,home_improvement,6,10,5,0.2235,0,0,0
CUST_104285,42,Working Age (25-55),Female,89900.0,24100,small_business,21,9,2,0.0626,0,0,0
CUST_104286,34,Working Age (25-55),Male,79900.0,25500,home_improvement,0,13,6,0.2325,0,0,0
CUST_104287,42,Working Age (25-55),Male,62400.0,14100,medical,2,10,15,0.2708,0,1,1
CUST_104288,58,Senior (>55),Male,20900.0,8300,debt_consolidation,1,17,4,0.0682,0,1,0
CUST_104289,47,Working Age (25-55),Male,35300.0,10500,credit_card,4,20,3,0.1085,0,0,0
CUST_104290,46,Working Age (25-55),Male,28500.0,9500,credit_card,8,19,4,0.1227,0,0,0
CUST_104291,34,Working Age (25-55),Male,18000.0,5900,home_improvement,16,13,6,0.2243,0,0,0
CUST_104292,22,Young (<25),Female,54100.0,12300,home_improvement,3,8,9,0.5019,0,1,1
CUST_104293,37,Working Age (25-55),Male,34900.0,4400,major_purchase,7,11,10,0.2877,0,0,0
CUST_104294,54,Working Age (25-55),Male,229600.0,50000,debt_consolidation,12,16,9,0.2858,0,0,0
CUST_104295,21,Young (<25),Male,49400.0,9900,debt_consolidation,3,6,8,0.4014,0,0,1
CUST_104296,27,Working Age (25-55),Female,110400.0,43800,debt_consolidation,1,4,10,0.1223,0,0,1
CUST_104297,41,Working Age (25-55),Female,22900.0,7200,credit_card,4,15,5,0.3358,0,0,1
CUST_104298,28,Working Age (25-55),Female,40500.0,9100,debt_consolidation,10,9,6,0.2905,0,0,0
CUST_104299,30,Working Age (25-55),Male,57100.0,17600,home_improvement,12,7,11,0.3382,0,2,1
CUST_104300,34,Working Age (25-55),Female,32900.0,10700,debt_consolidation,5,16,6,0.0755,0,0,0
CUST_104301,23,Young (<25),Male,42900.0,14900,debt_consolidation,5,9,5,0.1358,0,0,0
CUST_104302,28,Working Age (25-55),Male,48100.0,18700,credit_card,1,11,11,0.2312,0,0,0
CUST_104303,48,Working Age (25-55),Female,47600.0,7400,home_improvement,1,15,5,0.1565,0,3,0
CUST_104304,24,Young (<25),Male,150300.0,50000,debt_consolidation,6,8,10,0.2438,0,0,0
CUST_104305,20,Young (<25),Male,66700.0,16300,home_improvement,0,8,8,0.1707,0,0,0
CUST_104306,32,Working Age (25-55),Female,70500.0,28300,debt_consolidation,1,11,7,0.202,1,0,1
CUST_104307,48,Working Age (25-55),Male,72900.0,12900,debt_consolidation,2,21,6,0.1822,0,0,0
CUST_104308,37,Working Age (25-55),Female,75900.0,8400,debt_consolidation,4,12,5,0.1739,0,0,0
CUST_104309,34,Working Age (25-55),Female,51800.0,15600,home_improvement,4,10,3,0.0402,0,1,0
CUST_104310,40,Working Age (25-55),Male,45400.0,9700,debt_consolidation,1,15,8,0.2598,0,0,1
CUST_104311,19,Young (<25),Male,59400.0,26400,major_purchase,1,2,13,0.2303,1,0,1
CUST_104312,45,Working Age (25-55),Male,102400.0,14000,credit_card,12,18,4,0.118,0,0,0
CUST_104313,44,Working Age (25-55),Male,100700.0,11700,debt_consolidation,2,11,9,0.0427,0,0,0
CUST_104314,35,Working Age (25-55),Male,47500.0,5500,debt_consolidation,2,14,7,0.3807,0,2,1
CUST_104315,52,Working Age (25-55),Male,82600.0,14500,debt_consolidation,6,16,10,0.4413,0,0,1
CUST_104316,26,Working Age (25-55),Male,48700.0,14700,credit_card,5,10,8,0.2752,0,1,1
CUST_104317,53,Working Age (25-55),Male,55200.0,15300,credit_card,2,21,8,0.3181,0,3,1
CUST_104318,41,Working Age (25-55),Female,41800.0,9300,home_improvement,2,14,9,0.3353,0,0,1
CUST_104319,35,Working Age (25-55),Male,49000.0,6400,debt_consolidation,2,8,4,0.3429,0,2,1
CUST_104320,39,Working Age (25-55),Female,113300.0,20600,debt_consolidation,1,10,8,0.2099,0,0,0
CUST_104321,38,Working Age (25-55),Male,57000.0,9400,debt_consolidation,3,11,8,0.367,0,0,0
CUST_104322,54,Working Age (25-55),Female,58400.0,21100,debt_consolidation,5,13,2,0.1926,0,0,0
CUST_104323,27,Working Age (25-55),Male,24400.0,9100,debt_consolidation,6,12,8,0.076,1,0,0
CUST_104324,30,Working Age (25-55),Female,45700.0,17000,medical,7,10,12,0.2875,0,0,1
CUST_104325,52,Working Age (25-55),Female,47400.0,20800,credit_card,2,14,6,0.1512,0,0,1
CUST_104326,32,Working Age (25-55),Male,34300.0,14000,home_improvement,7,15,6,0.1655,0,3,0
CUST_104327,50,Working Age (25-55),Female,54800.0,15000,debt_consolidation,0,15,4,0.2295,0,1,1
CUST_104328,60,Senior (>55),Male,42800.0,10500,debt_consolidation,3,21,4,0.3178,1,0,1
CUST_104329,35,Working Age (25-55),Female,56600.0,23800,debt_consolidation,7,9,7,0.3514,0,0,1
CUST_104330,48,Working Age (25-55),Female,57900.0,18200,debt_consolidation,4,10,13,0.2479,0,0,0
CUST_104331,26,Working Age (25-55),Female,32000.0,6500,credit_card,3,5,4,0.2849,0,2,1
CUST_104332,49,Working Age (25-55),Male,43500.0,12900,debt_consolidation,5,15,7,0.1192,0,0,0
CUST_104333,42,Working Age (25-55),Female,56500.0,25300,small_business,11,17,3,0.2154,0,0,0
CUST_104334,45,Working Age (25-55),Male,103900.0,41300,medical,4,16,6,0.2367,1,0,1
CUST_104335,32,Working Age (25-55),Female,62400.0,12400,debt_consolidation,8,11,7,0.3215,0,0,0
CUST_104336,20,Young (<25),Female,37600.0,16300,home_improvement,2,1,7,0.121,0,0,1
CUST_104337,46,Working Age (25-55),Female,67500.0,29900,credit_card,6,19,8,0.3667,0,0,1
CUST_104338,19,Young (<25),Female,138600.0,25100,debt_consolidation,1,7,8,0.0642,0,0,0
CUST_104339,36,Working Age (25-55),Male,89700.0,37100,major_purchase,0,12,3,0.2995,0,0,1
CUST_104340,51,Working Age (25-55),Male,73200.0,29900,debt_consolidation,2,21,5,0.2218,0,0,0
CUST_104341,42,Working Age (25-55),Male,80700.0,9200,home_improvement,4,18,6,0.1963,0,0,0
CUST_104342,63,Senior (>55),Female,119600.0,40000,debt_consolidation,7,25,4,0.1053,1,0,1
CUST_104343,52,Working Age (25-55),Female,97900.0,20200,debt_consolidation,2,17,7,0.382,0,3,1
CUST_104344,32,Working Age (25-55),Female,74000.0,24900,credit_card,14,8,6,0.2052,0,0,0
CUST_104345,40,Working Age (25-55),Male,97500.0,40900,small_business,1,16,7,0.1334,0,0,1
CUST_104346,39,Working Age (25-55),Female,29900.0,8200,debt_consolidation,6,9,8,0.2269,0,0,0
CUST_104347,21,Young (<25),Male,23700.0,5800,debt_consolidation,2,13,7,0.1374,0,0,0
CUST_104348,28,Working Age (25-55),Female,59100.0,25000,debt_consolidation,3,9,8,0.2884,0,0,1
CUST_104349,33,Working Age (25-55),Female,56300.0,24800,debt_consolidation,8,8,5,0.2148,0,0,0
CUST_104350,19,Young (<25),Female,40200.0,4900,credit_card,1,2,7,0.1478,0,0,1
CUST_104351,40,Working Age (25-55),Female,85300.0,36100,home_improvement,0,10,6,0.1203,0,0,0
CUST_104352,37,Working Age (25-55),Male,19400.0,2500,small_business,3,13,7,0.0904,1,0,0
CUST_104353,19,Young (<25),Female,40400.0,8800,home_improvement,1,6,10,0.2155,1,0,1
CUST_104354,44,Working Age (25-55),Male,41500.0,15200,major_purchase,7,11,7,0.3335,0,0,1
CUST_104355,48,Working Age (25-55),Female,22000.0,8200,home_improvement,17,15,6,0.2602,0,1,0
CUST_104356,42,Working Age (25-55),Male,123300.0,43700,major_purchase,0,10,9,0.1252,0,1,0
CUST_104357,36,Working Age (25-55),Female,25700.0,2900,debt_consolidation,4,14,4,0.04,0,2,0
CUST_104358,47,Working Age (25-55),Male,39200.0,5700,credit_card,5,16,10,0.3024,0,1,1
CUST_104359,48,Working Age (25-55),Male,89300.0,38200,medical,21,15,8,0.1783,0,0,0
CUST_104360,43,Working Age (25-55),Male,77300.0,9900,credit_card,14,11,11,0.2239,1,1,0
CUST_104361,30,Working Age (25-55),Female,29500.0,3800,small_business,6,9,7,0.1417,0,0,0
CUST_104362,43,Working Age (25-55),Male,78900.0,31000,debt_consolidation,3,13,3,0.2015,0,2,1
CUST_104363,54,Working Age (25-55),Female,63500.0,20600,small_business,0,19,9,0.3349,0,0,1
CUST_104364,32,Working Age (25-55),Female,195500.0,43600,credit_card,2,11,7,0.197,0,0,0
CUST_104365,65,Senior (>55),Female,67700.0,10700,debt_consolidation,4,25,3,0.136,0,0,0
CUST_104366,33,Working Age (25-55),Female,50100.0,20500,debt_consolidation,6,10,6,0.3064,0,0,1
CUST_104367,40,Working Age (25-55),Male,33800.0,15100,debt_consolidation,5,8,9,0.2082,0,0,0
CUST_104368,31,Working Age (25-55),Female,36000.0,4200,major_purchase,6,13,6,0.2504,0,2,0
CUST_104369,42,Working Age (25-55),Male,34400.0,10100,credit_card,2,11,5,0.3574,0,1,1
CUST_104370,19,Young (<25),Male,115200.0,22100,major_purchase,1,3,9,0.2692,0,0,0
CUST_104371,33,Working Age (25-55),Male,54700.0,21400,debt_consolidation,0,11,6,0.4241,0,0,1
CUST_104372,26,Working Age (25-55),Male,73900.0,16300,major_purchase,0,10,9,0.4189,1,3,0
CUST_104373,41,Working Age (25-55),Female,124600.0,43600,credit_card,0,12,6,0.0512,0,0,0
CUST_104374,51,Working Age (25-55),Male,18000.0,5200,debt_consolidation,11,16,4,0.1632,0,0,0
CUST_104375,47,Working Age (25-55),Female,109500.0,31700,debt_consolidation,0,15,11,0.137,0,1,0
CUST_104376,19,Young (<25),Male,55900.0,22400,medical,1,10,8,0.424,1,0,1
CUST_104377,64,Senior (>55),Male,68800.0,18200,debt_consolidation,1,22,8,0.2246,0,3,0
CUST_104378,43,Working Age (25-55),Male,34400.0,13600,debt_consolidation,3,12,6,0.0837,0,3,0
CUST_104379,30,Working Age (25-55),Female,35800.0,8100,debt_consolidation,12,7,6,0.1963,0,1,0
CUST_104380,41,Working Age (25-55),Female,70900.0,11400,debt_consolidation,4,13,3,0.2313,0,0,0
CUST_104381,42,Working Age (25-55),Female,201100.0,50000,small_business,1,15,6,0.2703,0,0,0
CUST_104382,31,Working Age (25-55),Female,94100.0,25800,credit_card,1,12,8,0.5052,1,1,1
CUST_104383,42,Working Age (25-55),Female,108700.0,29100,credit_card,12,15,8,0.1742,0,0,0
CUST_104384,32,Working Age (25-55),Male,48700.0,18600,major_purchase,2,8,5,0.2542,0,0,1
CUST_104385,35,Working Age (25-55),Female,38900.0,11600,credit_card,4,10,7,0.2069,0,0,0
CUST_104386,31,Working Age (25-55),Male,35300.0,14500,small_business,3,13,6,0.2733,0,0,1
CUST_104387,22,Young (<25),Male,41400.0,11600,debt_consolidation,2,4,7,0.0929,0,0,0
CUST_104388,41,Working Age (25-55),Male,18000.0,3200,medical,1,12,6,0.1677,0,0,0
CUST_104389,47,Working Age (25-55),Female,36400.0,5300,debt_consolidation,5,18,4,0.1094,0,0,0
CUST_104390,46,Working Age (25-55),Female,39800.0,16100,home_improvement,6,18,9,0.1703,0,0,0
CUST_104391,49,Working Age (25-55),Female,49200.0,5900,credit_card,1,16,8,0.3503,1,1,1
CUST_104392,43,Working Age (25-55),Female,58200.0,8200,debt_consolidation,7,13,14,0.1087,0,0,0
CUST_104393,33,Working Age (25-55),Male,66100.0,8100,debt_consolidation,9,7,9,0.1025,0,2,0
CUST_104394,50,Working Age (25-55),Female,53700.0,13300,debt_consolidation,12,19,6,0.3759,0,1,1
CUST_104395,23,Young (<25),Male,39300.0,11300,debt_consolidation,0,12,7,0.0515,0,0,0
CUST_104396,29,Working Age (25-55),Male,18400.0,2000,credit_card,1,17,6,0.1231,0,0,0
CUST_104397,28,Working Age (25-55),Male,39500.0,11100,medical,9,10,6,0.0847,0,0,0
CUST_104398,52,Working Age (25-55),Female,31700.0,7500,credit_card,1,18,12,0.4382,0,1,1
CUST_104399,51,Working Age (25-55),Female,70000.0,26000,credit_card,0,15,5,0.2688,0,0,1
CUST_104400,45,Working Age (25-55),Male,89300.0,34900,debt_consolidation,10,10,7,0.2772,0,0,0
CUST_104401,52,Working Age (25-55),Male,90800.0,30800,debt_consolidation,1,18,6,0.2195,1,0,1
CUST_104402,29,Working Age (25-55),Female,82200.0,21800,credit_card,2,17,5,0.4147,0,0,1
CUST_104403,44,Working Age (25-55),Female,50300.0,8800,medical,2,19,4,0.2214,0,0,1
CUST_104404,38,Working Age (25-55),Female,40700.0,16100,small_business,9,16,1,0.3492,0,0,1
CUST_104405,50,Working Age (25-55),Male,35900.0,7900,debt_consolidation,2,18,14,0.1052,0,0,0
CUST_104406,38,Working Age (25-55),Female,23600.0,5300,credit_card,11,14,7,0.3876,0,0,1
CUST_104407,35,Working Age (25-55),Male,93500.0,39300,credit_card,4,4,7,0.2142,0,0,1
CUST_104408,46,Working Age (25-55),Female,49200.0,21700,credit_card,3,18,6,0.3414,0,0,1
CUST_104409,50,Working Age (25-55),Male,27300.0,11300,credit_card,1,15,7,0.2448,0,0,0
CUST_104410,31,Working Age (25-55),Male,34400.0,15500,home_improvement,1,8,5,0.3457,0,2,1
CUST_104411,39,Working Age (25-55),Male,33600.0,13600,debt_consolidation,4,12,4,0.1615,0,0,1
CUST_104412,27,Working Age (25-55),Female,55500.0,19200,major_purchase,2,8,6,0.306,0,0,1
CUST_104413,19,Young (<25),Female,97500.0,19800,debt_consolidation,1,4,4,0.3399,0,1,1
CUST_104414,42,Working Age (25-55),Female,44700.0,19400,credit_card,3,14,3,0.1142,0,0,0
CUST_104415,47,Working Age (25-55),Male,18000.0,7300,major_purchase,3,14,8,0.198,1,0,1
CUST_104416,43,Working Age (25-55),Male,48800.0,9000,credit_card,2,15,5,0.231,0,0,0
CUST_104417,19,Young (<25),Male,49700.0,13500,debt_consolidation,1,2,7,0.114,0,2,0
CUST_104418,35,Working Age (25-55),Female,47900.0,6000,debt_consolidation,2,11,3,0.1953,0,0,0
CUST_104419,19,Young (<25),Male,38400.0,16700,credit_card,1,3,10,0.2263,0,0,1
CUST_104420,56,Senior (>55),Female,61100.0,18400,debt_consolidation,9,17,8,0.0707,0,1,0
CUST_104421,26,Working Age (25-55),Male,56200.0,10400,debt_consolidation,4,9,7,0.1745,0,0,0
CUST_104422,55,Working Age (25-55),Female,53400.0,10800,debt_consolidation,4,14,6,0.1348,0,1,0
CUST_104423,51,Working Age (25-55),Male,68000.0,30100,home_improvement,4,15,6,0.272,0,1,1
CUST_104424,29,Working Age (25-55),Female,42800.0,13500,debt_consolidation,6,11,13,0.3271,0,0,1
CUST_104425,26,Working Age (25-55),Female,41500.0,10300,credit_card,1,4,6,0.2268,1,1,1
CUST_104426,44,Working Age (25-55),Male,115700.0,31800,debt_consolidation,0,20,8,0.2358,0,0,0
CUST_104427,29,Working Age (25-55),Female,73700.0,9900,credit_card,8,13,8,0.1988,0,0,0
CUST_104428,41,Working Age (25-55),Male,85400.0,10800,debt_consolidation,0,12,2,0.1321,0,0,0
CUST_104429,34,Working Age (25-55),Male,106300.0,32700,credit_card,6,9,11,0.1609,0,2,0
CUST_104430,19,Young (<25),Male,72300.0,20200,credit_card,0,7,12,0.1722,1,0,1
CUST_104431,19,Young (<25),Female,90300.0,20400,debt_consolidation,1,2,8,0.2573,1,0,1
CUST_104432,42,Working Age (25-55),Male,22700.0,6800,small_business,0,8,3,0.0726,0,0,0
CUST_104433,33,Working Age (25-55),Male,60600.0,7600,small_business,3,10,8,0.0974,0,0,0
CUST_104434,33,Working Age (25-55),Female,49000.0,21100,debt_consolidation,5,11,7,0.1315,0,0,0
CUST_104435,48,Working Age (25-55),Male,136300.0,27600,credit_card,0,17,4,0.1144,0,0,0
CUST_104436,54,Working Age (25-55),Female,90200.0,11300,credit_card,2,17,4,0.2559,0,1,0
CUST_104437,36,Working Age (25-55),Female,38300.0,6100,debt_consolidation,13,16,4,0.0728,0,0,1
CUST_104438,35,Working Age (25-55),Female,66500.0,8900,debt_consolidation,2,7,9,0.3423,0,0,1
CUST_104439,46,Working Age (25-55),Female,59400.0,9700,medical,8,12,13,0.1313,0,0,0
CUST_104440,23,Young (<25),Female,69600.0,17100,credit_card,5,9,5,0.3557,0,0,1
CUST_104441,42,Working Age (25-55),Male,30900.0,11100,major_purchase,18,11,9,0.1676,0,0,0
CUST_104442,46,Working Age (25-55),Male,66000.0,12900,credit_card,11,12,7,0.1286,0,0,0
CUST_104443,48,Working Age (25-55),Female,47800.0,12100,debt_consolidation,1,17,4,0.0511,0,0,0
CUST_104444,19,Young (<25),Male,63300.0,26900,debt_consolidation,1,3,6,0.1102,0,0,0
CUST_104445,30,Working Age (25-55),Male,36400.0,7400,home_improvement,8,10,9,0.2439,0,0,0
CUST_104446,29,Working Age (25-55),Male,39300.0,14900,credit_card,9,8,5,0.1985,0,0,0
CUST_104447,41,Working Age (25-55),Male,103300.0,16000,debt_consolidation,0,11,8,0.0481,0,0,0
CUST_104448,45,Working Age (25-55),Male,30400.0,4900,credit_card,15,9,11,0.3968,0,1,1
CUST_104449,57,Senior (>55),Female,31600.0,8200,home_improvement,7,20,8,0.3307,0,0,1
CUST_104450,34,Working Age (25-55),Female,52700.0,9600,home_improvement,7,8,8,0.2987,0,0,0
CUST_104451,34,Working Age (25-55),Female,35400.0,14700,debt_consolidation,0,11,8,0.1159,0,0,0
CUST_104452,53,Working Age (25-55),Male,33300.0,3900,debt_consolidation,1,17,3,0.1672,0,1,0
CUST_104453,43,Working Age (25-55),Female,57400.0,17700,medical,16,14,7,0.1789,1,0,0
CUST_104454,55,Working Age (25-55),Male,23700.0,7400,small_business,3,18,4,0.122,0,0,0
CUST_104455,43,Working Age (25-55),Female,31100.0,3800,debt_consolidation,2,15,8,0.1915,1,0,1
CUST_104456,26,Working Age (25-55),Male,167700.0,50000,small_business,8,6,4,0.1525,0,0,0
CUST_104457,24,Young (<25),Female,69800.0,18400,debt_consolidation,0,12,8,0.178,0,0,0
CUST_104458,21,Young (<25),Female,35900.0,12700,debt_consolidation,2,1,11,0.3245,0,0,1
CUST_104459,47,Working Age (25-55),Female,68200.0,26600,debt_consolidation,2,15,6,0.3207,0,0,1
CUST_104460,54,Working Age (25-55),Female,74000.0,15800,debt_consolidation,2,21,4,0.2926,0,0,0
CUST_104461,62,Senior (>55),Female,93600.0,25200,small_business,1,23,10,0.5309,1,0,1
CUST_104462,50,Working Age (25-55),Male,50500.0,9700,credit_card,1,14,7,0.3735,1,0,1
CUST_104463,53,Working Age (25-55),Female,92700.0,15800,debt_consolidation,0,16,5,0.1987,0,0,0
CUST_104464,33,Working Age (25-55),Female,18000.0,2000,small_business,5,8,8,0.1957,0,3,0
CUST_104465,26,Working Age (25-55),Male,30300.0,13200,home_improvement,8,10,9,0.0401,0,0,0
CUST_104466,50,Working Age (25-55),Female,59300.0,15100,debt_consolidation,3,15,8,0.3502,0,0,1
CUST_104467,45,Working Age (25-55),Male,64900.0,6800,credit_card,1,16,12,0.19,0,0,0
CUST_104468,41,Working Age (25-55),Male,32800.0,3400,home_improvement,0,15,9,0.2797,0,0,0
CUST_104469,44,Working Age (25-55),Female,62500.0,12600,home_improvement,8,22,7,0.3372,0,1,0
CUST_104470,43,Working Age (25-55),Female,38400.0,4000,home_improvement,17,15,2,0.0451,0,0,0
CUST_104471,55,Working Age (25-55),Female,46500.0,10700,debt_consolidation,2,16,5,0.2499,0,0,0
CUST_104472,55,Working Age (25-55),Male,95200.0,11600,debt_consolidation,1,14,10,0.1717,0,1,0
CUST_104473,46,Working Age (25-55),Male,89300.0,10200,small_business,4,15,2,0.3255,0,0,0
CUST_104474,50,Working Age (25-55),Male,31300.0,10500,small_business,7,17,5,0.1942,0,0,0
CUST_104475,46,Working Age (25-55),Male,30300.0,12600,debt_consolidation,3,9,4,0.1428,0,0,0
CUST_104476,34,Working Age (25-55),Female,43200.0,10500,debt_consolidation,4,9,10,0.3879,0,0,1
CUST_104477,49,Working Age (25-55),Male,53400.0,21000,small_business,6,18,6,0.3679,0,1,1
CUST_104478,23,Young (<25),Male,37700.0,4200,debt_consolidation,5,6,8,0.2143,0,0,0
CUST_104479,52,Working Age (25-55),Male,96000.0,35700,debt_consolidation,0,21,9,0.1901,0,0,0
CUST_104480,25,Working Age (25-55),Male,65600.0,8000,debt_consolidation,7,4,8,0.2655,0,0,1
CUST_104481,43,Working Age (25-55),Male,67700.0,26600,debt_consolidation,2,17,8,0.2704,0,0,0
CUST_104482,29,Working Age (25-55),Female,27000.0,11000,debt_consolidation,6,12,6,0.3197,0,2,0
CUST_104483,46,Working Age (25-55),Female,103000.0,38600,credit_card,4,18,7,0.208,0,0,0
CUST_104484,39,Working Age (25-55),Male,18000.0,7000,debt_consolidation,3,8,5,0.1584,0,0,1
CUST_104485,20,Young (<25),Female,85700.0,25400,medical,2,7,4,0.0547,1,1,1
CUST_104486,45,Working Age (25-55),Male,90600.0,17500,major_purchase,2,13,8,0.1762,0,0,0
CUST_104487,33,Working Age (25-55),Female,42700.0,13900,major_purchase,0,7,7,0.2679,0,0,1
CUST_104488,50,Working Age (25-55),Male,109100.0,27700,small_business,3,16,5,0.3068,0,1,0
CUST_104489,40,Working Age (25-55),Male,52300.0,5300,credit_card,3,11,9,0.3508,0,1,1
CUST_104490,44,Working Age (25-55),Female,56100.0,15000,debt_consolidation,1,18,9,0.1957,0,1,0
CUST_104491,28,Working Age (25-55),Male,65300.0,21400,debt_consolidation,10,11,10,0.1381,0,1,0
CUST_104492,32,Working Age (25-55),Male,260000.0,27300,debt_consolidation,1,7,6,0.1979,0,0,0
CUST_104493,34,Working Age (25-55),Male,113500.0,36000,debt_consolidation,2,9,10,0.2519,0,0,0
CUST_104494,50,Working Age (25-55),Female,79700.0,26200,credit_card,0,16,5,0.2792,0,2,1
CUST_104495,60,Senior (>55),Female,32800.0,5100,medical,3,20,7,0.0923,0,0,0
CUST_104496,30,Working Age (25-55),Female,58600.0,14700,debt_consolidation,1,13,9,0.1168,0,3,0
CUST_104497,52,Working Age (25-55),Female,34600.0,15100,credit_card,3,20,10,0.1286,1,0,0
CUST_104498,19,Young (<25),Male,85100.0,34800,credit_card,1,6,8,0.1553,0,0,0
CUST_104499,25,Working Age (25-55),Male,58500.0,14300,debt_consolidation,0,7,9,0.215,0,0,0
CUST_104500,28,Working Age (25-55),Male,29200.0,6500,major_purchase,7,4,3,0.4408,0,3,1
CUST_104501,23,Young (<25),Male,56600.0,8100,credit_card,5,11,8,0.4921,0,0,0
CUST_104502,20,Young (<25),Male,34000.0,3800,debt_consolidation,2,5,7,0.078,0,0,0
CUST_104503,44,Working Age (25-55),Female,58900.0,12000,major_purchase,0,20,11,0.4396,0,1,1
CUST_104504,37,Working Age (25-55),Male,33800.0,14500,credit_card,10,13,6,0.1964,0,0,0
CUST_104505,44,Working Age (25-55),Female,55000.0,24000,credit_card,0,21,7,0.2235,0,1,1
CUST_104506,48,Working Age (25-55),Male,81900.0,31500,credit_card,13,18,6,0.4032,0,0,1
CUST_104507,43,Working Age (25-55),Female,52600.0,11700,home_improvement,3,10,7,0.1343,0,2,0
CUST_104508,47,Working Age (25-55),Female,43700.0,6600,debt_consolidation,2,14,8,0.2173,0,0,0
CUST_104509,39,Working Age (25-55),Male,60600.0,18700,small_business,6,13,7,0.3227,0,3,1
CUST_104510,25,Working Age (25-55),Male,79500.0,25900,major_purchase,7,6,5,0.2043,0,0,0
CUST_104511,52,Working Age (25-55),Male,29500.0,7300,credit_card,2,17,6,0.3934,0,0,1
CUST_104512,32,Working Age (25-55),Male,62500.0,21400,credit_card,2,7,10,0.1765,0,0,0
CUST_104513,28,Working Age (25-55),Female,111800.0,40400,small_business,2,9,5,0.3473,0,0,1
CUST_104514,37,Working Age (25-55),Male,74300.0,27800,debt_consolidation,12,13,10,0.2484,0,0,0
CUST_104515,29,Working Age (25-55),Female,55900.0,15400,medical,5,7,9,0.1435,0,0,0
CUST_104516,34,Working Age (25-55),Male,77000.0,29000,credit_card,1,17,6,0.1317,0,0,0
CUST_104517,44,Working Age (25-55),Male,69500.0,7600,debt_consolidation,1,15,4,0.131,0,1,0
CUST_104518,44,Working Age (25-55),Female,82000.0,27700,credit_card,1,12,8,0.5458,0,2,1
CUST_104519,29,Working Age (25-55),Male,18000.0,3300,credit_card,1,5,3,0.0759,0,0,0
CUST_104520,34,Working Age (25-55),Male,23100.0,4500,debt_consolidation,1,12,9,0.0625,0,0,0
CUST_104521,52,Working Age (25-55),Female,94200.0,12400,home_improvement,5,17,5,0.2605,0,1,0
CUST_104522,45,Working Age (25-55),Male,23700.0,4000,credit_card,0,18,10,0.4282,0,0,1
CUST_104523,64,Senior (>55),Male,67600.0,30200,home_improvement,2,21,6,0.349,0,0,1
CUST_104524,54,Working Age (25-55),Male,44600.0,10900,debt_consolidation,4,15,11,0.2694,0,0,0
CUST_104525,53,Working Age (25-55),Female,31300.0,13300,credit_card,1,23,5,0.1911,1,0,1
CUST_104526,23,Young (<25),Female,65700.0,10300,home_improvement,0,9,6,0.0756,0,0,0
CUST_104527,49,Working Age (25-55),Male,60500.0,10400,medical,0,16,8,0.125,0,0,0
CUST_104528,39,Working Age (25-55),Female,172900.0,50000,small_business,0,14,8,0.2465,0,2,0
CUST_104529,33,Working Age (25-55),Male,38400.0,8500,small_business,9,12,5,0.3027,0,1,1
CUST_104530,42,Working Age (25-55),Female,119600.0,38900,debt_consolidation,5,10,10,0.1847,0,0,0
CUST_104531,51,Working Age (25-55),Male,65800.0,16300,small_business,0,18,6,0.197,0,0,0
CUST_104532,46,Working Age (25-55),Male,37700.0,14500,debt_consolidation,2,14,4,0.5306,0,1,1
CUST_104533,29,Working Age (25-55),Female,84100.0,21100,debt_consolidation,1,11,11,0.182,1,0,1
CUST_104534,48,Working Age (25-55),Female,74000.0,22200,debt_consolidation,4,14,8,0.208,0,1,0
CUST_104535,32,Working Age (25-55),Male,55300.0,11700,small_business,3,9,7,0.381,0,0,1
CUST_104536,42,Working Age (25-55),Male,62700.0,21700,debt_consolidation,3,19,10,0.1689,0,0,0
CUST_104537,36,Working Age (25-55),Female,39000.0,12800,debt_consolidation,1,16,5,0.2027,1,0,1
CUST_104538,37,Working Age (25-55),Male,34400.0,8200,debt_consolidation,0,3,8,0.0989,0,1,0
CUST_104539,49,Working Age (25-55),Female,82300.0,16200,credit_card,6,20,5,0.1431,0,0,0
CUST_104540,27,Working Age (25-55),Female,47900.0,15100,small_business,9,9,12,0.182,0,0,0
CUST_104541,63,Senior (>55),Male,51800.0,22300,debt_consolidation,14,19,5,0.0828,0,0,0
CUST_104542,19,Young (<25),Female,63200.0,9300,credit_card,0,3,7,0.3601,1,1,1
CUST_104543,32,Working Age (25-55),Male,62700.0,23800,debt_consolidation,6,8,6,0.2114,0,0,0
CUST_104544,44,Working Age (25-55),Female,24700.0,7200,debt_consolidation,6,13,7,0.4876,0,0,1
CUST_104545,47,Working Age (25-55),Female,109900.0,31200,debt_consolidation,14,13,8,0.2126,1,0,0
CUST_104546,38,Working Age (25-55),Female,57900.0,25300,debt_consolidation,1,9,3,0.04,1,0,1
CUST_104547,39,Working Age (25-55),Male,48500.0,15100,credit_card,6,10,5,0.2902,0,0,0
CUST_104548,44,Working Age (25-55),Male,68700.0,26800,debt_consolidation,0,16,4,0.171,0,1,0
CUST_104549,37,Working Age (25-55),Male,61700.0,17300,small_business,4,13,6,0.3401,0,0,1
CUST_104550,56,Senior (>55),Female,82600.0,15500,medical,2,21,5,0.305,0,2,0
CUST_104551,50,Working Age (25-55),Female,72800.0,25000,debt_consolidation,7,17,12,0.2451,0,0,0
CUST_104552,50,Working Age (25-55),Male,80400.0,34000,debt_consolidation,9,13,8,0.1238,0,0,0
CUST_104553,28,Working Age (25-55),Female,113900.0,44900,home_improvement,2,11,8,0.2893,0,0,0
CUST_104554,39,Working Age (25-55),Male,88100.0,14900,debt_consolidation,3,10,5,0.2159,0,0,0
CUST_104555,36,Working Age (25-55),Female,49600.0,10500,debt_consolidation,0,14,8,0.2872,0,0,0
CUST_104556,27,Working Age (25-55),Male,29200.0,8200,debt_consolidation,2,5,5,0.1215,0,0,0
CUST_104557,44,Working Age (25-55),Female,135600.0,40700,major_purchase,2,13,8,0.3009,1,0,1
CUST_104558,33,Working Age (25-55),Male,47500.0,8000,credit_card,1,10,2,0.2316,1,0,1
CUST_104559,47,Working Age (25-55),Female,41800.0,7500,debt_consolidation,11,18,11,0.206,1,0,0
CUST_104560,27,Working Age (25-55),Female,20800.0,7600,debt_consolidation,0,9,7,0.0673,0,0,0
CUST_104561,60,Senior (>55),Female,65300.0,23200,debt_consolidation,5,21,4,0.129,0,0,0
CUST_104562,29,Working Age (25-55),Female,58800.0,23200,debt_consolidation,11,15,11,0.2827,0,0,0
CUST_104563,42,Working Age (25-55),Female,23500.0,10000,credit_card,12,9,5,0.1247,1,0,0
CUST_104564,49,Working Age (25-55),Male,69500.0,14400,small_business,7,14,7,0.254,0,0,1
CUST_104565,33,Working Age (25-55),Male,41200.0,16500,debt_consolidation,0,8,7,0.1063,0,0,0
CUST_104566,50,Working Age (25-55),Male,237900.0,50000,debt_consolidation,8,12,12,0.3345,0,3,0
CUST_104567,25,Working Age (25-55),Male,39600.0,17200,debt_consolidation,1,6,3,0.2608,0,0,1
CUST_104568,57,Senior (>55),Male,42600.0,8300,debt_consolidation,12,22,9,0.3178,0,2,0
CUST_104569,40,Working Age (25-55),Female,33500.0,6500,major_purchase,6,12,6,0.13,0,0,0
CUST_104570,32,Working Age (25-55),Female,109400.0,37900,debt_consolidation,7,10,3,0.2788,0,0,0
CUST_104571,36,Working Age (25-55),Female,44100.0,18700,debt_consolidation,0,7,7,0.1753,0,0,0
CUST_104572,49,Working Age (25-55),Male,36400.0,14100,debt_consolidation,4,14,8,0.2367,0,2,1
CUST_104573,32,Working Age (25-55),Female,79900.0,28300,credit_card,8,9,9,0.1153,1,0,0
CUST_104574,31,Working Age (25-55),Female,25400.0,6000,major_purchase,9,12,6,0.4283,0,0,1
CUST_104575,37,Working Age (25-55),Male,76400.0,26800,debt_consolidation,0,7,10,0.3667,1,0,1
CUST_104576,25,Working Age (25-55),Female,144300.0,50000,debt_consolidation,7,7,8,0.04,1,1,1
CUST_104577,61,Senior (>55),Male,74000.0,26900,debt_consolidation,0,24,5,0.2098,1,0,1
CUST_104578,33,Working Age (25-55),Male,76900.0,25900,home_improvement,4,10,6,0.1671,0,1,0
CUST_104579,49,Working Age (25-55),Female,87400.0,10200,credit_card,5,10,14,0.1621,0,0,1
CUST_104580,42,Working Age (25-55),Female,138700.0,45900,credit_card,0,18,6,0.3612,0,0,1
CUST_104581,28,Working Age (25-55),Male,105400.0,28200,credit_card,0,12,4,0.2089,0,3,0
CUST_104582,39,Working Age (25-55),Male,69000.0,30100,major_purchase,7,16,5,0.3412,1,0,1
CUST_104583,49,Working Age (25-55),Female,89100.0,27800,debt_consolidation,2,11,8,0.0949,0,0,0
CUST_104584,37,Working Age (25-55),Male,33300.0,10400,credit_card,0,17,7,0.2823,0,0,0
CUST_104585,54,Working Age (25-55),Male,83000.0,37200,credit_card,7,16,4,0.1102,0,0,0
CUST_104586,52,Working Age (25-55),Female,31200.0,4100,credit_card,9,16,8,0.2825,0,1,0
CUST_104587,51,Working Age (25-55),Female,44300.0,8700,debt_consolidation,4,15,5,0.3209,0,0,0
CUST_104588,34,Working Age (25-55),Male,18000.0,5900,debt_consolidation,0,14,10,0.124,0,0,0
CUST_104589,27,Working Age (25-55),Female,67600.0,14200,debt_consolidation,0,8,8,0.2437,0,0,0
CUST_104590,32,Working Age (25-55),Male,38000.0,8400,debt_consolidation,6,12,8,0.2593,0,0,0
CUST_104591,42,Working Age (25-55),Female,99800.0,41200,credit_card,3,14,2,0.4321,1,0,1
CUST_104592,46,Working Age (25-55),Male,67100.0,20300,debt_consolidation,5,15,7,0.1953,0,0,0
CUST_104593,19,Young (<25),Male,100500.0,13700,credit_card,1,3,5,0.16,0,0,0
CUST_104594,39,Working Age (25-55),Male,29900.0,6200,small_business,2,19,2,0.1823,0,0,0
CUST_104595,41,Working Age (25-55),Female,95900.0,12100,debt_consolidation,0,9,9,0.298,0,0,0
CUST_104596,36,Working Age (25-55),Female,172500.0,50000,debt_consolidation,14,13,9,0.1393,0,0,0
CUST_104597,55,Working Age (25-55),Male,82500.0,13300,small_business,3,20,8,0.2303,0,2,0
CUST_104598,45,Working Age (25-55),Female,83700.0,33500,credit_card,4,19,7,0.3082,0,0,1
CUST_104599,55,Working Age (25-55),Female,59500.0,18000,debt_consolidation,13,23,11,0.265,0,0,0
CUST_104600,37,Working Age (25-55),Male,40600.0,4900,debt_consolidation,13,12,4,0.1748,0,1,0
CUST_104601,51,Working Age (25-55),Female,82300.0,16900,credit_card,4,19,12,0.0858,0,0,0
CUST_104602,59,Senior (>55),Female,23700.0,7500,credit_card,1,25,8,0.3904,0,0,1
CUST_104603,55,Working Age (25-55),Female,43100.0,9400,credit_card,29,19,4,0.1571,0,0,0
CUST_104604,26,Working Age (25-55),Male,20500.0,5700,credit_card,5,5,8,0.2017,0,1,1
CUST_104605,36,Working Age (25-55),Male,36800.0,15400,home_improvement,2,11,8,0.2788,0,3,1
CUST_104606,35,Working Age (25-55),Female,77100.0,17200,debt_consolidation,4,8,10,0.3863,0,0,1
CUST_104607,45,Working Age (25-55),Female,71500.0,15600,home_improvement,2,16,7,0.0865,0,0,0
CUST_104608,48,Working Age (25-55),Female,55700.0,21600,medical,10,19,7,0.218,0,1,1
CUST_104609,29,Working Age (25-55),Male,59500.0,12600,debt_consolidation,3,9,7,0.3511,0,1,1
CUST_104610,40,Working Age (25-55),Female,19200.0,2400,home_improvement,8,9,7,0.2081,0,1,0
CUST_104611,19,Young (<25),Male,44100.0,7200,debt_consolidation,1,9,5,0.2694,1,0,1
CUST_104612,57,Senior (>55),Female,37200.0,16100,debt_consolidation,8,14,7,0.3065,0,0,1
CUST_104613,33,Working Age (25-55),Male,37700.0,16100,major_purchase,6,6,7,0.3706,0,0,1
CUST_104614,40,Working Age (25-55),Female,75300.0,13500,debt_consolidation,9,13,3,0.0707,0,0,0
CUST_104615,36,Working Age (25-55),Male,33700.0,9900,debt_consolidation,2,13,6,0.1035,1,0,0
CUST_104616,53,Working Age (25-55),Female,38800.0,5700,credit_card,0,19,3,0.1992,1,0,1
CUST_104617,19,Young (<25),Female,18000.0,6000,debt_consolidation,1,6,11,0.2133,0,1,1
CUST_104618,39,Working Age (25-55),Male,46100.0,7600,credit_card,3,18,6,0.1015,0,1,0
CUST_104619,38,Working Age (25-55),Male,29800.0,3500,debt_consolidation,0,13,2,0.2233,0,2,1
CUST_104620,34,Working Age (25-55),Female,56600.0,22000,debt_consolidation,0,15,8,0.0565,0,0,0
CUST_104621,60,Senior (>55),Male,32100.0,6900,debt_consolidation,0,23,7,0.0864,0,0,0
CUST_104622,29,Working Age (25-55),Male,57400.0,7900,credit_card,6,6,7,0.3988,1,0,1
CUST_104623,49,Working Age (25-55),Male,50000.0,19600,credit_card,6,16,12,0.0784,0,0,0
CUST_104624,44,Working Age (25-55),Female,135900.0,49900,credit_card,1,21,8,0.1458,0,0,0
CUST_104625,55,Working Age (25-55),Male,71200.0,24200,credit_card,9,17,7,0.2181,0,0,0
CUST_104626,31,Working Age (25-55),Male,19700.0,8300,debt_consolidation,1,8,6,0.2353,0,0,1
CUST_104627,31,Working Age (25-55),Female,27000.0,7300,home_improvement,7,11,10,0.1761,0,0,0
CUST_104628,53,Working Age (25-55),Male,55800.0,8100,debt_consolidation,3,17,12,0.3705,1,0,1
CUST_104629,45,Working Age (25-55),Female,32500.0,3900,debt_consolidation,6,13,7,0.0443,0,0,0
CUST_104630,21,Young (<25),Female,18000.0,3800,home_improvement,2,5,12,0.2484,0,0,1
CUST_104631,33,Working Age (25-55),Male,113800.0,14800,debt_consolidation,2,15,4,0.1988,0,1,0
CUST_104632,44,Working Age (25-55),Male,80500.0,23100,credit_card,9,14,6,0.0859,0,2,0
CUST_104633,50,Working Age (25-55),Female,72200.0,7600,debt_consolidation,0,13,7,0.2818,1,1,1
CUST_104634,31,Working Age (25-55),Female,38800.0,9900,credit_card,13,6,6,0.2345,1,0,1
CUST_104635,19,Young (<25),Male,68500.0,11100,debt_consolidation,1,13,6,0.0654,0,0,0
CUST_104636,46,Working Age (25-55),Female,36800.0,8400,medical,2,15,6,0.1903,0,0,0
CUST_104637,25,Working Age (25-55),Male,60600.0,20400,debt_consolidation,4,10,7,0.3486,0,0,1
CUST_104638,19,Young (<25),Male,32700.0,7300,credit_card,0,4,13,0.3439,0,0,1
CUST_104639,19,Young (<25),Female,124700.0,27400,small_business,1,7,11,0.1331,0,1,0
CUST_104640,49,Working Age (25-55),Male,22800.0,10200,credit_card,21,21,5,0.1237,0,0,0
CUST_104641,41,Working Age (25-55),Male,106700.0,37500,credit_card,1,12,8,0.3017,0,2,1
CUST_104642,37,Working Age (25-55),Female,55300.0,15500,credit_card,6,14,12,0.5373,1,0,1
CUST_104643,56,Senior (>55),Male,41400.0,12500,credit_card,2,15,7,0.3069,0,0,1
CUST_104644,47,Working Age (25-55),Male,59400.0,18800,home_improvement,5,22,3,0.2284,0,0,0
CUST_104645,59,Senior (>55),Male,81100.0,8800,debt_consolidation,1,21,5,0.2855,0,1,0
CUST_104646,23,Young (<25),Male,114900.0,14700,small_business,3,6,9,0.2808,0,0,0
CUST_104647,39,Working Age (25-55),Female,64400.0,21100,credit_card,19,12,3,0.0847,0,0,0
CUST_104648,20,Young (<25),Female,33200.0,7600,small_business,1,5,3,0.3738,0,0,1
CUST_104649,37,Working Age (25-55),Female,55900.0,6700,debt_consolidation,5,11,8,0.2549,0,0,0
CUST_104650,37,Working Age (25-55),Female,147200.0,30000,small_business,4,5,8,0.354,0,0,0
CUST_104651,47,Working Age (25-55),Female,113700.0,16600,debt_consolidation,4,16,7,0.3401,0,0,1
CUST_104652,40,Working Age (25-55),Male,89300.0,37600,home_improvement,4,13,8,0.3305,0,0,1
CUST_104653,47,Working Age (25-55),Male,83900.0,14300,debt_consolidation,3,17,4,0.4955,0,0,1
CUST_104654,48,Working Age (25-55),Male,79600.0,12000,credit_card,0,15,12,0.1445,1,0,1
CUST_104655,65,Senior (>55),Male,102500.0,32700,credit_card,11,20,6,0.0515,0,1,0
CUST_104656,36,Working Age (25-55),Male,42100.0,11900,debt_consolidation,8,12,5,0.1793,0,0,0
CUST_104657,28,Working Age (25-55),Male,25700.0,7800,credit_card,0,4,4,0.1313,0,0,0
CUST_104658,42,Working Age (25-55),Male,56300.0,14200,debt_consolidation,2,15,5,0.4559,0,0,0
CUST_104659,30,Working Age (25-55),Female,34600.0,9100,credit_card,7,4,5,0.04,0,0,0
CUST_104660,57,Senior (>55),Male,30300.0,11300,home_improvement,19,23,2,0.2459,0,0,0
CUST_104661,36,Working Age (25-55),Male,36500.0,6500,debt_consolidation,15,14,7,0.2495,0,2,0
CUST_104662,33,Working Age (25-55),Female,212500.0,50000,credit_card,11,8,7,0.0974,0,0,0
CUST_104663,34,Working Age (25-55),Male,58400.0,25400,credit_card,0,13,10,0.2707,1,0,1
CUST_104664,48,Working Age (25-55),Male,66100.0,11000,debt_consolidation,12,17,7,0.4569,0,0,0
CUST_104665,38,Working Age (25-55),Female,27700.0,5600,major_purchase,10,10,8,0.3586,0,0,1
CUST_104666,32,Working Age (25-55),Male,19700.0,3300,credit_card,2,5,4,0.1197,1,0,1
CUST_104667,59,Senior (>55),Female,34500.0,3700,debt_consolidation,2,21,8,0.0587,0,0,0
CUST_104668,29,Working Age (25-55),Female,119500.0,23200,debt_consolidation,3,7,4,0.0743,0,0,0
CUST_104669,40,Working Age (25-55),Male,65100.0,7600,credit_card,5,17,3,0.2843,0,0,0
CUST_104670,47,Working Age (25-55),Male,75300.0,11600,debt_consolidation,1,16,8,0.1453,0,0,0
CUST_104671,20,Young (<25),Male,81300.0,18400,debt_consolidation,0,4,4,0.3401,0,0,1
CUST_104672,45,Working Age (25-55),Male,39100.0,4200,debt_consolidation,0,21,5,0.0743,0,0,0
CUST_104673,27,Working Age (25-55),Female,116200.0,42200,credit_card,2,11,7,0.0841,0,1,0
CUST_104674,49,Working Age (25-55),Male,38300.0,14500,credit_card,1,6,9,0.2219,1,0,1
CUST_104675,28,Working Age (25-55),Male,117400.0,28600,debt_consolidation,7,8,4,0.254,0,1,0
CUST_104676,48,Working Age (25-55),Male,69100.0,30700,credit_card,0,12,7,0.1589,0,0,0
CUST_104677,53,Working Age (25-55),Female,20300.0,6900,major_purchase,12,16,4,0.0471,0,0,0
CUST_104678,50,Working Age (25-55),Male,35900.0,12900,medical,11,17,8,0.3744,0,0,0
CUST_104679,43,Working Age (25-55),Male,20300.0,3400,small_business,11,16,9,0.4362,0,0,1
CUST_104680,37,Working Age (25-55),Male,102700.0,40400,home_improvement,6,13,7,0.1137,1,2,1
CUST_104681,33,Working Age (25-55),Male,53400.0,23000,debt_consolidation,0,14,3,0.3227,0,0,1
CUST_104682,57,Senior (>55),Female,18000.0,3300,debt_consolidation,2,21,9,0.2219,0,0,1
CUST_104683,31,Working Age (25-55),Male,66600.0,22700,debt_consolidation,0,12,6,0.0936,0,0,0
CUST_104684,27,Working Age (25-55),Male,40300.0,14600,credit_card,9,10,5,0.18,0,2,0
CUST_104685,47,Working Age (25-55),Female,24000.0,5000,small_business,2,20,3,0.4499,0,0,1
CUST_104686,30,Working Age (25-55),Male,136300.0,36300,debt_consolidation,4,9,6,0.3373,0,0,0
CUST_104687,28,Working Age (25-55),Male,57500.0,7700,credit_card,7,8,10,0.1129,1,0,0
CUST_104688,22,Young (<25),Female,46100.0,7400,credit_card,4,1,7,0.1075,0,1,0
CUST_104689,34,Working Age (25-55),Male,43500.0,5300,debt_consolidation,7,15,4,0.1645,0,1,0
CUST_104690,39,Working Age (25-55),Female,23600.0,7000,credit_card,5,13,7,0.3945,0,0,1
CUST_104691,42,Working Age (25-55),Female,26400.0,8400,debt_consolidation,3,23,9,0.239,0,0,0
CUST_104692,51,Working Age (25-55),Male,109800.0,46200,medical,4,16,9,0.3766,1,0,1
CUST_104693,46,Working Age (25-55),Female,41700.0,12100,credit_card,0,16,9,0.1336,0,0,0
CUST_104694,37,Working Age (25-55),Female,54800.0,10500,credit_card,10,14,2,0.1092,0,2,0
CUST_104695,37,Working Age (25-55),Female,18000.0,2200,debt_consolidation,3,9,6,0.0729,0,0,0
CUST_104696,46,Working Age (25-55),Female,26200.0,10700,credit_card,0,17,8,0.425,0,0,1
CUST_104697,55,Working Age (25-55),Male,75800.0,20300,debt_consolidation,12,19,3,0.2125,0,0,0
CUST_104698,41,Working Age (25-55),Male,66700.0,23900,debt_consolidation,3,13,9,0.0608,0,0,0
CUST_104699,34,Working Age (25-55),Male,142100.0,14900,debt_consolidation,10,15,2,0.1667,1,2,0
CUST_104700,28,Working Age (25-55),Male,113400.0,30700,debt_consolidation,9,7,10,0.2633,0,0,0
CUST_104701,22,Young (<25),Female,47700.0,10200,credit_card,4,8,9,0.2386,0,0,0
CUST_104702,47,Working Age (25-55),Male,70300.0,7800,debt_consolidation,0,20,9,0.3976,1,0,1
CUST_104703,46,Working Age (25-55),Male,45500.0,16900,small_business,1,13,5,0.3412,0,0,1
CUST_104704,46,Working Age (25-55),Male,167700.0,46900,debt_consolidation,10,15,5,0.1314,0,0,0
CUST_104705,38,Working Age (25-55),Male,101900.0,22100,debt_consolidation,11,20,10,0.18,0,0,0
CUST_104706,56,Senior (>55),Male,59500.0,22700,small_business,3,21,10,0.1099,0,0,0
CUST_104707,34,Working Age (25-55),Male,60500.0,15500,debt_consolidation,2,10,5,0.2495,0,0,0
CUST_104708,51,Working Age (25-55),Female,119900.0,12100,debt_consolidation,0,20,6,0.1277,0,0,0
CUST_104709,39,Working Age (25-55),Male,74500.0,32100,debt_consolidation,17,11,6,0.2762,0,0,1
CUST_104710,32,Working Age (25-55),Female,127700.0,24200,small_business,1,6,8,0.2424,0,0,0
CUST_104711,47,Working Age (25-55),Female,18000.0,7000,home_improvement,1,20,9,0.1411,0,0,0
CUST_104712,44,Working Age (25-55),Female,69800.0,26900,debt_consolidation,5,12,5,0.5359,0,0,1
CUST_104713,44,Working Age (25-55),Female,40800.0,6400,credit_card,1,22,12,0.3984,0,0,1
CUST_104714,40,Working Age (25-55),Female,142300.0,37800,credit_card,13,12,7,0.599,1,1,1
CUST_104715,39,Working Age (25-55),Female,126800.0,14500,major_purchase,0,20,10,0.2632,0,0,0
CUST_104716,68,Senior (>55),Male,55200.0,12400,debt_consolidation,0,19,7,0.3318,0,1,1
CUST_104717,54,Working Age (25-55),Male,126100.0,44900,home_improvement,3,21,7,0.2281,0,0,0
CUST_104718,48,Working Age (25-55),Male,144500.0,26400,debt_consolidation,3,18,6,0.1782,0,1,0
CUST_104719,41,Working Age (25-55),Female,56400.0,8000,debt_consolidation,0,16,9,0.4125,0,1,1
CUST_104720,52,Working Age (25-55),Male,211000.0,50000,debt_consolidation,3,21,6,0.2057,0,0,0
CUST_104721,46,Working Age (25-55),Male,53300.0,15300,home_improvement,2,14,6,0.2954,0,0,0
CUST_104722,40,Working Age (25-55),Female,48100.0,16200,credit_card,11,10,6,0.1648,1,0,1
CUST_104723,36,Working Age (25-55),Male,87200.0,31900,credit_card,0,12,5,0.087,0,1,0
CUST_104724,39,Working Age (25-55),Male,44600.0,15300,credit_card,18,14,5,0.5277,0,0,1
CUST_104725,19,Young (<25),Female,56800.0,22500,credit_card,1,5,4,0.282,0,0,1
CUST_104726,42,Working Age (25-55),Male,117600.0,20900,home_improvement,0,15,9,0.1005,0,0,0
CUST_104727,34,Working Age (25-55),Male,54800.0,16400,debt_consolidation,0,12,6,0.1495,0,2,0
CUST_104728,59,Senior (>55),Female,21300.0,4800,debt_consolidation,3,17,3,0.2198,0,0,0
CUST_104729,40,Working Age (25-55),Female,66300.0,29000,debt_consolidation,1,15,6,0.2184,0,0,0
CUST_104730,25,Working Age (25-55),Female,36900.0,9400,debt_consolidation,1,7,9,0.3059,1,1,1
CUST_104731,39,Working Age (25-55),Female,87200.0,38000,home_improvement,1,11,5,0.235,0,0,1
CUST_104732,27,Working Age (25-55),Male,79500.0,29300,credit_card,5,11,4,0.1256,0,0,0
CUST_104733,45,Working Age (25-55),Male,121700.0,42800,home_improvement,4,13,8,0.1886,0,0,0
CUST_104734,43,Working Age (25-55),Female,89200.0,24300,debt_consolidation,0,13,6,0.197,0,0,0
CUST_104735,51,Working Age (25-55),Male,98700.0,25200,credit_card,3,18,10,0.1651,0,3,0
CUST_104736,30,Working Age (25-55),Female,37500.0,10700,debt_consolidation,7,14,7,0.1663,0,0,0
CUST_104737,40,Working Age (25-55),Female,84300.0,17100,major_purchase,0,14,6,0.121,1,0,0
CUST_104738,23,Young (<25),Female,160000.0,50000,debt_consolidation,5,9,6,0.2758,0,0,0
CUST_104739,48,Working Age (25-55),Male,37100.0,14000,credit_card,4,15,9,0.2632,0,0,0
CUST_104740,46,Working Age (25-55),Female,145800.0,50000,home_improvement,15,15,10,0.084,0,0,0
CUST_104741,45,Working Age (25-55),Female,40000.0,10100,major_purchase,0,15,8,0.0623,0,0,0
CUST_104742,40,Working Age (25-55),Female,33900.0,4200,debt_consolidation,22,14,7,0.4408,0,0,0
CUST_104743,44,Working Age (25-55),Male,63800.0,21600,debt_consolidation,5,14,6,0.4411,1,0,1
CUST_104744,59,Senior (>55),Male,80300.0,18600,debt_consolidation,4,24,9,0.3179,0,1,0
CUST_104745,36,Working Age (25-55),Female,89500.0,36200,debt_consolidation,3,11,5,0.1436,0,2,0
CUST_104746,41,Working Age (25-55),Female,31900.0,11900,credit_card,0,9,11,0.2959,0,0,1
CUST_104747,26,Working Age (25-55),Male,68800.0,10400,major_purchase,8,17,11,0.1887,0,3,0
CUST_104748,29,Working Age (25-55),Male,37200.0,11600,debt_consolidation,5,9,5,0.3777,0,0,1
CUST_104749,41,Working Age (25-55),Female,23900.0,8200,credit_card,0,18,9,0.1355,0,0,0
CUST_104750,53,Working Age (25-55),Male,32500.0,9700,small_business,0,22,4,0.2876,0,0,0
CUST_104751,36,Working Age (25-55),Male,35800.0,10000,debt_consolidation,0,15,6,0.04,0,0,0
CUST_104752,37,Working Age (25-55),Female,72200.0,13000,credit_card,4,12,5,0.3771,1,0,1
CUST_104753,35,Working Age (25-55),Male,102100.0,18600,small_business,4,13,9,0.0643,0,0,1
CUST_104754,33,Working Age (25-55),Male,24100.0,8900,major_purchase,3,7,6,0.4809,0,2,1
CUST_104755,43,Working Age (25-55),Male,65700.0,7000,credit_card,1,21,2,0.1288,0,2,0
CUST_104756,22,Young (<25),Female,28400.0,10600,debt_consolidation,3,5,9,0.192,0,0,0
CUST_104757,55,Working Age (25-55),Female,76600.0,21800,debt_consolidation,3,18,4,0.36,0,0,1
CUST_104758,32,Working Age (25-55),Female,38500.0,16500,credit_card,0,11,5,0.0521,0,0,0
CUST_104759,48,Working Age (25-55),Female,30400.0,13700,debt_consolidation,1,16,1,0.0778,1,0,0
CUST_104760,24,Young (<25),Male,84100.0,27900,debt_consolidation,0,6,10,0.3613,0,0,1
CUST_104761,48,Working Age (25-55),Male,39200.0,9600,home_improvement,11,20,4,0.2294,0,0,0
CUST_104762,48,Working Age (25-55),Male,45500.0,12100,home_improvement,6,19,6,0.1967,0,0,0
CUST_104763,44,Working Age (25-55),Male,18000.0,3100,small_business,26,16,5,0.1749,0,0,0
CUST_104764,28,Working Age (25-55),Female,91200.0,12300,debt_consolidation,1,8,9,0.2776,0,0,0
CUST_104765,42,Working Age (25-55),Male,85100.0,25700,debt_consolidation,10,17,7,0.2259,0,0,0
CUST_104766,25,Working Age (25-55),Male,54300.0,20700,small_business,4,7,11,0.1691,0,0,0
CUST_104767,36,Working Age (25-55),Female,23400.0,4500,home_improvement,3,17,8,0.2428,1,0,1
CUST_104768,52,Working Age (25-55),Male,105400.0,26000,home_improvement,1,18,6,0.1565,0,0,0
CUST_104769,49,Working Age (25-55),Female,37600.0,11100,medical,6,20,6,0.1487,1,0,0
CUST_104770,40,Working Age (25-55),Male,42200.0,17600,small_business,11,13,7,0.2888,0,0,0
CUST_104771,28,Working Age (25-55),Male,193200.0,28700,credit_card,1,10,6,0.3611,0,0,0
CUST_104772,47,Working Age (25-55),Female,36800.0,6700,debt_consolidation,0,20,4,0.3254,0,0,1
CUST_104773,40,Working Age (25-55),Male,81500.0,34400,credit_card,5,20,5,0.1977,0,1,0
CUST_104774,19,Young (<25),Male,73800.0,8400,credit_card,1,11,7,0.1472,0,1,0
CUST_104775,49,Working Age (25-55),Female,67100.0,22100,debt_consolidation,6,19,8,0.2594,0,0,0
CUST_104776,39,Working Age (25-55),Female,63300.0,20500,home_improvement,1,15,8,0.1066,0,0,0
CUST_104777,54,Working Age (25-55),Female,66600.0,15600,debt_consolidation,2,17,10,0.0879,0,0,0
CUST_104778,26,Working Age (25-55),Male,62900.0,16600,home_improvement,2,9,7,0.0744,0,3,0
CUST_104779,19,Young (<25),Male,52700.0,21000,debt_consolidation,1,3,10,0.2677,0,0,1
CUST_104780,43,Working Age (25-55),Male,124400.0,19600,credit_card,7,16,6,0.1667,0,0,0
CUST_104781,43,Working Age (25-55),Male,26300.0,4800,small_business,4,16,8,0.1552,0,0,0
CUST_104782,19,Young (<25),Male,95000.0,26500,debt_consolidation,1,1,5,0.0933,0,0,0
CUST_104783,28,Working Age (25-55),Female,85200.0,20700,credit_card,10,9,8,0.2723,0,0,0
CUST_104784,73,Senior (>55),Male,79500.0,23900,debt_consolidation,5,26,10,0.0991,0,1,0
CUST_104785,36,Working Age (25-55),Female,100100.0,42300,small_business,17,12,6,0.1017,1,1,1
CUST_104786,48,Working Age (25-55),Female,51500.0,21700,small_business,4,17,3,0.1112,0,0,0
CUST_104787,32,Working Age (25-55),Male,19400.0,3500,major_purchase,8,7,10,0.2436,0,1,1
CUST_104788,19,Young (<25),Female,52100.0,10700,small_business,1,4,7,0.2619,0,0,1
CUST_104789,37,Working Age (25-55),Male,31400.0,4900,home_improvement,2,16,11,0.0794,0,0,0
CUST_104790,36,Working Age (25-55),Male,36200.0,15400,debt_consolidation,16,12,15,0.4365,1,0,1
CUST_104791,35,Working Age (25-55),Female,27400.0,6600,debt_consolidation,0,13,8,0.1977,0,3,1
CUST_104792,38,Working Age (25-55),Female,41700.0,10700,credit_card,7,11,14,0.3709,0,0,0
CUST_104793,43,Working Age (25-55),Male,39000.0,14900,credit_card,16,15,10,0.04,0,0,0
CUST_104794,38,Working Age (25-55),Male,18000.0,5000,home_improvement,2,6,4,0.0743,0,0,0
CUST_104795,24,Young (<25),Female,79600.0,11300,debt_consolidation,5,10,11,0.171,0,0,1
CUST_104796,45,Working Age (25-55),Female,183700.0,46500,debt_consolidation,4,21,9,0.2863,0,2,0
CUST_104797,19,Young (<25),Male,75600.0,24200,credit_card,1,3,8,0.2946,0,2,1
CUST_104798,19,Young (<25),Male,48500.0,17100,debt_consolidation,1,3,12,0.0812,0,0,0
CUST_104799,48,Working Age (25-55),Female,52600.0,17100,credit_card,4,18,7,0.3037,0,0,0
CUST_104800,46,Working Age (25-55),Female,43000.0,6100,credit_card,8,20,6,0.4325,0,0,0
CUST_104801,39,Working Age (25-55),Male,56900.0,11800,home_improvement,1,13,11,0.1726,0,0,0
CUST_104802,23,Young (<25),Male,53100.0,18900,debt_consolidation,1,4,5,0.1393,0,3,1
CUST_104803,31,Working Age (25-55),Male,34100.0,13900,medical,2,10,9,0.4314,0,0,1
CUST_104804,36,Working Age (25-55),Male,136700.0,15900,debt_consolidation,5,9,4,0.2766,0,0,0
CUST_104805,20,Young (<25),Male,23900.0,2700,debt_consolidation,1,4,7,0.2671,0,0,1
CUST_104806,31,Working Age (25-55),Female,80400.0,26100,credit_card,5,9,8,0.056,0,1,1
CUST_104807,47,Working Age (25-55),Male,51200.0,14900,debt_consolidation,2,13,7,0.0748,0,0,0
CUST_104808,57,Senior (>55),Female,154100.0,23800,debt_consolidation,7,17,9,0.3808,0,2,0
CUST_104809,34,Working Age (25-55),Male,65300.0,19100,debt_consolidation,0,12,8,0.04,0,0,0
CUST_104810,49,Working Age (25-55),Female,44400.0,19600,credit_card,5,17,7,0.2904,0,0,0
CUST_104811,19,Young (<25),Female,47300.0,15200,small_business,1,2,9,0.1002,0,0,0
CUST_104812,47,Working Age (25-55),Male,55400.0,14200,credit_card,14,17,4,0.4105,0,0,0
CUST_104813,30,Working Age (25-55),Male,28900.0,11300,credit_card,6,9,10,0.0695,1,0,0
CUST_104814,43,Working Age (25-55),Female,35500.0,6200,debt_consolidation,7,17,6,0.4226,0,1,1
CUST_104815,37,Working Age (25-55),Male,20300.0,5000,debt_consolidation,11,15,6,0.2847,0,0,0
CUST_104816,55,Working Age (25-55),Female,32600.0,9300,debt_consolidation,5,17,4,0.1261,0,0,0
CUST_104817,29,Working Age (25-55),Female,57000.0,15800,small_business,1,11,10,0.3121,0,0,1
CUST_104818,47,Working Age (25-55),Male,63900.0,27000,debt_consolidation,10,13,4,0.1446,0,2,0
CUST_104819,36,Working Age (25-55),Female,18200.0,3700,medical,6,16,9,0.2996,1,0,1
CUST_104820,38,Working Age (25-55),Male,50200.0,6000,debt_consolidation,2,10,5,0.0918,0,0,0
CUST_104821,37,Working Age (25-55),Female,73900.0,31100,credit_card,6,14,10,0.1684,1,0,1
CUST_104822,29,Working Age (25-55),Male,49500.0,8700,major_purchase,10,9,10,0.108,0,0,0
CUST_104823,39,Working Age (25-55),Male,38200.0,8900,debt_consolidation,18,10,8,0.1407,0,2,0
CUST_104824,39,Working Age (25-55),Female,43200.0,12300,home_improvement,15,16,8,0.1438,0,0,0
CUST_104825,42,Working Age (25-55),Female,40200.0,17800,debt_consolidation,1,12,7,0.1986,0,0,0
CUST_104826,41,Working Age (25-55),Male,38200.0,11000,debt_consolidation,2,9,6,0.1077,0,0,0
CUST_104827,49,Working Age (25-55),Male,59600.0,15300,debt_consolidation,0,8,6,0.0633,0,0,0
CUST_104828,51,Working Age (25-55),Female,192800.0,50000,small_business,1,15,5,0.3286,0,1,0
CUST_104829,27,Working Age (25-55),Male,36000.0,15800,debt_consolidation,9,13,5,0.3697,0,0,1
CUST_104830,50,Working Age (25-55),Female,45500.0,17600,debt_consolidation,2,21,8,0.202,0,0,0
CUST_104831,25,Working Age (25-55),Female,52700.0,8400,medical,4,6,6,0.2709,0,0,0
CUST_104832,47,Working Age (25-55),Male,37100.0,14100,debt_consolidation,5,15,7,0.3976,0,0,1
CUST_104833,47,Working Age (25-55),Female,99100.0,39100,debt_consolidation,7,15,9,0.1606,0,0,0
CUST_104834,19,Young (<25),Male,18000.0,6200,medical,1,2,7,0.1375,0,0,0
CUST_104835,41,Working Age (25-55),Male,40500.0,13400,debt_consolidation,1,11,6,0.2969,0,0,1
CUST_104836,34,Working Age (25-55),Male,85000.0,21600,debt_consolidation,2,14,7,0.2142,0,0,0
CUST_104837,30,Working Age (25-55),Male,46100.0,15000,small_business,2,12,10,0.3176,0,0,1
CUST_104838,56,Senior (>55),Male,34500.0,12400,debt_consolidation,20,20,11,0.3428,0,0,0
CUST_104839,32,Working Age (25-55),Male,69000.0,9900,debt_consolidation,9,7,12,0.1421,0,0,0
CUST_104840,30,Working Age (25-55),Male,89200.0,17000,debt_consolidation,3,10,5,0.2502,1,1,1
CUST_104841,40,Working Age (25-55),Male,60800.0,10200,home_improvement,10,7,6,0.2464,0,0,0
CUST_104842,48,Working Age (25-55),Male,34900.0,13800,debt_consolidation,2,19,6,0.1782,0,1,0
CUST_104843,38,Working Age (25-55),Female,69600.0,23500,debt_consolidation,7,14,5,0.3112,0,0,0
CUST_104844,53,Working Age (25-55),Male,43400.0,11200,debt_consolidation,1,14,10,0.1546,0,0,0
CUST_104845,46,Working Age (25-55),Male,81600.0,31800,debt_consolidation,7,20,8,0.4324,0,0,1
CUST_104846,19,Young (<25),Male,122500.0,43000,credit_card,1,1,4,0.1679,0,1,1
CUST_104847,33,Working Age (25-55),Male,18000.0,7600,debt_consolidation,0,13,10,0.4551,0,1,1
CUST_104848,33,Working Age (25-55),Male,57600.0,7300,credit_card,1,13,5,0.0883,0,0,0
CUST_104849,45,Working Age (25-55),Male,20900.0,5800,credit_card,2,12,8,0.456,1,0,1
CUST_104850,19,Young (<25),Female,207500.0,50000,debt_consolidation,1,6,6,0.277,0,0,0
CUST_104851,70,Senior (>55),Male,41900.0,7200,debt_consolidation,0,19,8,0.2997,0,0,0
CUST_104852,46,Working Age (25-55),Female,81700.0,17500,debt_consolidation,5,7,9,0.1274,0,0,0
CUST_104853,41,Working Age (25-55),Male,53100.0,13100,debt_consolidation,6,11,4,0.3716,0,0,1
CUST_104854,54,Working Age (25-55),Male,34800.0,13200,credit_card,5,17,4,0.243,0,0,0
CUST_104855,68,Senior (>55),Female,32600.0,8900,credit_card,7,25,7,0.3981,0,1,1
CUST_104856,50,Working Age (25-55),Female,129600.0,35300,debt_consolidation,0,17,8,0.2794,0,0,0
CUST_104857,51,Working Age (25-55),Male,91700.0,23000,credit_card,4,18,11,0.0723,0,0,0
CUST_104858,41,Working Age (25-55),Female,157800.0,28400,medical,14,11,8,0.5179,1,0,1
CUST_104859,38,Working Age (25-55),Female,55900.0,23600,debt_consolidation,4,11,8,0.04,1,0,0
CUST_104860,34,Working Age (25-55),Male,63500.0,13400,credit_card,4,9,5,0.2247,0,1,0
CUST_104861,30,Working Age (25-55),Female,46800.0,14000,home_improvement,6,6,4,0.045,0,2,0
CUST_104862,31,Working Age (25-55),Male,46300.0,7000,debt_consolidation,2,9,9,0.2358,0,1,1
CUST_104863,23,Young (<25),Male,30500.0,7700,home_improvement,5,8,3,0.3125,0,0,1
CUST_104864,39,Working Age (25-55),Female,56700.0,23600,medical,12,11,8,0.3205,0,0,1
CUST_104865,19,Young (<25),Female,35100.0,15700,debt_consolidation,0,5,5,0.4414,1,0,1
CUST_104866,42,Working Age (25-55),Male,69100.0,15700,small_business,10,16,10,0.1772,0,0,0
CUST_104867,39,Working Age (25-55),Male,59500.0,9200,debt_consolidation,1,12,10,0.209,0,0,0
CUST_104868,41,Working Age (25-55),Male,63500.0,13300,debt_consolidation,3,10,4,0.4164,0,1,1
CUST_104869,33,Working Age (25-55),Male,136100.0,29200,credit_card,9,13,5,0.3194,0,0,0
CUST_104870,75,Senior (>55),Male,53100.0,17300,debt_consolidation,8,27,5,0.2084,0,0,0
CUST_104871,56,Senior (>55),Female,82100.0,22500,credit_card,11,20,10,0.1113,0,1,0
CUST_104872,25,Working Age (25-55),Female,167400.0,50000,debt_consolidation,7,10,2,0.2374,0,0,0
CUST_104873,42,Working Age (25-55),Female,111200.0,38400,home_improvement,2,16,5,0.2343,0,0,0
CUST_104874,32,Working Age (25-55),Female,102200.0,19200,credit_card,5,11,6,0.2002,0,0,0
CUST_104875,27,Working Age (25-55),Male,45800.0,17200,credit_card,2,16,3,0.1342,0,0,0
CUST_104876,23,Young (<25),Male,61500.0,24400,debt_consolidation,2,4,10,0.2218,0,3,1
CUST_104877,45,Working Age (25-55),Female,26200.0,8100,debt_consolidation,2,13,7,0.2552,0,1,1
CUST_104878,31,Working Age (25-55),Male,71300.0,30300,debt_consolidation,6,13,7,0.3703,1,0,1
CUST_104879,51,Working Age (25-55),Female,63000.0,23600,home_improvement,3,18,4,0.0405,0,0,0
CUST_104880,51,Working Age (25-55),Female,54900.0,16900,debt_consolidation,8,20,12,0.2851,0,1,0
CUST_104881,56,Senior (>55),Male,95300.0,39800,credit_card,6,20,5,0.2098,0,0,0
CUST_104882,29,Working Age (25-55),Female,27900.0,8700,debt_consolidation,0,14,7,0.165,0,0,0
CUST_104883,45,Working Age (25-55),Female,133100.0,37600,credit_card,4,12,10,0.2701,0,1,0
CUST_104884,47,Working Age (25-55),Female,89000.0,20000,credit_card,2,20,10,0.3757,0,0,0
CUST_104885,34,Working Age (25-55),Female,52100.0,21300,debt_consolidation,3,15,8,0.367,0,1,1
CUST_104886,30,Working Age (25-55),Male,49900.0,7100,credit_card,8,6,4,0.0956,0,0,0
CUST_104887,59,Senior (>55),Male,70600.0,18800,debt_consolidation,3,22,8,0.1784,0,2,0
CUST_104888,42,Working Age (25-55),Female,125000.0,36000,small_business,10,14,4,0.2647,0,0,0
CUST_104889,47,Working Age (25-55),Female,57300.0,16900,home_improvement,6,14,8,0.0708,0,0,0
CUST_104890,30,Working Age (25-55),Male,58600.0,19200,credit_card,4,4,6,0.2118,0,1,1
CUST_104891,25,Working Age (25-55),Male,54700.0,15200,small_business,7,5,14,0.1572,1,0,1
CUST_104892,33,Working Age (25-55),Female,144400.0,27400,small_business,0,13,6,0.2847,0,3,0
CUST_104893,38,Working Age (25-55),Female,44200.0,17700,credit_card,0,15,4,0.2199,0,0,0
CUST_104894,27,Working Age (25-55),Male,53300.0,17600,debt_consolidation,0,8,11,0.0867,0,0,0
CUST_104895,39,Working Age (25-55),Male,121200.0,48500,credit_card,2,16,3,0.0854,0,1,0
CUST_104896,19,Young (<25),Female,58700.0,11500,debt_consolidation,1,9,12,0.1465,0,0,0
CUST_104897,26,Working Age (25-55),Male,101300.0,32700,credit_card,8,9,12,0.1827,0,0,0
CUST_104898,48,Working Age (25-55),Female,32800.0,11500,credit_card,3,14,4,0.2124,0,0,0
CUST_104899,47,Working Age (25-55),Male,48400.0,11300,credit_card,5,17,8,0.3059,0,0,0
CUST_104900,35,Working Age (25-55),Male,122600.0,47100,credit_card,1,13,10,0.4227,0,1,1
CUST_104901,27,Working Age (25-55),Male,37300.0,3800,credit_card,1,11,7,0.2847,0,0,0
CUST_104902,27,Working Age (25-55),Female,49900.0,15400,debt_consolidation,2,12,2,0.2437,0,0,0
CUST_104903,35,Working Age (25-55),Female,62400.0,19600,debt_consolidation,5,8,9,0.1945,0,1,1
CUST_104904,47,Working Age (25-55),Female,31400.0,9000,credit_card,3,14,7,0.255,1,0,1
CUST_104905,51,Working Age (25-55),Male,43100.0,13800,debt_consolidation,3,12,2,0.2326,0,3,1
CUST_104906,34,Working Age (25-55),Female,57600.0,9100,home_improvement,4,14,7,0.3178,0,0,0
CUST_104907,26,Working Age (25-55),Female,55600.0,18900,debt_consolidation,7,8,7,0.1314,1,0,1
CUST_104908,43,Working Age (25-55),Female,109600.0,23800,debt_consolidation,0,16,8,0.4693,0,0,1
CUST_104909,30,Working Age (25-55),Male,126500.0,32700,credit_card,7,6,5,0.0923,0,1,0
CUST_104910,33,Working Age (25-55),Female,33800.0,7300,credit_card,4,15,9,0.2333,0,1,0
CUST_104911,55,Working Age (25-55),Female,57600.0,15300,debt_consolidation,5,15,14,0.1751,0,0,0
CUST_104912,49,Working Age (25-55),Female,78500.0,24900,debt_consolidation,1,19,6,0.2982,0,3,1
CUST_104913,41,Working Age (25-55),Male,124700.0,49100,debt_consolidation,2,14,9,0.1297,0,0,0
CUST_104914,24,Young (<25),Male,80400.0,21600,debt_consolidation,1,7,7,0.151,0,0,0
CUST_104915,42,Working Age (25-55),Male,63600.0,13600,debt_consolidation,19,13,3,0.1387,0,0,0
CUST_104916,52,Working Age (25-55),Male,78200.0,21200,credit_card,3,16,7,0.1444,0,0,1
CUST_104917,35,Working Age (25-55),Male,78500.0,26800,small_business,17,16,10,0.1048,0,1,0
CUST_104918,56,Senior (>55),Female,32500.0,7200,debt_consolidation,3,19,13,0.074,0,0,0
CUST_104919,55,Working Age (25-55),Male,60200.0,14700,debt_consolidation,1,15,7,0.1133,0,0,0
CUST_104920,59,Senior (>55),Female,120900.0,35900,home_improvement,3,19,5,0.4569,0,3,1
CUST_104921,43,Working Age (25-55),Female,48300.0,9800,small_business,0,15,7,0.1712,0,1,0
CUST_104922,47,Working Age (25-55),Male,58200.0,10100,debt_consolidation,11,19,7,0.1237,0,0,0
CUST_104923,56,Senior (>55),Female,47400.0,7100,debt_consolidation,8,17,7,0.3189,0,1,0
CUST_104924,45,Working Age (25-55),Female,18000.0,4000,debt_consolidation,6,14,3,0.2406,0,0,0
CUST_104925,33,Working Age (25-55),Female,54800.0,6400,debt_consolidation,4,11,7,0.3185,0,0,0
CUST_104926,34,Working Age (25-55),Male,64000.0,19500,credit_card,4,14,10,0.3295,0,0,1
CUST_104927,42,Working Age (25-55),Female,40900.0,6600,medical,24,10,6,0.1717,0,0,0
CUST_104928,24,Young (<25),Male,28700.0,6700,credit_card,1,9,5,0.3934,0,0,1
CUST_104929,38,Working Age (25-55),Male,33400.0,6500,medical,7,11,7,0.4277,1,0,1
CUST_104930,53,Working Age (25-55),Male,82500.0,26500,debt_consolidation,4,17,6,0.1715,1,2,1
CUST_104931,19,Young (<25),Female,160300.0,50000,small_business,1,12,6,0.2514,0,1,1
CUST_104932,58,Senior (>55),Male,115900.0,37300,debt_consolidation,8,19,4,0.1199,0,0,0
CUST_104933,53,Working Age (25-55),Female,25900.0,7500,debt_consolidation,30,20,8,0.1979,0,1,0
CUST_104934,34,Working Age (25-55),Female,86700.0,29000,home_improvement,4,14,12,0.1711,0,0,0
CUST_104935,46,Working Age (25-55),Female,37600.0,4200,debt_consolidation,1,12,7,0.3706,0,0,1
CUST_104936,40,Working Age (25-55),Male,39300.0,5600,debt_consolidation,3,8,8,0.2479,0,0,0
CUST_104937,54,Working Age (25-55),Female,42000.0,5600,credit_card,6,21,8,0.1473,0,0,0
CUST_104938,51,Working Age (25-55),Female,79900.0,10700,debt_consolidation,7,14,6,0.1864,0,0,0
CUST_104939,23,Young (<25),Female,91800.0,17500,credit_card,0,3,10,0.2869,0,0,0
CUST_104940,47,Working Age (25-55),Female,51300.0,14700,debt_consolidation,3,19,7,0.0805,0,1,0
CUST_104941,37,Working Age (25-55),Male,51800.0,7300,home_improvement,1,9,4,0.2506,0,0,0
CUST_104942,40,Working Age (25-55),Male,69900.0,29900,debt_consolidation,10,11,8,0.04,0,1,0
CUST_104943,31,Working Age (25-55),Male,74000.0,29500,credit_card,0,16,11,0.1752,0,0,0
CUST_104944,60,Senior (>55),Female,103500.0,45500,debt_consolidation,5,16,8,0.4928,0,0,1
CUST_104945,52,Working Age (25-55),Female,26700.0,3100,home_improvement,1,14,4,0.1635,0,2,0
CUST_104946,31,Working Age (25-55),Male,54800.0,21800,credit_card,2,9,9,0.3009,0,0,1
CUST_104947,23,Young (<25),Female,30100.0,11500,debt_consolidation,5,7,4,0.2222,0,0,0
CUST_104948,35,Working Age (25-55),Male,52700.0,21900,debt_consolidation,1,9,7,0.2457,0,0,1
CUST_104949,45,Working Age (25-55),Female,47800.0,13600,debt_consolidation,0,12,5,0.2737,0,0,1
CUST_104950,42,Working Age (25-55),Male,52800.0,19800,credit_card,0,19,9,0.36,0,2,1
CUST_104951,55,Working Age (25-55),Female,34900.0,4100,credit_card,3,20,8,0.3127,0,0,0
CUST_104952,49,Working Age (25-55),Female,23900.0,3000,debt_consolidation,5,18,5,0.1857,0,2,0
CUST_104953,51,Working Age (25-55),Male,18000.0,2500,credit_card,1,17,6,0.0675,0,0,0
CUST_104954,43,Working Age (25-55),Male,50400.0,21200,small_business,5,15,9,0.1675,1,0,1
CUST_104955,23,Young (<25),Female,42700.0,5200,debt_consolidation,0,10,8,0.3148,0,0,1
CUST_104956,37,Working Age (25-55),Male,37400.0,5000,debt_consolidation,9,9,6,0.2528,0,1,0
CUST_104957,52,Working Age (25-55),Male,112100.0,47700,credit_card,8,18,10,0.3114,0,0,1
CUST_104958,39,Working Age (25-55),Female,33800.0,4600,credit_card,21,15,7,0.2241,0,0,0
CUST_104959,46,Working Age (25-55),Female,118100.0,47800,debt_consolidation,13,20,10,0.105,0,1,0
CUST_104960,36,Working Age (25-55),Female,132300.0,49800,debt_consolidation,2,18,6,0.102,0,0,0
CUST_104961,27,Working Age (25-55),Female,18500.0,2100,debt_consolidation,2,9,11,0.2906,0,0,1
CUST_104962,38,Working Age (25-55),Male,57000.0,6100,credit_card,6,16,9,0.1258,1,0,0
CUST_104963,43,Working Age (25-55),Female,43500.0,12500,credit_card,0,7,7,0.3317,0,0,1
CUST_104964,32,Working Age (25-55),Female,18000.0,8100,debt_consolidation,1,15,7,0.2645,0,0,1
CUST_104965,37,Working Age (25-55),Female,24500.0,10000,debt_consolidation,0,10,2,0.1992,0,2,1
CUST_104966,28,Working Age (25-55),Male,83000.0,17300,debt_consolidation,3,9,4,0.1845,0,0,0
CUST_104967,53,Working Age (25-55),Female,164500.0,38700,home_improvement,4,19,2,0.0985,0,0,0
CUST_104968,36,Working Age (25-55),Female,89000.0,21000,debt_consolidation,1,12,5,0.1216,0,2,0
CUST_104969,57,Senior (>55),Female,64700.0,23100,credit_card,0,20,3,0.2592,0,0,0
CUST_104970,58,Senior (>55),Male,53500.0,11700,home_improvement,6,25,11,0.1781,0,0,0
CUST_104971,39,Working Age (25-55),Female,136700.0,20700,small_business,0,12,2,0.2095,0,0,0
CUST_104972,27,Working Age (25-55),Male,176600.0,50000,credit_card,9,6,9,0.3112,0,3,1
CUST_104973,19,Young (<25),Female,39200.0,10200,debt_consolidation,1,12,8,0.2496,0,0,0
CUST_104974,22,Young (<25),Female,18000.0,2300,small_business,4,9,6,0.1048,0,0,0
CUST_104975,23,Young (<25),Male,18000.0,6800,home_improvement,2,13,6,0.3135,0,1,1
CUST_104976,56,Senior (>55),Female,112100.0,34200,home_improvement,0,22,4,0.1545,0,0,0
CUST_104977,41,Working Age (25-55),Male,52800.0,14300,debt_consolidation,3,10,8,0.0589,1,3,1
CUST_104978,44,Working Age (25-55),Male,59900.0,20100,debt_consolidation,3,17,3,0.1406,1,0,0
CUST_104979,19,Young (<25),Male,20200.0,5600,credit_card,1,3,7,0.3536,0,0,1
CUST_104980,25,Working Age (25-55),Male,35800.0,11700,major_purchase,6,8,9,0.1339,0,0,0
CUST_104981,50,Working Age (25-55),Female,46100.0,18600,home_improvement,0,17,2,0.2738,0,3,1
CUST_104982,43,Working Age (25-55),Female,60700.0,19100,small_business,1,10,8,0.2503,0,1,1
CUST_104983,38,Working Age (25-55),Male,43500.0,14400,credit_card,1,10,8,0.2377,0,1,1
CUST_104984,46,Working Age (25-55),Male,30600.0,9600,debt_consolidation,0,22,11,0.3288,0,0,0
CUST_104985,59,Senior (>55),Male,35200.0,10100,credit_card,3,21,10,0.0671,0,0,0
CUST_104986,37,Working Age (25-55),Female,105300.0,16900,home_improvement,19,12,3,0.1873,0,0,0
CUST_104987,40,Working Age (25-55),Female,62000.0,13500,credit_card,3,19,7,0.3037,0,0,0
CUST_104988,42,Working Age (25-55),Male,75900.0,26000,major_purchase,6,13,9,0.3193,0,0,1
CUST_104989,68,Senior (>55),Female,33000.0,8200,debt_consolidation,5,23,4,0.3488,0,0,0
CUST_104990,19,Young (<25),Female,18000.0,4400,debt_consolidation,1,9,9,0.0964,0,0,1
CUST_104991,48,Working Age (25-55),Female,40600.0,14800,major_purchase,1,15,10,0.4793,0,1,1
CUST_104992,38,Working Age (25-55),Male,33600.0,3400,debt_consolidation,7,11,10,0.3333,0,0,0
CUST_104993,46,Working Age (25-55),Female,65600.0,22100,credit_card,10,9,8,0.1357,0,2,0
CUST_104994,32,Working Age (25-55),Male,260000.0,50000,small_business,0,8,5,0.1206,0,0,0
CUST_104995,39,Working Age (25-55),Female,79400.0,18400,debt_consolidation,2,10,5,0.0946,0,0,0
CUST_104996,48,Working Age (25-55),Male,244000.0,50000,small_business,17,17,6,0.2598,0,3,0
CUST_104997,75,Senior (>55),Male,74100.0,11900,debt_consolidation,7,24,8,0.1263,0,0,0
CUST_104998,49,Working Age (25-55),Female,38300.0,8300,home_improvement,1,23,6,0.1979,0,0,0
CUST_104999,29,Working Age (25-55),Male,65600.0,15500,debt_consolidation,4,6,2,0.2459,0,0,0
