customer_id,age,age_group,gender,annual_income,loan_amount,loan_purpose,employment_length_years,credit_history_years,num_open_credit_lines,debt_to_income_ratio,has_previous_default,delinquent_2yrs,risk_label,batch_month
CUST_100000,41,Working Age (25-55),Male,82800.0,17300,debt_consolidation,2,7,11,0.2967,0,0,0,Month_1
CUST_100001,47,Working Age (25-55),Female,26000.0,6900,home_improvement,10,16,10,0.2977,0,0,0,Month_1
CUST_100002,46,Working Age (25-55),Male,54800.0,19000,credit_card,0,19,13,0.5856,0,0,1,Month_1
CUST_100003,42,Working Age (25-55),Male,71700.0,14000,small_business,6,13,12,0.1195,0,1,0,Month_1
CUST_100004,42,Working Age (25-55),Female,70300.0,18400,small_business,16,13,6,0.5241,0,0,1,Month_1
CUST_100005,27,Working Age (25-55),Male,41700.0,12200,credit_card,2,8,9,0.2366,0,3,1,Month_1
CUST_100006,65,Senior (>55),Female,55500.0,21800,debt_consolidation,5,22,11,0.1666,0,0,1,Month_1
CUST_100007,44,Working Age (25-55),Female,30200.0,9900,credit_card,10,12,8,0.3771,0,2,1,Month_1
CUST_100008,44,Working Age (25-55),Male,82500.0,9200,credit_card,17,11,10,0.3548,0,0,0,Month_1
CUST_100009,53,Working Age (25-55),Male,35200.0,6600,debt_consolidation,2,12,7,0.3251,0,0,1,Month_1
CUST_100010,48,Working Age (25-55),Female,40500.0,5200,debt_consolidation,2,13,13,0.1243,0,3,0,Month_1
CUST_100011,42,Working Age (25-55),Male,42800.0,10900,credit_card,1,10,8,0.0909,0,0,0,Month_1
CUST_100012,37,Working Age (25-55),Male,54300.0,14900,small_business,1,10,8,0.3323,0,3,1,Month_1
CUST_100013,50,Working Age (25-55),Female,34400.0,13000,medical,2,22,9,0.1188,0,1,0,Month_1
CUST_100014,55,Working Age (25-55),Male,20900.0,5100,debt_consolidation,3,17,5,0.0625,0,0,0,Month_1
CUST_100015,52,Working Age (25-55),Male,83800.0,24700,credit_card,1,16,9,0.3404,0,0,1,Month_1
CUST_100016,19,Young (<25),Male,47600.0,16500,debt_consolidation,1,7,6,0.142,0,0,1,Month_1
CUST_100017,35,Working Age (25-55),Male,32700.0,7000,debt_consolidation,1,10,8,0.3767,0,1,1,Month_1
CUST_100018,29,Working Age (25-55),Male,36900.0,7200,home_improvement,0,11,7,0.1315,0,1,0,Month_1
CUST_100019,53,Working Age (25-55),Female,58000.0,8800,medical,1,13,7,0.0758,0,1,0,Month_1
CUST_100020,37,Working Age (25-55),Female,21900.0,4600,credit_card,8,10,4,0.0837,0,0,0,Month_1
CUST_100021,53,Working Age (25-55),Female,50200.0,7600,debt_consolidation,0,13,4,0.2369,0,0,0,Month_1
CUST_100022,47,Working Age (25-55),Male,82800.0,37100,debt_consolidation,2,13,3,0.4085,0,1,1,Month_1
CUST_100023,19,Young (<25),Female,48200.0,9300,medical,1,6,10,0.2579,0,0,0,Month_1
CUST_100024,32,Working Age (25-55),Female,45800.0,5600,debt_consolidation,0,11,10,0.1485,0,0,0,Month_1
CUST_100025,67,Senior (>55),Female,63200.0,19000,credit_card,7,21,8,0.1761,0,0,0,Month_1
CUST_100026,36,Working Age (25-55),Male,81900.0,17200,debt_consolidation,3,10,6,0.247,0,0,0,Month_1
CUST_100027,37,Working Age (25-55),Female,39600.0,17000,medical,0,12,5,0.2789,0,0,1,Month_1
CUST_100028,36,Working Age (25-55),Male,57200.0,21000,medical,5,13,1,0.3056,0,2,1,Month_1
CUST_100029,56,Senior (>55),Female,120500.0,47400,small_business,9,23,9,0.247,1,0,1,Month_1
CUST_100030,28,Working Age (25-55),Male,162500.0,50000,home_improvement,1,6,10,0.5102,0,0,1,Month_1
CUST_100031,46,Working Age (25-55),Female,92700.0,19900,debt_consolidation,18,14,7,0.1558,0,1,0,Month_1
CUST_100032,19,Young (<25),Male,61800.0,10400,credit_card,1,8,5,0.257,0,0,0,Month_1
CUST_100033,31,Working Age (25-55),Male,68500.0,7100,medical,5,12,11,0.105,0,0,0,Month_1
CUST_100034,27,Working Age (25-55),Female,53200.0,5500,credit_card,9,6,12,0.1326,0,1,0,Month_1
CUST_100035,36,Working Age (25-55),Male,32500.0,10700,small_business,8,17,11,0.1514,0,1,0,Month_1
CUST_100036,36,Working Age (25-55),Male,60600.0,26300,credit_card,1,14,9,0.3032,0,0,1,Month_1
CUST_100037,37,Working Age (25-55),Female,91600.0,25300,credit_card,8,9,7,0.1012,0,1,0,Month_1
CUST_100038,49,Working Age (25-55),Female,100400.0,21100,debt_consolidation,1,17,5,0.195,0,0,0,Month_1
CUST_100039,33,Working Age (25-55),Male,47800.0,16600,debt_consolidation,3,11,10,0.327,0,0,1,Month_1
CUST_100040,52,Working Age (25-55),Male,31700.0,5000,debt_consolidation,1,15,7,0.1314,0,0,0,Month_1
CUST_100041,61,Senior (>55),Female,69200.0,9300,credit_card,2,18,6,0.0968,0,0,1,Month_1
CUST_100042,29,Working Age (25-55),Male,44200.0,14800,debt_consolidation,11,9,7,0.3441,0,0,1,Month_1
CUST_100043,47,Working Age (25-55),Male,66200.0,7000,credit_card,5,16,9,0.1816,0,0,0,Month_1
CUST_100044,44,Working Age (25-55),Male,58200.0,18000,medical,8,12,3,0.2187,0,0,0,Month_1
CUST_100045,37,Working Age (25-55),Female,18000.0,3900,small_business,0,14,7,0.1648,0,0,0,Month_1
CUST_100046,60,Senior (>55),Male,20600.0,2100,debt_consolidation,0,22,6,0.3424,0,0,0,Month_1
CUST_100047,29,Working Age (25-55),Female,26200.0,6800,small_business,3,10,5,0.0712,0,0,0,Month_1
CUST_100048,27,Working Age (25-55),Male,32900.0,3900,debt_consolidation,0,16,8,0.3611,0,0,1,Month_1
CUST_100049,70,Senior (>55),Female,21800.0,2400,debt_consolidation,4,30,4,0.3732,1,0,1,Month_1
CUST_100050,55,Working Age (25-55),Female,41800.0,13900,credit_card,0,22,12,0.2756,0,2,1,Month_1
CUST_100051,42,Working Age (25-55),Female,117800.0,43200,debt_consolidation,0,10,7,0.367,0,0,0,Month_1
CUST_100052,19,Young (<25),Male,85500.0,27400,debt_consolidation,1,10,9,0.0965,0,0,0,Month_1
CUST_100053,56,Senior (>55),Male,51400.0,9200,small_business,0,20,7,0.0664,0,0,0,Month_1
CUST_100054,37,Working Age (25-55),Male,31500.0,11800,medical,11,10,2,0.1003,0,1,0,Month_1
CUST_100055,36,Working Age (25-55),Male,85900.0,25600,debt_consolidation,0,10,8,0.0657,1,0,0,Month_1
CUST_100056,35,Working Age (25-55),Female,32400.0,10100,debt_consolidation,0,14,8,0.5333,0,0,1,Month_1
CUST_100057,43,Working Age (25-55),Male,90700.0,12300,debt_consolidation,5,18,9,0.04,1,0,0,Month_1
CUST_100058,42,Working Age (25-55),Female,121200.0,24000,credit_card,8,18,6,0.1706,0,1,0,Month_1
CUST_100059,21,Young (<25),Male,29100.0,8000,credit_card,1,8,7,0.3363,0,0,1,Month_1
CUST_100060,34,Working Age (25-55),Male,46400.0,12000,small_business,2,13,7,0.0647,0,0,0,Month_1
CUST_100061,40,Working Age (25-55),Male,36400.0,7000,credit_card,1,17,5,0.3209,0,0,0,Month_1
CUST_100062,26,Working Age (25-55),Male,77400.0,17000,credit_card,0,13,8,0.143,1,0,0,Month_1
CUST_100063,39,Working Age (25-55),Female,105300.0,36200,medical,21,15,8,0.2039,0,0,0,Month_1
CUST_100064,40,Working Age (25-55),Male,68100.0,29400,credit_card,1,18,4,0.1294,0,0,0,Month_1
CUST_100065,28,Working Age (25-55),Male,32300.0,4300,credit_card,2,8,11,0.2617,0,0,0,Month_1
CUST_100066,48,Working Age (25-55),Male,27000.0,11300,debt_consolidation,5,16,6,0.0873,0,0,0,Month_1
CUST_100067,21,Young (<25),Female,47700.0,16800,home_improvement,0,9,8,0.0924,0,0,0,Month_1
CUST_100068,46,Working Age (25-55),Female,34300.0,13600,debt_consolidation,1,14,11,0.04,1,0,0,Month_1
CUST_100069,42,Working Age (25-55),Male,25800.0,6700,major_purchase,1,13,11,0.2464,0,0,0,Month_1
CUST_100070,47,Working Age (25-55),Female,33200.0,12700,credit_card,15,17,5,0.293,0,0,0,Month_1
CUST_100071,55,Working Age (25-55),Female,117900.0,20700,debt_consolidation,5,21,9,0.2542,0,0,0,Month_1
CUST_100072,45,Working Age (25-55),Female,46400.0,9000,home_improvement,3,14,4,0.1141,0,0,0,Month_1
CUST_100073,60,Senior (>55),Female,100800.0,26500,debt_consolidation,3,24,5,0.2537,0,2,0,Month_1
CUST_100074,39,Working Age (25-55),Female,50100.0,21900,small_business,3,9,6,0.1319,0,0,0,Month_1
CUST_100075,36,Working Age (25-55),Male,72100.0,13300,debt_consolidation,0,16,5,0.2272,0,2,0,Month_1
CUST_100076,52,Working Age (25-55),Male,38400.0,12000,credit_card,0,20,6,0.3324,0,0,1,Month_1
CUST_100077,48,Working Age (25-55),Female,51700.0,6300,home_improvement,10,15,4,0.204,0,0,0,Month_1
CUST_100078,31,Working Age (25-55),Male,77400.0,9800,debt_consolidation,7,8,9,0.241,0,1,0,Month_1
CUST_100079,36,Working Age (25-55),Male,24000.0,8800,home_improvement,2,12,7,0.0558,1,0,0,Month_1
CUST_100080,44,Working Age (25-55),Female,75200.0,9900,debt_consolidation,2,14,10,0.2234,0,0,1,Month_1
CUST_100081,19,Young (<25),Female,56300.0,22200,debt_consolidation,1,3,10,0.1985,0,0,1,Month_1
CUST_100082,61,Senior (>55),Male,74000.0,9900,home_improvement,0,21,7,0.4273,0,0,0,Month_1
CUST_100083,49,Working Age (25-55),Female,56800.0,23600,debt_consolidation,1,17,8,0.0989,0,0,0,Month_1
CUST_100084,45,Working Age (25-55),Female,84800.0,11200,debt_consolidation,15,20,7,0.1485,0,0,0,Month_1
CUST_100085,56,Senior (>55),Female,65100.0,15800,home_improvement,3,22,6,0.1444,0,3,0,Month_1
CUST_100086,58,Senior (>55),Male,55600.0,15600,home_improvement,2,24,7,0.2366,0,0,0,Month_1
CUST_100087,31,Working Age (25-55),Male,30500.0,4000,small_business,1,8,10,0.2781,0,0,1,Month_1
CUST_100088,37,Working Age (25-55),Male,79500.0,20300,home_improvement,1,9,7,0.2384,0,0,0,Month_1
CUST_100089,56,Senior (>55),Female,34600.0,11400,debt_consolidation,4,18,5,0.2181,0,2,0,Month_1
CUST_100090,40,Working Age (25-55),Female,73900.0,12300,home_improvement,0,6,7,0.3745,0,0,1,Month_1
CUST_100091,31,Working Age (25-55),Female,99300.0,36800,debt_consolidation,6,10,9,0.1843,0,0,0,Month_1
CUST_100092,38,Working Age (25-55),Male,45000.0,15400,debt_consolidation,0,8,8,0.0726,0,3,0,Month_1
CUST_100093,51,Working Age (25-55),Female,80100.0,35600,credit_card,5,17,9,0.1541,0,0,0,Month_1
CUST_100094,37,Working Age (25-55),Male,132800.0,17400,debt_consolidation,13,12,5,0.1189,0,0,0,Month_1
CUST_100095,29,Working Age (25-55),Male,119600.0,26800,debt_consolidation,1,7,7,0.0703,0,0,0,Month_1
CUST_100096,49,Working Age (25-55),Male,56700.0,6200,debt_consolidation,4,18,8,0.0672,0,0,0,Month_1
CUST_100097,52,Working Age (25-55),Female,40000.0,4300,debt_consolidation,7,13,5,0.257,0,0,0,Month_1
CUST_100098,46,Working Age (25-55),Female,50200.0,8000,credit_card,1,14,4,0.2031,0,0,0,Month_1
CUST_100099,42,Working Age (25-55),Male,77700.0,11500,credit_card,1,10,11,0.0992,0,0,0,Month_1
CUST_100100,59,Senior (>55),Male,56800.0,6800,debt_consolidation,1,22,6,0.3828,0,0,0,Month_1
CUST_100101,41,Working Age (25-55),Female,138200.0,20600,debt_consolidation,7,11,8,0.1088,0,0,0,Month_1
CUST_100102,54,Working Age (25-55),Female,65500.0,24900,credit_card,7,18,8,0.2791,0,1,1,Month_1
CUST_100103,60,Senior (>55),Female,50400.0,10500,debt_consolidation,11,21,12,0.2975,0,1,0,Month_1
CUST_100104,62,Senior (>55),Female,36500.0,14900,home_improvement,5,18,8,0.1827,0,0,0,Month_1
CUST_100105,50,Working Age (25-55),Male,65900.0,11400,debt_consolidation,9,16,5,0.0738,0,0,0,Month_1
CUST_100106,41,Working Age (25-55),Male,81600.0,11500,credit_card,5,17,8,0.0713,0,0,0,Month_1
CUST_100107,33,Working Age (25-55),Female,100800.0,34500,home_improvement,2,11,12,0.1407,0,2,0,Month_1
CUST_100108,27,Working Age (25-55),Male,71400.0,14200,debt_consolidation,5,5,9,0.0837,0,0,0,Month_1
CUST_100109,44,Working Age (25-55),Male,26600.0,11200,major_purchase,0,19,12,0.1938,0,0,0,Month_1
CUST_100110,35,Working Age (25-55),Female,55200.0,7400,debt_consolidation,1,10,4,0.1493,0,0,0,Month_1
CUST_100111,22,Young (<25),Female,43200.0,4300,debt_consolidation,0,14,6,0.1257,0,0,0,Month_1
CUST_100112,35,Working Age (25-55),Male,50600.0,12400,major_purchase,10,16,6,0.0495,0,0,0,Month_1
CUST_100113,33,Working Age (25-55),Female,100300.0,18200,credit_card,8,14,10,0.1563,0,0,0,Month_1
CUST_100114,38,Working Age (25-55),Female,54200.0,7600,debt_consolidation,2,16,10,0.1902,1,0,0,Month_1
CUST_100115,24,Young (<25),Female,94200.0,21900,debt_consolidation,3,8,6,0.1281,0,0,0,Month_1
CUST_100116,38,Working Age (25-55),Male,51000.0,18600,debt_consolidation,4,14,11,0.3203,0,0,1,Month_1
CUST_100117,41,Working Age (25-55),Male,44300.0,19400,debt_consolidation,3,15,7,0.497,0,2,1,Month_1
CUST_100118,30,Working Age (25-55),Female,46200.0,9200,debt_consolidation,0,8,13,0.121,0,0,0,Month_1
CUST_100119,47,Working Age (25-55),Male,74300.0,14300,small_business,7,17,4,0.0851,0,2,1,Month_1
CUST_100120,26,Working Age (25-55),Female,28000.0,7000,debt_consolidation,4,13,7,0.2326,0,0,0,Month_1
CUST_100121,20,Young (<25),Female,35700.0,3900,debt_consolidation,2,9,13,0.2098,0,0,0,Month_1
CUST_100122,23,Young (<25),Male,62200.0,9800,home_improvement,4,5,10,0.2655,0,0,0,Month_1
CUST_100123,33,Working Age (25-55),Female,30100.0,6500,debt_consolidation,5,13,11,0.1912,0,0,0,Month_1
CUST_100124,60,Senior (>55),Male,43300.0,4800,home_improvement,4,22,7,0.0692,0,1,0,Month_1
CUST_100125,27,Working Age (25-55),Female,183100.0,50000,medical,2,10,12,0.3437,0,0,0,Month_1
CUST_100126,50,Working Age (25-55),Male,25300.0,9400,credit_card,11,14,5,0.4249,0,0,1,Month_1
CUST_100127,49,Working Age (25-55),Female,50700.0,14800,home_improvement,5,16,5,0.1781,0,0,0,Month_1
CUST_100128,51,Working Age (25-55),Female,94900.0,41900,debt_consolidation,1,19,4,0.0659,0,0,0,Month_1
CUST_100129,49,Working Age (25-55),Female,42300.0,7600,credit_card,15,16,7,0.1903,0,0,0,Month_1
CUST_100130,41,Working Age (25-55),Female,110600.0,42200,small_business,1,14,6,0.1599,0,0,0,Month_1
CUST_100131,63,Senior (>55),Female,117300.0,27200,debt_consolidation,9,20,12,0.2108,0,0,1,Month_1
CUST_100132,51,Working Age (25-55),Female,75800.0,11500,debt_consolidation,2,21,8,0.1903,0,0,0,Month_1
CUST_100133,31,Working Age (25-55),Male,42900.0,8600,credit_card,1,13,4,0.3891,0,0,1,Month_1
CUST_100134,26,Working Age (25-55),Female,35200.0,5300,debt_consolidation,8,6,7,0.3752,0,0,0,Month_1
CUST_100135,39,Working Age (25-55),Male,42700.0,4900,credit_card,8,13,7,0.1585,1,0,0,Month_1
CUST_100136,36,Working Age (25-55),Female,36800.0,7700,debt_consolidation,4,11,10,0.3373,0,0,1,Month_1
CUST_100137,40,Working Age (25-55),Male,42800.0,13200,home_improvement,21,13,8,0.3552,0,2,1,Month_1
CUST_100138,31,Working Age (25-55),Female,33600.0,10300,medical,2,4,3,0.1539,1,0,1,Month_1
CUST_100139,19,Young (<25),Male,89300.0,22400,debt_consolidation,1,9,10,0.4043,1,1,1,Month_1
CUST_100140,37,Working Age (25-55),Male,24600.0,3100,debt_consolidation,16,7,10,0.2231,0,0,0,Month_1
CUST_100141,20,Young (<25),Female,26700.0,6700,credit_card,2,7,9,0.3204,1,1,1,Month_1
CUST_100142,42,Working Age (25-55),Male,57000.0,5800,small_business,1,19,6,0.247,1,0,0,Month_1
CUST_100143,37,Working Age (25-55),Female,65600.0,23100,debt_consolidation,0,11,8,0.3958,1,0,0,Month_1
CUST_100144,46,Working Age (25-55),Male,215500.0,50000,credit_card,2,15,3,0.3054,0,1,0,Month_1
CUST_100145,37,Working Age (25-55),Female,39800.0,16000,credit_card,19,12,3,0.1057,0,0,0,Month_1
CUST_100146,28,Working Age (25-55),Female,66800.0,29500,small_business,10,9,6,0.1086,0,0,0,Month_1
CUST_100147,53,Working Age (25-55),Male,36900.0,6900,debt_consolidation,1,19,7,0.2326,0,0,0,Month_1
CUST_100148,34,Working Age (25-55),Female,25900.0,5500,credit_card,2,14,7,0.3126,0,0,1,Month_1
CUST_100149,48,Working Age (25-55),Male,59400.0,17800,debt_consolidation,1,19,5,0.1774,0,1,0,Month_1
CUST_100150,41,Working Age (25-55),Male,48900.0,8600,small_business,4,11,8,0.26,0,0,1,Month_1
CUST_100151,31,Working Age (25-55),Female,102400.0,38800,debt_consolidation,7,8,11,0.1264,0,0,0,Month_1
CUST_100152,66,Senior (>55),Female,18000.0,3400,debt_consolidation,4,22,4,0.04,0,0,1,Month_1
CUST_100153,42,Working Age (25-55),Female,70200.0,12600,home_improvement,2,11,8,0.1248,0,0,0,Month_1
CUST_100154,53,Working Age (25-55),Male,43300.0,6000,debt_consolidation,3,19,5,0.1639,0,0,0,Month_1
CUST_100155,60,Senior (>55),Male,24000.0,6000,home_improvement,8,18,8,0.2882,0,2,0,Month_1
CUST_100156,25,Working Age (25-55),Male,44000.0,18900,credit_card,7,11,14,0.1194,0,0,0,Month_1
CUST_100157,26,Working Age (25-55),Male,67400.0,12200,credit_card,4,11,10,0.244,0,0,0,Month_1
CUST_100158,38,Working Age (25-55),Female,38700.0,12100,debt_consolidation,0,11,10,0.2412,0,1,1,Month_1
CUST_100159,37,Working Age (25-55),Male,63300.0,23800,debt_consolidation,0,12,6,0.1746,0,0,0,Month_1
CUST_100160,54,Working Age (25-55),Male,36000.0,11500,debt_consolidation,13,18,16,0.3008,0,0,0,Month_1
CUST_100161,44,Working Age (25-55),Female,37100.0,9800,credit_card,2,15,3,0.192,0,0,0,Month_1
CUST_100162,39,Working Age (25-55),Male,41600.0,16900,debt_consolidation,4,13,6,0.1916,0,2,1,Month_1
CUST_100163,30,Working Age (25-55),Male,111000.0,28500,debt_consolidation,1,12,7,0.143,0,0,1,Month_1
CUST_100164,50,Working Age (25-55),Female,51800.0,10400,major_purchase,2,16,8,0.2126,0,0,0,Month_1
CUST_100165,46,Working Age (25-55),Male,100500.0,14800,credit_card,4,14,9,0.1533,0,0,0,Month_1
CUST_100166,20,Young (<25),Female,40100.0,16000,small_business,2,10,6,0.2258,0,1,1,Month_1
CUST_100167,19,Young (<25),Female,18000.0,6800,medical,1,5,7,0.04,0,1,0,Month_1
CUST_100168,51,Working Age (25-55),Male,44800.0,8000,credit_card,2,17,4,0.1318,0,2,0,Month_1
CUST_100169,37,Working Age (25-55),Female,42900.0,10900,debt_consolidation,7,12,7,0.3226,0,0,0,Month_1
CUST_100170,19,Young (<25),Female,118700.0,41600,debt_consolidation,1,10,8,0.1176,0,0,0,Month_1
CUST_100171,34,Working Age (25-55),Male,104100.0,11000,debt_consolidation,0,16,7,0.1697,0,0,0,Month_1
CUST_100172,36,Working Age (25-55),Male,78000.0,28800,debt_consolidation,0,16,7,0.4988,0,0,1,Month_1
CUST_100173,59,Senior (>55),Male,67600.0,28600,debt_consolidation,3,21,4,0.2131,0,0,0,Month_1
CUST_100174,23,Young (<25),Male,143800.0,16200,debt_consolidation,5,6,2,0.1597,0,3,0,Month_1
CUST_100175,57,Senior (>55),Male,54800.0,12500,debt_consolidation,14,17,7,0.265,0,0,0,Month_1
CUST_100176,34,Working Age (25-55),Female,63600.0,22700,major_purchase,7,14,7,0.1918,0,0,0,Month_1
CUST_100177,39,Working Age (25-55),Female,60100.0,20800,credit_card,0,12,7,0.1232,0,0,0,Month_1
CUST_100178,32,Working Age (25-55),Female,144900.0,37100,small_business,9,13,9,0.3226,0,0,0,Month_1
CUST_100179,70,Senior (>55),Male,44700.0,6900,debt_consolidation,0,23,5,0.0863,0,0,0,Month_1
CUST_100180,39,Working Age (25-55),Male,18000.0,6300,debt_consolidation,18,19,6,0.1311,0,0,0,Month_1
CUST_100181,34,Working Age (25-55),Male,61700.0,17400,small_business,0,7,5,0.3726,0,0,1,Month_1
CUST_100182,26,Working Age (25-55),Male,77700.0,9700,debt_consolidation,2,11,4,0.2428,0,3,0,Month_1
CUST_100183,37,Working Age (25-55),Female,77800.0,20800,credit_card,1,16,9,0.0539,1,1,0,Month_1
CUST_100184,45,Working Age (25-55),Male,66500.0,18000,debt_consolidation,7,13,7,0.1419,1,0,0,Month_1
CUST_100185,56,Senior (>55),Female,44400.0,5300,debt_consolidation,0,20,6,0.0565,0,0,0,Month_1
CUST_100186,41,Working Age (25-55),Male,121900.0,23700,credit_card,0,17,10,0.1224,0,0,0,Month_1
CUST_100187,61,Senior (>55),Female,55000.0,20400,major_purchase,2,23,10,0.2684,0,0,0,Month_1
CUST_100188,27,Working Age (25-55),Male,18000.0,6000,debt_consolidation,9,10,4,0.3811,0,0,1,Month_1
CUST_100189,19,Young (<25),Female,91400.0,13000,credit_card,1,6,8,0.0563,1,0,0,Month_1
CUST_100190,35,Working Age (25-55),Female,30600.0,13100,debt_consolidation,3,16,5,0.403,0,2,1,Month_1
CUST_100191,23,Young (<25),Female,71800.0,15000,debt_consolidation,5,8,4,0.1761,0,0,0,Month_1
CUST_100192,19,Young (<25),Female,91600.0,21300,major_purchase,1,9,8,0.0731,0,0,0,Month_1
CUST_100193,36,Working Age (25-55),Female,80800.0,23700,debt_consolidation,5,15,5,0.1113,0,2,0,Month_1
CUST_100194,44,Working Age (25-55),Male,41800.0,14900,debt_consolidation,3,16,9,0.04,0,3,0,Month_1
CUST_100195,49,Working Age (25-55),Male,116800.0,46000,credit_card,3,12,6,0.1415,0,0,0,Month_1
CUST_100196,19,Young (<25),Female,26200.0,11000,major_purchase,1,4,3,0.3364,0,0,1,Month_1
CUST_100197,52,Working Age (25-55),Female,29300.0,4000,credit_card,1,15,12,0.3398,0,0,1,Month_1
CUST_100198,34,Working Age (25-55),Male,60600.0,10700,small_business,8,19,8,0.1077,0,1,0,Month_1
CUST_100199,49,Working Age (25-55),Male,61500.0,20100,credit_card,2,13,6,0.1115,0,0,0,Month_1
CUST_100200,46,Working Age (25-55),Female,30800.0,12400,debt_consolidation,2,13,9,0.1331,0,1,0,Month_1
CUST_100201,33,Working Age (25-55),Female,48700.0,6400,debt_consolidation,0,12,5,0.3896,0,0,1,Month_1
CUST_100202,19,Young (<25),Male,22100.0,5600,home_improvement,0,7,9,0.1089,0,0,0,Month_1
CUST_100203,50,Working Age (25-55),Female,40000.0,5400,medical,5,15,7,0.0852,0,0,0,Month_1
CUST_100204,54,Working Age (25-55),Female,95100.0,28800,debt_consolidation,1,19,4,0.2225,0,0,0,Month_1
CUST_100205,19,Young (<25),Female,23900.0,4600,debt_consolidation,0,8,7,0.0583,0,3,0,Month_1
CUST_100206,45,Working Age (25-55),Male,47800.0,18200,credit_card,2,13,9,0.3762,0,0,0,Month_1
CUST_100207,30,Working Age (25-55),Female,89500.0,26600,debt_consolidation,7,6,9,0.3903,0,1,1,Month_1
CUST_100208,19,Young (<25),Female,24100.0,5000,small_business,1,9,9,0.1636,0,0,1,Month_1
CUST_100209,38,Working Age (25-55),Male,85000.0,17700,debt_consolidation,0,16,6,0.1894,0,1,0,Month_1
CUST_100210,43,Working Age (25-55),Male,29400.0,6700,credit_card,18,18,8,0.2435,0,1,0,Month_1
CUST_100211,39,Working Age (25-55),Female,61200.0,18500,medical,0,10,6,0.1309,0,0,0,Month_1
CUST_100212,32,Working Age (25-55),Male,44800.0,20000,major_purchase,2,9,5,0.2429,0,0,1,Month_1
CUST_100213,35,Working Age (25-55),Female,77400.0,14200,debt_consolidation,1,13,7,0.0931,0,0,0,Month_1
CUST_100214,48,Working Age (25-55),Female,82000.0,25100,debt_consolidation,10,19,6,0.2685,1,0,1,Month_1
CUST_100215,29,Working Age (25-55),Female,75400.0,20600,credit_card,2,9,9,0.4629,0,0,1,Month_1
CUST_100216,39,Working Age (25-55),Male,44900.0,10200,debt_consolidation,0,11,6,0.0898,0,0,0,Month_1
CUST_100217,19,Young (<25),Female,58200.0,26100,credit_card,1,4,6,0.2422,1,0,1,Month_1
CUST_100218,35,Working Age (25-55),Male,125200.0,13400,credit_card,8,9,10,0.1792,0,1,0,Month_1
CUST_100219,30,Working Age (25-55),Male,218900.0,50000,debt_consolidation,1,13,3,0.3294,0,1,0,Month_1
CUST_100220,59,Senior (>55),Female,132300.0,41500,debt_consolidation,3,25,4,0.3021,0,0,0,Month_1
CUST_100221,46,Working Age (25-55),Female,94200.0,20000,debt_consolidation,1,14,9,0.2262,1,0,1,Month_1
CUST_100222,60,Senior (>55),Male,54600.0,24000,major_purchase,1,19,5,0.1374,1,0,1,Month_1
CUST_100223,19,Young (<25),Male,101000.0,44200,credit_card,1,6,8,0.3422,0,0,1,Month_1
CUST_100224,19,Young (<25),Male,52800.0,16600,debt_consolidation,0,8,5,0.0947,1,0,1,Month_1
CUST_100225,34,Working Age (25-55),Male,28300.0,10300,credit_card,5,7,6,0.1322,0,0,0,Month_1
CUST_100226,47,Working Age (25-55),Male,40900.0,5700,credit_card,0,15,7,0.0682,0,0,0,Month_1
CUST_100227,35,Working Age (25-55),Female,81800.0,26800,credit_card,8,8,4,0.2156,0,0,0,Month_1
CUST_100228,28,Working Age (25-55),Male,74800.0,23300,medical,10,10,11,0.2434,1,0,0,Month_1
CUST_100229,22,Young (<25),Male,49300.0,17600,debt_consolidation,4,10,10,0.2118,1,1,1,Month_1
CUST_100230,33,Working Age (25-55),Female,163800.0,46300,credit_card,0,12,10,0.3051,0,2,1,Month_1
CUST_100231,45,Working Age (25-55),Male,38000.0,4000,debt_consolidation,0,14,4,0.1953,0,0,0,Month_1
CUST_100232,48,Working Age (25-55),Female,52700.0,7100,debt_consolidation,0,14,10,0.1838,0,0,0,Month_1
CUST_100233,27,Working Age (25-55),Female,20700.0,5400,debt_consolidation,9,9,13,0.1404,0,2,0,Month_1
CUST_100234,47,Working Age (25-55),Female,41200.0,9700,credit_card,0,16,10,0.2231,0,0,0,Month_1
CUST_100235,26,Working Age (25-55),Female,156400.0,44500,major_purchase,0,8,7,0.3867,0,0,1,Month_1
CUST_100236,41,Working Age (25-55),Female,76500.0,18900,debt_consolidation,1,14,6,0.4334,0,0,1,Month_1
CUST_100237,52,Working Age (25-55),Male,50400.0,10900,credit_card,0,25,5,0.0868,0,1,0,Month_1
CUST_100238,53,Working Age (25-55),Female,74300.0,27900,major_purchase,0,12,7,0.2324,0,0,0,Month_1
CUST_100239,35,Working Age (25-55),Male,69900.0,17300,debt_consolidation,4,14,8,0.2342,0,0,0,Month_1
CUST_100240,21,Young (<25),Male,30400.0,7400,small_business,3,12,4,0.0542,0,2,0,Month_1
CUST_100241,50,Working Age (25-55),Male,86900.0,25300,credit_card,5,18,7,0.175,0,0,0,Month_1
CUST_100242,55,Working Age (25-55),Female,71900.0,7400,home_improvement,2,21,7,0.4276,1,0,1,Month_1
CUST_100243,34,Working Age (25-55),Male,66400.0,15900,home_improvement,3,13,8,0.1322,0,0,0,Month_1
CUST_100244,34,Working Age (25-55),Female,72500.0,17100,credit_card,11,14,7,0.2597,0,0,0,Month_1
CUST_100245,36,Working Age (25-55),Male,128600.0,23800,credit_card,0,8,8,0.3771,1,0,1,Month_1
CUST_100246,36,Working Age (25-55),Male,152600.0,34100,home_improvement,4,19,11,0.2906,0,2,0,Month_1
CUST_100247,40,Working Age (25-55),Female,50400.0,15500,small_business,2,15,3,0.4095,1,0,1,Month_1
CUST_100248,42,Working Age (25-55),Female,168300.0,34200,home_improvement,0,12,7,0.1896,0,0,0,Month_1
CUST_100249,39,Working Age (25-55),Male,57400.0,19200,credit_card,0,17,1,0.3465,0,1,1,Month_1
CUST_100250,32,Working Age (25-55),Female,22700.0,9500,debt_consolidation,14,4,5,0.1911,0,0,0,Month_1
CUST_100251,48,Working Age (25-55),Male,106600.0,13800,home_improvement,4,18,4,0.271,0,0,0,Month_1
CUST_100252,32,Working Age (25-55),Male,68700.0,30700,medical,2,11,4,0.3068,0,0,1,Month_1
CUST_100253,55,Working Age (25-55),Male,42600.0,10900,medical,1,20,5,0.2635,1,1,1,Month_1
CUST_100254,42,Working Age (25-55),Female,89600.0,19300,credit_card,2,15,9,0.227,0,1,0,Month_1
CUST_100255,54,Working Age (25-55),Female,93200.0,12800,debt_consolidation,3,13,6,0.1853,0,0,0,Month_1
CUST_100256,19,Young (<25),Male,28600.0,5800,home_improvement,1,3,2,0.1727,0,0,0,Month_1
CUST_100257,27,Working Age (25-55),Female,103300.0,38300,small_business,0,6,5,0.4343,0,0,1,Month_1
CUST_100258,28,Working Age (25-55),Male,18000.0,4000,major_purchase,7,6,3,0.2023,0,0,0,Month_1
CUST_100259,25,Working Age (25-55),Female,51600.0,21800,home_improvement,2,13,9,0.1156,0,0,0,Month_1
CUST_100260,40,Working Age (25-55),Female,19000.0,5000,debt_consolidation,2,13,4,0.2226,1,0,1,Month_1
CUST_100261,57,Senior (>55),Male,83500.0,20200,debt_consolidation,6,21,6,0.1,0,0,0,Month_1
CUST_100262,34,Working Age (25-55),Male,105500.0,27500,debt_consolidation,1,10,5,0.191,0,0,0,Month_1
CUST_100263,45,Working Age (25-55),Female,26000.0,5400,debt_consolidation,7,19,9,0.254,0,0,0,Month_1
CUST_100264,47,Working Age (25-55),Female,22100.0,5300,small_business,0,14,6,0.0884,0,0,0,Month_1
CUST_100265,32,Working Age (25-55),Male,65200.0,20400,credit_card,0,9,5,0.1897,0,2,1,Month_1
CUST_100266,33,Working Age (25-55),Female,39700.0,8500,home_improvement,15,10,7,0.0724,0,0,0,Month_1
CUST_100267,57,Senior (>55),Male,38100.0,13400,debt_consolidation,11,25,11,0.4,0,0,0,Month_1
CUST_100268,31,Working Age (25-55),Male,128000.0,50000,credit_card,0,12,5,0.0719,0,1,0,Month_1
CUST_100269,53,Working Age (25-55),Female,81500.0,10400,debt_consolidation,4,18,7,0.2158,0,0,0,Month_1
CUST_100270,29,Working Age (25-55),Female,24800.0,3600,debt_consolidation,9,10,8,0.1749,0,1,0,Month_1
CUST_100271,36,Working Age (25-55),Female,105700.0,21300,debt_consolidation,1,11,5,0.04,0,0,1,Month_1
CUST_100272,38,Working Age (25-55),Female,28800.0,5100,home_improvement,2,17,9,0.3652,0,2,1,Month_1
CUST_100273,30,Working Age (25-55),Male,54700.0,6600,debt_consolidation,7,6,6,0.0976,0,0,0,Month_1
CUST_100274,47,Working Age (25-55),Female,51700.0,13400,debt_consolidation,1,12,7,0.1304,1,0,1,Month_1
CUST_100275,33,Working Age (25-55),Male,130300.0,14500,debt_consolidation,3,11,10,0.3309,0,0,0,Month_1
CUST_100276,25,Working Age (25-55),Male,71900.0,19500,debt_consolidation,0,3,9,0.04,0,0,0,Month_1
CUST_100277,44,Working Age (25-55),Female,18000.0,3100,home_improvement,9,11,9,0.3264,1,0,1,Month_1
CUST_100278,31,Working Age (25-55),Male,31400.0,13700,small_business,0,9,5,0.2771,0,0,1,Month_1
CUST_100279,24,Young (<25),Male,29900.0,10800,credit_card,0,5,7,0.254,0,1,1,Month_1
CUST_100280,42,Working Age (25-55),Female,29200.0,10300,home_improvement,9,10,7,0.301,1,0,1,Month_1
CUST_100281,52,Working Age (25-55),Female,47000.0,20700,credit_card,0,13,7,0.1254,1,0,1,Month_1
CUST_100282,44,Working Age (25-55),Male,25500.0,10300,debt_consolidation,0,14,7,0.3316,0,0,1,Month_1
CUST_100283,55,Working Age (25-55),Female,32000.0,14300,small_business,18,22,6,0.4494,0,0,1,Month_1
CUST_100284,68,Senior (>55),Female,59900.0,11600,debt_consolidation,7,26,7,0.1316,0,0,0,Month_1
CUST_100285,47,Working Age (25-55),Male,80500.0,25100,home_improvement,5,20,6,0.2046,0,1,0,Month_1
CUST_100286,23,Young (<25),Female,56400.0,6600,credit_card,0,6,7,0.1822,0,0,0,Month_1
CUST_100287,48,Working Age (25-55),Male,20500.0,4500,debt_consolidation,2,19,6,0.4185,1,0,1,Month_1
CUST_100288,32,Working Age (25-55),Female,77200.0,17600,credit_card,1,10,3,0.3101,0,0,0,Month_1
CUST_100289,51,Working Age (25-55),Female,161100.0,50000,credit_card,0,16,7,0.2488,0,0,0,Month_1
CUST_100290,35,Working Age (25-55),Male,20800.0,2300,debt_consolidation,3,8,4,0.304,0,0,1,Month_1
CUST_100291,25,Working Age (25-55),Female,67700.0,21400,debt_consolidation,2,8,2,0.2681,0,0,1,Month_1
CUST_100292,32,Working Age (25-55),Male,63600.0,28100,medical,11,16,7,0.2173,0,0,0,Month_1
CUST_100293,19,Young (<25),Female,71500.0,28300,debt_consolidation,1,8,12,0.1356,0,2,1,Month_1
CUST_100294,19,Young (<25),Male,126000.0,15900,major_purchase,0,1,6,0.2356,0,0,0,Month_1
CUST_100295,45,Working Age (25-55),Female,28200.0,11200,debt_consolidation,0,11,6,0.1933,0,2,1,Month_1
CUST_100296,50,Working Age (25-55),Male,52100.0,10600,home_improvement,8,18,7,0.1732,0,1,0,Month_1
CUST_100297,40,Working Age (25-55),Male,41300.0,8200,small_business,6,15,7,0.2032,0,0,0,Month_1
CUST_100298,57,Senior (>55),Female,66900.0,9100,small_business,2,11,5,0.1841,0,2,0,Month_1
CUST_100299,24,Young (<25),Male,45900.0,12600,debt_consolidation,3,12,5,0.184,0,0,0,Month_1
CUST_100300,47,Working Age (25-55),Male,39000.0,9100,home_improvement,1,17,4,0.1848,1,2,1,Month_1
CUST_100301,19,Young (<25),Female,39000.0,5800,small_business,1,12,11,0.1304,0,0,0,Month_1
CUST_100302,35,Working Age (25-55),Male,39000.0,13600,medical,7,11,7,0.2036,0,0,0,Month_1
CUST_100303,29,Working Age (25-55),Male,141000.0,50000,home_improvement,2,5,6,0.0496,0,1,0,Month_1
CUST_100304,38,Working Age (25-55),Female,79900.0,16000,credit_card,2,12,5,0.4336,0,0,1,Month_1
CUST_100305,25,Working Age (25-55),Male,76000.0,25500,debt_consolidation,5,11,8,0.1019,0,2,0,Month_1
CUST_100306,38,Working Age (25-55),Male,66200.0,18700,debt_consolidation,15,8,11,0.3946,0,0,1,Month_1
CUST_100307,29,Working Age (25-55),Male,63600.0,17900,debt_consolidation,3,8,3,0.2595,0,0,0,Month_1
CUST_100308,31,Working Age (25-55),Female,28600.0,3000,debt_consolidation,13,9,5,0.4021,0,0,1,Month_1
CUST_100309,38,Working Age (25-55),Female,71300.0,16300,credit_card,20,10,5,0.2619,0,2,0,Month_1
CUST_100310,28,Working Age (25-55),Male,98800.0,24600,debt_consolidation,5,10,5,0.1094,0,0,0,Month_1
CUST_100311,26,Working Age (25-55),Female,40100.0,15100,home_improvement,2,9,6,0.2653,0,0,0,Month_1
CUST_100312,28,Working Age (25-55),Female,33100.0,6700,debt_consolidation,0,7,4,0.4552,1,0,1,Month_1
CUST_100313,37,Working Age (25-55),Male,21300.0,4100,home_improvement,2,13,8,0.1024,0,0,0,Month_1
CUST_100314,30,Working Age (25-55),Male,112200.0,34900,small_business,2,5,10,0.2458,0,0,0,Month_1
CUST_100315,50,Working Age (25-55),Female,77400.0,27400,debt_consolidation,9,14,11,0.1384,0,0,0,Month_1
CUST_100316,46,Working Age (25-55),Female,46700.0,12900,debt_consolidation,0,21,2,0.2462,0,0,0,Month_1
CUST_100317,56,Senior (>55),Male,65000.0,7000,medical,1,22,13,0.1496,0,0,0,Month_1
CUST_100318,27,Working Age (25-55),Female,60800.0,21100,debt_consolidation,2,10,10,0.1087,0,2,0,Month_1
CUST_100319,26,Working Age (25-55),Female,18000.0,6800,debt_consolidation,8,6,5,0.1846,0,0,0,Month_1
CUST_100320,35,Working Age (25-55),Male,24000.0,3400,debt_consolidation,4,11,4,0.1725,1,2,1,Month_1
CUST_100321,31,Working Age (25-55),Male,34100.0,8700,credit_card,1,12,6,0.2191,0,0,0,Month_1
CUST_100322,38,Working Age (25-55),Female,34700.0,9900,credit_card,0,10,3,0.0848,0,1,0,Month_1
CUST_100323,40,Working Age (25-55),Male,47000.0,8700,credit_card,1,16,11,0.5453,0,0,1,Month_1
CUST_100324,35,Working Age (25-55),Female,46100.0,14700,credit_card,4,14,10,0.2984,1,0,1,Month_1
CUST_100325,25,Working Age (25-55),Female,53000.0,22800,debt_consolidation,3,13,10,0.1771,0,2,1,Month_1
CUST_100326,25,Working Age (25-55),Male,77600.0,17800,home_improvement,1,11,8,0.3738,1,0,1,Month_1
CUST_100327,39,Working Age (25-55),Male,87700.0,27800,debt_consolidation,0,11,7,0.1804,0,0,0,Month_1
CUST_100328,51,Working Age (25-55),Male,79300.0,14100,debt_consolidation,1,16,6,0.4154,1,0,1,Month_1
CUST_100329,36,Working Age (25-55),Male,29100.0,12500,credit_card,0,15,5,0.1947,1,0,1,Month_1
CUST_100330,37,Working Age (25-55),Male,107500.0,39900,small_business,2,11,8,0.2039,0,0,0,Month_1
CUST_100331,49,Working Age (25-55),Male,18500.0,3700,home_improvement,3,17,5,0.3763,1,0,1,Month_1
CUST_100332,33,Working Age (25-55),Male,62900.0,26900,debt_consolidation,2,16,6,0.3001,0,0,1,Month_1
CUST_100333,38,Working Age (25-55),Male,92200.0,31700,home_improvement,4,12,5,0.5183,0,0,1,Month_1
CUST_100334,28,Working Age (25-55),Male,67500.0,10200,credit_card,3,4,13,0.2745,0,0,0,Month_1
CUST_100335,49,Working Age (25-55),Female,36200.0,14700,major_purchase,0,18,12,0.1147,1,0,1,Month_1
CUST_100336,24,Young (<25),Female,38400.0,5600,debt_consolidation,0,12,6,0.2443,0,0,0,Month_1
CUST_100337,54,Working Age (25-55),Male,57100.0,8000,debt_consolidation,7,11,11,0.0499,0,0,0,Month_1
CUST_100338,68,Senior (>55),Male,73300.0,9200,credit_card,1,24,8,0.3232,1,0,1,Month_1
CUST_100339,42,Working Age (25-55),Male,70800.0,22200,home_improvement,1,13,10,0.4639,1,0,1,Month_1
CUST_100340,26,Working Age (25-55),Female,145200.0,20600,credit_card,7,5,6,0.1594,0,3,0,Month_1
CUST_100341,52,Working Age (25-55),Male,44800.0,8300,small_business,16,22,12,0.2629,0,0,0,Month_1
CUST_100342,27,Working Age (25-55),Female,79300.0,10700,credit_card,4,10,5,0.2659,0,0,0,Month_1
CUST_100343,58,Senior (>55),Male,42900.0,6000,credit_card,8,20,13,0.2205,0,1,0,Month_1
CUST_100344,20,Young (<25),Male,58000.0,16500,debt_consolidation,0,8,7,0.376,0,0,1,Month_1
CUST_100345,28,Working Age (25-55),Female,30000.0,3300,debt_consolidation,3,8,7,0.049,0,0,0,Month_1
CUST_100346,43,Working Age (25-55),Female,73100.0,32900,debt_consolidation,0,14,10,0.3585,0,0,1,Month_1
CUST_100347,44,Working Age (25-55),Female,63300.0,27700,home_improvement,5,18,2,0.2014,1,0,1,Month_1
CUST_100348,22,Young (<25),Male,96300.0,16300,debt_consolidation,4,9,5,0.3584,0,0,0,Month_1
CUST_100349,40,Working Age (25-55),Female,64400.0,9700,medical,5,12,9,0.048,0,0,0,Month_1
CUST_100350,35,Working Age (25-55),Female,53200.0,16500,small_business,0,13,4,0.1361,0,0,0,Month_1
CUST_100351,29,Working Age (25-55),Male,122200.0,25400,debt_consolidation,0,13,3,0.3586,0,0,0,Month_1
CUST_100352,39,Working Age (25-55),Male,67500.0,9900,credit_card,9,16,6,0.242,0,0,0,Month_1
CUST_100353,21,Young (<25),Male,31700.0,11300,debt_consolidation,0,10,5,0.1387,0,0,0,Month_1
CUST_100354,40,Working Age (25-55),Female,70400.0,24400,medical,0,13,6,0.04,0,0,0,Month_1
CUST_100355,19,Young (<25),Male,20800.0,5100,debt_consolidation,1,5,8,0.2977,0,0,1,Month_1
CUST_100356,24,Young (<25),Male,85500.0,30400,credit_card,4,13,6,0.1134,0,2,0,Month_1
CUST_100357,45,Working Age (25-55),Male,47800.0,10300,debt_consolidation,0,16,12,0.2928,0,0,0,Month_1
CUST_100358,19,Young (<25),Male,31200.0,7400,major_purchase,1,11,6,0.3216,0,0,1,Month_1
CUST_100359,57,Senior (>55),Female,97100.0,39300,home_improvement,1,24,8,0.3309,0,0,1,Month_1
CUST_100360,49,Working Age (25-55),Female,46700.0,17700,home_improvement,2,12,6,0.2669,0,0,0,Month_1
CUST_100361,43,Working Age (25-55),Male,63100.0,11100,debt_consolidation,2,12,6,0.1716,1,1,1,Month_1
CUST_100362,36,Working Age (25-55),Female,109100.0,41600,credit_card,4,11,5,0.2757,1,0,0,Month_1
CUST_100363,38,Working Age (25-55),Male,110200.0,14600,home_improvement,2,8,7,0.1527,0,1,0,Month_1
CUST_100364,19,Young (<25),Female,191400.0,46700,debt_consolidation,1,13,7,0.1116,0,0,0,Month_1
CUST_100365,19,Young (<25),Female,59600.0,21200,credit_card,1,7,9,0.353,0,0,1,Month_1
CUST_100366,28,Working Age (25-55),Male,45100.0,13100,medical,2,8,3,0.1734,0,0,0,Month_1
CUST_100367,43,Working Age (25-55),Female,64300.0,14900,credit_card,10,17,5,0.5623,1,0,1,Month_1
CUST_100368,55,Working Age (25-55),Male,75400.0,19500,home_improvement,2,17,7,0.2407,0,0,0,Month_1
CUST_100369,43,Working Age (25-55),Male,29100.0,11300,debt_consolidation,3,16,8,0.2078,0,0,0,Month_1
CUST_100370,38,Working Age (25-55),Male,50800.0,8600,small_business,0,14,5,0.2169,1,0,1,Month_1
CUST_100371,45,Working Age (25-55),Male,73800.0,13000,credit_card,0,11,8,0.3425,0,2,1,Month_1
CUST_100372,38,Working Age (25-55),Female,52100.0,7400,major_purchase,2,8,13,0.04,0,0,0,Month_1
CUST_100373,50,Working Age (25-55),Female,126200.0,28400,credit_card,1,20,8,0.3155,1,0,1,Month_1
CUST_100374,58,Senior (>55),Male,38500.0,7300,debt_consolidation,9,21,10,0.067,0,0,0,Month_1
CUST_100375,29,Working Age (25-55),Female,64300.0,11200,debt_consolidation,5,10,8,0.0482,0,1,0,Month_1
CUST_100376,50,Working Age (25-55),Female,62000.0,10400,debt_consolidation,2,18,4,0.1371,0,0,0,Month_1
CUST_100377,26,Working Age (25-55),Male,37500.0,11100,credit_card,8,6,5,0.3382,0,0,1,Month_1
CUST_100378,50,Working Age (25-55),Female,42000.0,13100,small_business,0,17,10,0.2426,0,1,1,Month_1
CUST_100379,38,Working Age (25-55),Female,47300.0,7500,medical,1,14,12,0.2677,1,0,0,Month_1
CUST_100380,19,Young (<25),Female,90800.0,34200,debt_consolidation,1,5,4,0.1709,0,0,0,Month_1
CUST_100381,50,Working Age (25-55),Female,97300.0,18200,debt_consolidation,1,16,8,0.1233,0,2,0,Month_1
CUST_100382,19,Young (<25),Male,28400.0,5200,small_business,1,10,10,0.065,0,0,0,Month_1
CUST_100383,37,Working Age (25-55),Female,207300.0,50000,home_improvement,0,11,4,0.1078,0,1,0,Month_1
CUST_100384,35,Working Age (25-55),Female,34300.0,10900,debt_consolidation,3,18,7,0.1469,0,0,0,Month_1
CUST_100385,51,Working Age (25-55),Male,114700.0,24300,debt_consolidation,4,15,7,0.0672,1,0,0,Month_1
CUST_100386,52,Working Age (25-55),Female,56000.0,25000,credit_card,9,20,7,0.0586,0,0,0,Month_1
CUST_100387,56,Senior (>55),Male,96000.0,41800,credit_card,5,18,7,0.3814,0,1,1,Month_1
CUST_100388,22,Young (<25),Female,88900.0,31000,small_business,2,7,5,0.1877,0,0,0,Month_1
CUST_100389,37,Working Age (25-55),Female,54700.0,17100,debt_consolidation,10,16,8,0.1642,0,1,0,Month_1
CUST_100390,66,Senior (>55),Male,36100.0,6500,home_improvement,11,27,2,0.163,0,0,0,Month_1
CUST_100391,35,Working Age (25-55),Male,166200.0,50000,debt_consolidation,0,12,5,0.3077,1,0,1,Month_1
CUST_100392,70,Senior (>55),Female,149100.0,50000,debt_consolidation,2,23,5,0.3607,0,0,0,Month_1
CUST_100393,31,Working Age (25-55),Female,80200.0,23900,small_business,0,7,6,0.426,0,2,1,Month_1
CUST_100394,39,Working Age (25-55),Female,32500.0,13100,debt_consolidation,1,11,7,0.1845,0,0,0,Month_1
CUST_100395,31,Working Age (25-55),Female,104000.0,16600,credit_card,6,8,6,0.248,0,0,0,Month_1
CUST_100396,40,Working Age (25-55),Female,67700.0,8600,debt_consolidation,1,10,10,0.1707,0,0,0,Month_1
CUST_100397,53,Working Age (25-55),Female,64100.0,19300,medical,5,18,1,0.1632,0,0,0,Month_1
CUST_100398,26,Working Age (25-55),Female,54300.0,14500,credit_card,8,8,8,0.1914,0,1,0,Month_1
CUST_100399,34,Working Age (25-55),Female,25400.0,8700,debt_consolidation,1,8,8,0.1666,0,0,0,Month_1
CUST_100400,49,Working Age (25-55),Male,49300.0,9800,small_business,0,15,9,0.04,1,1,0,Month_1
CUST_100401,19,Young (<25),Male,66000.0,7100,small_business,0,11,4,0.1906,0,0,0,Month_1
CUST_100402,57,Senior (>55),Male,48100.0,17900,credit_card,4,21,9,0.4786,1,0,1,Month_1
CUST_100403,47,Working Age (25-55),Male,57900.0,23900,home_improvement,7,10,8,0.2508,0,0,1,Month_1
CUST_100404,67,Senior (>55),Female,61600.0,8300,debt_consolidation,0,25,6,0.2671,1,2,1,Month_1
CUST_100405,49,Working Age (25-55),Female,83200.0,31500,debt_consolidation,0,15,10,0.2187,0,1,1,Month_1
CUST_100406,23,Young (<25),Female,71600.0,27800,credit_card,1,5,9,0.1961,0,2,1,Month_1
CUST_100407,57,Senior (>55),Male,61100.0,20100,home_improvement,5,18,8,0.249,0,2,0,Month_1
CUST_100408,40,Working Age (25-55),Male,60500.0,9100,debt_consolidation,1,12,5,0.1531,0,0,0,Month_1
CUST_100409,27,Working Age (25-55),Male,77100.0,31900,debt_consolidation,0,13,6,0.2181,1,0,1,Month_1
CUST_100410,27,Working Age (25-55),Male,39300.0,10000,debt_consolidation,3,9,2,0.1738,0,2,0,Month_1
CUST_100411,42,Working Age (25-55),Male,22100.0,3500,medical,10,14,6,0.2685,0,0,0,Month_1
CUST_100412,50,Working Age (25-55),Female,47300.0,16800,debt_consolidation,5,19,8,0.102,0,0,0,Month_1
CUST_100413,30,Working Age (25-55),Female,23100.0,8000,debt_consolidation,2,10,9,0.1874,0,0,0,Month_1
CUST_100414,46,Working Age (25-55),Female,61000.0,11400,small_business,1,18,8,0.04,0,0,0,Month_1
CUST_100415,35,Working Age (25-55),Male,62400.0,23300,small_business,7,14,6,0.1791,0,0,0,Month_1
CUST_100416,57,Senior (>55),Female,54800.0,16200,home_improvement,4,16,4,0.2735,0,0,0,Month_1
CUST_100417,22,Young (<25),Male,68400.0,28300,medical,4,10,9,0.1053,0,1,0,Month_1
CUST_100418,30,Working Age (25-55),Female,88100.0,24400,credit_card,0,10,14,0.2096,0,0,0,Month_1
CUST_100419,49,Working Age (25-55),Female,66200.0,17500,debt_consolidation,11,17,9,0.2086,0,0,0,Month_1
CUST_100420,31,Working Age (25-55),Female,54900.0,11500,debt_consolidation,2,10,5,0.118,0,0,0,Month_1
CUST_100421,42,Working Age (25-55),Female,50600.0,21600,debt_consolidation,1,14,6,0.5457,0,2,1,Month_1
CUST_100422,37,Working Age (25-55),Male,142300.0,23900,debt_consolidation,6,19,3,0.2396,0,0,0,Month_1
CUST_100423,50,Working Age (25-55),Male,71900.0,31300,credit_card,5,13,6,0.168,0,2,0,Month_1
CUST_100424,40,Working Age (25-55),Female,61600.0,27600,debt_consolidation,2,11,6,0.1063,0,2,0,Month_1
CUST_100425,58,Senior (>55),Female,57400.0,10600,home_improvement,1,17,7,0.2055,0,0,0,Month_1
CUST_100426,39,Working Age (25-55),Male,82600.0,12200,debt_consolidation,6,13,3,0.2599,0,2,0,Month_1
CUST_100427,37,Working Age (25-55),Male,42800.0,6500,debt_consolidation,0,8,7,0.4837,0,0,1,Month_1
CUST_100428,33,Working Age (25-55),Male,48600.0,15700,debt_consolidation,6,12,4,0.23,0,0,0,Month_1
CUST_100429,31,Working Age (25-55),Male,84000.0,22400,credit_card,2,14,7,0.1043,0,0,0,Month_1
CUST_100430,21,Young (<25),Male,90000.0,38800,small_business,2,3,7,0.0818,0,1,1,Month_1
CUST_100431,67,Senior (>55),Male,54800.0,11000,home_improvement,1,21,5,0.1046,0,2,0,Month_1
CUST_100432,44,Working Age (25-55),Male,25100.0,8900,home_improvement,12,16,5,0.065,0,0,0,Month_1
CUST_100433,22,Young (<25),Female,18000.0,5800,home_improvement,4,3,11,0.0726,0,2,0,Month_1
CUST_100434,39,Working Age (25-55),Female,48400.0,6600,credit_card,9,12,3,0.1237,0,1,1,Month_1
CUST_100435,34,Working Age (25-55),Male,40100.0,9000,debt_consolidation,1,16,7,0.2022,0,0,0,Month_1
CUST_100436,30,Working Age (25-55),Female,31000.0,7800,debt_consolidation,0,13,8,0.1196,1,0,1,Month_1
CUST_100437,47,Working Age (25-55),Male,57900.0,22500,credit_card,1,15,7,0.1154,1,2,1,Month_1
CUST_100438,31,Working Age (25-55),Male,47300.0,15600,debt_consolidation,3,10,9,0.0606,0,0,0,Month_1
CUST_100439,41,Working Age (25-55),Female,22400.0,3300,debt_consolidation,2,13,8,0.3624,0,0,1,Month_1
CUST_100440,25,Working Age (25-55),Male,19800.0,8100,credit_card,1,8,11,0.087,0,0,0,Month_1
CUST_100441,37,Working Age (25-55),Female,79800.0,23400,debt_consolidation,10,7,11,0.1095,0,0,0,Month_1
CUST_100442,53,Working Age (25-55),Male,60300.0,11400,home_improvement,1,20,6,0.1631,0,0,0,Month_1
CUST_100443,27,Working Age (25-55),Male,129400.0,27200,debt_consolidation,6,14,4,0.2638,0,0,1,Month_1
CUST_100444,28,Working Age (25-55),Female,44300.0,10100,home_improvement,1,10,9,0.2106,1,0,1,Month_1
CUST_100445,30,Working Age (25-55),Female,42500.0,13900,debt_consolidation,2,9,6,0.201,0,1,1,Month_1
CUST_100446,28,Working Age (25-55),Male,76000.0,13800,credit_card,10,9,7,0.2289,0,0,0,Month_1
CUST_100447,41,Working Age (25-55),Female,54900.0,12900,debt_consolidation,11,16,7,0.2424,0,0,0,Month_1
CUST_100448,54,Working Age (25-55),Male,22400.0,2700,debt_consolidation,0,19,2,0.2564,0,0,0,Month_1
CUST_100449,44,Working Age (25-55),Male,93700.0,10700,debt_consolidation,0,21,6,0.2113,1,3,0,Month_1
CUST_100450,40,Working Age (25-55),Male,118700.0,30300,home_improvement,5,14,4,0.2454,0,0,0,Month_1
CUST_100451,30,Working Age (25-55),Male,57600.0,6500,major_purchase,5,11,12,0.0434,0,2,0,Month_1
CUST_100452,36,Working Age (25-55),Male,26200.0,9500,credit_card,8,7,16,0.219,0,0,0,Month_1
CUST_100453,19,Young (<25),Male,39700.0,6300,home_improvement,0,7,7,0.0867,0,0,0,Month_1
CUST_100454,50,Working Age (25-55),Female,27000.0,7500,major_purchase,3,18,2,0.1213,0,0,0,Month_1
CUST_100455,42,Working Age (25-55),Female,94600.0,11300,home_improvement,6,17,6,0.22,0,0,0,Month_1
CUST_100456,40,Working Age (25-55),Male,24700.0,11000,medical,6,21,6,0.0945,0,0,0,Month_1
CUST_100457,22,Young (<25),Male,64900.0,28200,debt_consolidation,4,8,5,0.3561,1,0,1,Month_1
CUST_100458,40,Working Age (25-55),Male,124300.0,47600,debt_consolidation,7,15,9,0.5149,0,0,0,Month_1
CUST_100459,19,Young (<25),Male,54100.0,13400,debt_consolidation,1,5,3,0.1886,0,0,0,Month_1
CUST_100460,53,Working Age (25-55),Male,117800.0,46300,credit_card,4,10,8,0.1712,0,1,1,Month_1
CUST_100461,44,Working Age (25-55),Female,39800.0,6000,small_business,3,16,8,0.3849,0,1,1,Month_1
CUST_100462,45,Working Age (25-55),Female,87700.0,36500,debt_consolidation,5,12,7,0.2768,0,0,1,Month_1
CUST_100463,33,Working Age (25-55),Female,36500.0,5800,debt_consolidation,10,11,7,0.1613,0,0,0,Month_1
CUST_100464,50,Working Age (25-55),Female,70200.0,17700,debt_consolidation,0,14,5,0.0521,0,0,0,Month_1
CUST_100465,56,Senior (>55),Male,64500.0,7600,debt_consolidation,0,18,4,0.1788,0,0,0,Month_1
CUST_100466,36,Working Age (25-55),Male,34500.0,9100,debt_consolidation,1,9,14,0.3121,0,0,1,Month_1
CUST_100467,36,Working Age (25-55),Female,20200.0,2200,debt_consolidation,11,15,11,0.3283,0,1,1,Month_1
CUST_100468,31,Working Age (25-55),Male,45900.0,15600,credit_card,1,9,6,0.0737,0,0,0,Month_1
CUST_100469,32,Working Age (25-55),Male,80400.0,25600,debt_consolidation,2,10,9,0.3527,1,0,1,Month_1
CUST_100470,42,Working Age (25-55),Female,38300.0,8900,debt_consolidation,6,13,7,0.3832,0,0,0,Month_1
CUST_100471,52,Working Age (25-55),Female,18800.0,7700,debt_consolidation,20,16,6,0.3925,1,0,1,Month_1
CUST_100472,38,Working Age (25-55),Female,70600.0,8800,debt_consolidation,2,9,9,0.1002,0,2,0,Month_1
CUST_100473,19,Young (<25),Female,68200.0,12200,credit_card,1,3,6,0.2586,0,0,0,Month_1
CUST_100474,20,Young (<25),Female,45800.0,12900,home_improvement,0,8,7,0.1947,1,1,1,Month_1
CUST_100475,35,Working Age (25-55),Male,38100.0,8100,small_business,2,12,8,0.1323,0,0,0,Month_1
CUST_100476,19,Young (<25),Male,56700.0,20600,small_business,1,13,4,0.2751,0,2,1,Month_1
CUST_100477,62,Senior (>55),Female,104800.0,32300,credit_card,3,20,7,0.1553,0,1,0,Month_1
CUST_100478,43,Working Age (25-55),Male,52800.0,16100,home_improvement,3,16,11,0.2904,0,0,0,Month_1
CUST_100479,25,Working Age (25-55),Male,22900.0,8000,debt_consolidation,6,8,4,0.4195,0,0,1,Month_1
CUST_100480,45,Working Age (25-55),Male,126400.0,50000,debt_consolidation,1,11,7,0.3792,0,1,0,Month_1
CUST_100481,24,Young (<25),Female,68500.0,28100,debt_consolidation,1,8,8,0.1154,0,0,0,Month_1
CUST_100482,43,Working Age (25-55),Male,88100.0,30600,credit_card,5,16,9,0.1977,0,0,0,Month_1
CUST_100483,51,Working Age (25-55),Female,105700.0,29600,debt_consolidation,0,13,8,0.2026,0,0,0,Month_1
CUST_100484,26,Working Age (25-55),Male,33900.0,9800,major_purchase,0,11,9,0.0835,1,0,0,Month_1
CUST_100485,25,Working Age (25-55),Male,44900.0,19900,credit_card,3,7,8,0.0947,0,0,0,Month_1
CUST_100486,37,Working Age (25-55),Female,63300.0,20400,home_improvement,2,8,10,0.2895,0,0,1,Month_1
CUST_100487,49,Working Age (25-55),Male,63400.0,21400,credit_card,0,21,2,0.302,0,0,0,Month_1
CUST_100488,40,Working Age (25-55),Female,99900.0,36800,small_business,1,11,5,0.4077,1,0,1,Month_1
CUST_100489,41,Working Age (25-55),Female,65500.0,10200,debt_consolidation,1,13,3,0.186,0,0,0,Month_1
CUST_100490,29,Working Age (25-55),Male,51300.0,17000,debt_consolidation,9,12,9,0.3308,0,0,1,Month_1
CUST_100491,44,Working Age (25-55),Female,31500.0,6600,home_improvement,2,9,11,0.1937,0,0,0,Month_1
CUST_100492,30,Working Age (25-55),Female,140800.0,20700,debt_consolidation,10,15,7,0.24,1,0,0,Month_1
CUST_100493,47,Working Age (25-55),Male,68700.0,24300,credit_card,10,20,10,0.0838,1,0,0,Month_1
CUST_100494,45,Working Age (25-55),Female,52200.0,14800,debt_consolidation,5,17,6,0.3615,0,0,1,Month_1
CUST_100495,51,Working Age (25-55),Male,72800.0,22500,credit_card,9,20,10,0.0709,1,0,0,Month_1
CUST_100496,55,Working Age (25-55),Male,92500.0,9700,debt_consolidation,11,21,14,0.2116,0,0,0,Month_1
CUST_100497,50,Working Age (25-55),Female,61800.0,6300,medical,0,23,9,0.1678,0,0,0,Month_1
CUST_100498,60,Senior (>55),Male,260000.0,28300,home_improvement,4,18,8,0.356,0,0,0,Month_1
CUST_100499,38,Working Age (25-55),Female,72300.0,10200,major_purchase,0,8,9,0.3064,1,0,1,Month_1
CUST_100500,30,Working Age (25-55),Female,92300.0,19800,home_improvement,0,14,9,0.2259,0,0,0,Month_1
CUST_100501,35,Working Age (25-55),Female,19600.0,3700,debt_consolidation,1,12,9,0.2634,0,0,0,Month_1
CUST_100502,56,Senior (>55),Male,42500.0,8800,debt_consolidation,9,15,7,0.2463,0,0,0,Month_1
CUST_100503,71,Senior (>55),Male,111200.0,22400,debt_consolidation,30,22,7,0.2509,0,0,0,Month_1
CUST_100504,43,Working Age (25-55),Male,50600.0,20800,debt_consolidation,3,14,11,0.1411,0,1,0,Month_1
CUST_100505,19,Young (<25),Female,219400.0,50000,credit_card,1,11,10,0.242,0,0,0,Month_1
CUST_100506,26,Working Age (25-55),Male,57600.0,7400,home_improvement,0,7,6,0.1634,1,0,1,Month_1
CUST_100507,55,Working Age (25-55),Male,18000.0,3400,debt_consolidation,4,23,5,0.37,0,0,0,Month_1
CUST_100508,43,Working Age (25-55),Female,26900.0,4900,small_business,4,18,8,0.247,1,0,1,Month_1
CUST_100509,41,Working Age (25-55),Female,18000.0,3600,small_business,2,10,6,0.1827,1,0,1,Month_1
CUST_100510,36,Working Age (25-55),Male,68800.0,23500,debt_consolidation,2,8,8,0.3342,0,1,1,Month_1
CUST_100511,22,Young (<25),Female,95700.0,28500,debt_consolidation,4,2,4,0.0973,0,1,0,Month_1
CUST_100512,34,Working Age (25-55),Female,87500.0,30400,credit_card,2,12,12,0.0684,0,0,0,Month_1
CUST_100513,46,Working Age (25-55),Female,39900.0,11500,home_improvement,0,15,9,0.2045,0,0,0,Month_1
CUST_100514,36,Working Age (25-55),Male,21600.0,8800,credit_card,2,13,9,0.301,0,0,1,Month_1
CUST_100515,28,Working Age (25-55),Female,50900.0,9300,credit_card,1,13,10,0.3373,0,0,1,Month_1
CUST_100516,36,Working Age (25-55),Male,66100.0,7800,credit_card,0,15,6,0.1368,0,0,0,Month_1
CUST_100517,43,Working Age (25-55),Male,88200.0,23300,debt_consolidation,0,13,10,0.4117,0,1,1,Month_1
CUST_100518,29,Working Age (25-55),Male,91500.0,28800,debt_consolidation,2,10,10,0.1098,0,0,0,Month_1
CUST_100519,41,Working Age (25-55),Female,26500.0,9700,credit_card,1,17,7,0.0405,0,0,0,Month_1
CUST_100520,46,Working Age (25-55),Male,40600.0,17800,small_business,3,14,5,0.0943,0,0,0,Month_1
CUST_100521,43,Working Age (25-55),Female,98800.0,11300,credit_card,2,19,3,0.1118,0,0,1,Month_1
CUST_100522,41,Working Age (25-55),Female,240400.0,50000,credit_card,1,16,4,0.2269,0,0,0,Month_1
CUST_100523,19,Young (<25),Female,113600.0,28800,small_business,1,6,6,0.3273,0,0,1,Month_1
CUST_100524,58,Senior (>55),Male,39800.0,15400,small_business,2,20,3,0.268,0,0,0,Month_1
CUST_100525,36,Working Age (25-55),Female,18000.0,5000,medical,3,14,6,0.1291,0,1,0,Month_1
CUST_100526,41,Working Age (25-55),Male,26500.0,8000,credit_card,17,12,11,0.0792,0,0,0,Month_1
CUST_100527,46,Working Age (25-55),Male,36300.0,9100,debt_consolidation,0,17,3,0.2645,0,0,0,Month_1
CUST_100528,40,Working Age (25-55),Male,86000.0,21400,debt_consolidation,5,20,6,0.2419,0,0,0,Month_1
CUST_100529,37,Working Age (25-55),Male,29900.0,8000,home_improvement,11,15,7,0.325,0,0,0,Month_1
CUST_100530,24,Young (<25),Female,100000.0,35200,credit_card,1,2,5,0.2331,0,0,1,Month_1
CUST_100531,51,Working Age (25-55),Male,106500.0,17500,small_business,9,20,8,0.2258,0,0,0,Month_1
CUST_100532,47,Working Age (25-55),Male,98200.0,26800,debt_consolidation,0,16,14,0.3519,1,1,1,Month_1
CUST_100533,31,Working Age (25-55),Male,52100.0,22800,credit_card,2,10,4,0.1696,0,0,0,Month_1
CUST_100534,31,Working Age (25-55),Male,40200.0,14000,debt_consolidation,1,11,6,0.1947,0,0,0,Month_1
CUST_100535,53,Working Age (25-55),Male,51000.0,13500,medical,2,13,4,0.2966,0,0,0,Month_1
CUST_100536,50,Working Age (25-55),Male,20900.0,5700,credit_card,4,19,8,0.1674,0,0,0,Month_1
CUST_100537,38,Working Age (25-55),Female,48400.0,21300,small_business,2,7,6,0.2992,0,1,1,Month_1
CUST_100538,49,Working Age (25-55),Male,56700.0,24600,major_purchase,5,18,13,0.0938,0,1,0,Month_1
CUST_100539,26,Working Age (25-55),Female,22700.0,7400,debt_consolidation,0,10,5,0.2314,0,2,1,Month_1
CUST_100540,37,Working Age (25-55),Female,138300.0,41700,debt_consolidation,0,12,4,0.2246,0,2,0,Month_1
CUST_100541,21,Young (<25),Female,31700.0,9700,debt_consolidation,1,7,11,0.3706,1,0,1,Month_1
CUST_100542,62,Senior (>55),Male,50900.0,5900,credit_card,3,22,6,0.1326,0,0,0,Month_1
CUST_100543,25,Working Age (25-55),Female,19000.0,4700,credit_card,1,7,9,0.0942,0,0,0,Month_1
CUST_100544,25,Working Age (25-55),Male,57700.0,22600,debt_consolidation,0,10,7,0.2649,0,1,1,Month_1
CUST_100545,73,Senior (>55),Male,106000.0,30400,credit_card,0,20,7,0.2946,0,1,1,Month_1
CUST_100546,36,Working Age (25-55),Male,55900.0,16100,home_improvement,6,16,4,0.2333,0,0,0,Month_1
CUST_100547,42,Working Age (25-55),Female,81100.0,28000,credit_card,4,13,6,0.2214,0,0,0,Month_1
CUST_100548,47,Working Age (25-55),Female,54400.0,10400,home_improvement,8,16,5,0.0818,0,0,0,Month_1
CUST_100549,37,Working Age (25-55),Female,68100.0,20700,debt_consolidation,14,12,1,0.1512,0,0,0,Month_1
CUST_100550,58,Senior (>55),Male,111400.0,36900,credit_card,2,21,12,0.1545,0,1,0,Month_1
CUST_100551,43,Working Age (25-55),Female,57500.0,25500,credit_card,5,16,9,0.0402,0,2,0,Month_1
CUST_100552,56,Senior (>55),Female,42500.0,13500,debt_consolidation,1,24,2,0.056,0,1,0,Month_1
CUST_100553,25,Working Age (25-55),Female,30400.0,5500,small_business,2,10,13,0.1567,0,3,0,Month_1
CUST_100554,45,Working Age (25-55),Male,53200.0,14800,major_purchase,1,22,5,0.2283,0,0,0,Month_1
CUST_100555,56,Senior (>55),Male,40100.0,6200,credit_card,5,23,7,0.4366,0,0,1,Month_1
CUST_100556,53,Working Age (25-55),Female,19400.0,6400,credit_card,2,20,5,0.246,0,0,0,Month_1
CUST_100557,44,Working Age (25-55),Male,102300.0,10900,medical,5,12,6,0.3681,0,1,0,Month_1
CUST_100558,40,Working Age (25-55),Female,65700.0,12200,debt_consolidation,2,13,8,0.2156,0,1,0,Month_1
CUST_100559,55,Working Age (25-55),Female,75800.0,26800,debt_consolidation,3,14,7,0.04,0,0,0,Month_1
CUST_100560,42,Working Age (25-55),Female,59000.0,14800,credit_card,3,11,6,0.1652,0,0,0,Month_1
CUST_100561,56,Senior (>55),Male,159000.0,47000,debt_consolidation,3,19,5,0.1944,0,0,0,Month_1
CUST_100562,43,Working Age (25-55),Male,138200.0,49300,debt_consolidation,2,12,6,0.1481,0,3,0,Month_1
CUST_100563,48,Working Age (25-55),Female,27800.0,6400,credit_card,0,17,7,0.2884,0,0,0,Month_1
CUST_100564,52,Working Age (25-55),Female,37400.0,12100,debt_consolidation,1,15,6,0.2799,0,2,1,Month_1
CUST_100565,51,Working Age (25-55),Male,43400.0,7600,medical,0,14,7,0.1955,0,0,0,Month_1
CUST_100566,28,Working Age (25-55),Male,35300.0,11400,credit_card,5,9,5,0.2748,0,0,1,Month_1
CUST_100567,35,Working Age (25-55),Male,44300.0,13700,credit_card,3,12,5,0.1145,0,0,0,Month_1
CUST_100568,44,Working Age (25-55),Female,18000.0,2300,credit_card,0,18,5,0.1074,0,0,0,Month_1
CUST_100569,37,Working Age (25-55),Female,87500.0,10600,debt_consolidation,1,8,6,0.3717,0,0,0,Month_1
CUST_100570,39,Working Age (25-55),Female,98900.0,42000,debt_consolidation,5,13,9,0.3906,0,0,1,Month_1
CUST_100571,39,Working Age (25-55),Male,63000.0,21000,home_improvement,3,15,11,0.0908,0,0,0,Month_1
CUST_100572,43,Working Age (25-55),Male,53000.0,13800,debt_consolidation,13,11,3,0.1368,0,0,0,Month_1
CUST_100573,55,Working Age (25-55),Female,58000.0,20000,home_improvement,8,24,8,0.2193,0,0,0,Month_1
CUST_100574,41,Working Age (25-55),Male,54300.0,19300,debt_consolidation,6,14,2,0.2476,0,0,1,Month_1
CUST_100575,44,Working Age (25-55),Male,68400.0,19000,credit_card,6,13,10,0.2051,0,0,0,Month_1
CUST_100576,51,Working Age (25-55),Female,61400.0,8800,major_purchase,0,19,10,0.2288,0,0,0,Month_1
CUST_100577,50,Working Age (25-55),Female,47600.0,17600,home_improvement,0,16,5,0.3687,0,0,1,Month_1
CUST_100578,50,Working Age (25-55),Female,92400.0,13500,credit_card,16,17,7,0.4066,0,0,0,Month_1
CUST_100579,26,Working Age (25-55),Female,86800.0,33900,small_business,2,10,10,0.2063,0,3,1,Month_1
CUST_100580,45,Working Age (25-55),Male,60600.0,9500,home_improvement,2,16,7,0.4184,1,1,1,Month_1
CUST_100581,25,Working Age (25-55),Female,66000.0,10100,home_improvement,0,7,6,0.2854,1,0,1,Month_1
CUST_100582,53,Working Age (25-55),Male,26400.0,10900,credit_card,2,19,4,0.2213,0,0,0,Month_1
CUST_100583,51,Working Age (25-55),Female,46000.0,7200,debt_consolidation,2,17,6,0.1535,0,0,0,Month_1
CUST_100584,53,Working Age (25-55),Female,40700.0,12700,debt_consolidation,1,23,7,0.2862,0,0,0,Month_1
CUST_100585,40,Working Age (25-55),Male,89000.0,26600,credit_card,0,10,8,0.1541,0,0,0,Month_1
CUST_100586,38,Working Age (25-55),Male,66200.0,7700,credit_card,4,12,3,0.075,0,0,0,Month_1
CUST_100587,27,Working Age (25-55),Male,28200.0,7500,credit_card,0,13,15,0.148,1,0,1,Month_1
CUST_100588,31,Working Age (25-55),Female,18000.0,2600,credit_card,0,3,7,0.1412,0,0,0,Month_1
CUST_100589,50,Working Age (25-55),Male,62700.0,15800,debt_consolidation,0,18,4,0.1653,0,1,0,Month_1
CUST_100590,19,Young (<25),Female,79000.0,13700,home_improvement,1,6,4,0.1268,1,1,0,Month_1
CUST_100591,49,Working Age (25-55),Female,64300.0,18800,major_purchase,1,15,2,0.2974,0,0,0,Month_1
CUST_100592,38,Working Age (25-55),Female,48000.0,10400,home_improvement,7,15,7,0.2374,1,3,1,Month_1
CUST_100593,62,Senior (>55),Male,45800.0,15000,debt_consolidation,8,17,10,0.5299,0,0,1,Month_1
CUST_100594,38,Working Age (25-55),Female,51600.0,9800,debt_consolidation,1,13,4,0.0989,0,1,0,Month_1
CUST_100595,24,Young (<25),Male,18000.0,4000,small_business,4,7,5,0.3841,1,0,1,Month_1
CUST_100596,43,Working Age (25-55),Male,55400.0,7600,medical,10,14,7,0.1311,0,0,0,Month_1
CUST_100597,57,Senior (>55),Male,43900.0,14900,credit_card,2,20,9,0.2845,0,0,0,Month_1
CUST_100598,43,Working Age (25-55),Male,74800.0,21700,credit_card,3,15,8,0.1835,0,0,0,Month_1
CUST_100599,41,Working Age (25-55),Male,44800.0,12500,debt_consolidation,4,15,11,0.1407,0,1,0,Month_1
CUST_100600,48,Working Age (25-55),Female,59500.0,19300,debt_consolidation,5,12,9,0.4572,0,3,1,Month_1
CUST_100601,47,Working Age (25-55),Male,34800.0,9400,debt_consolidation,1,19,4,0.3625,1,2,1,Month_1
CUST_100602,59,Senior (>55),Female,64300.0,18800,debt_consolidation,10,23,7,0.3328,0,1,0,Month_1
CUST_100603,20,Young (<25),Male,85200.0,20500,credit_card,2,5,8,0.144,0,0,0,Month_1
CUST_100604,44,Working Age (25-55),Male,41800.0,9200,small_business,0,19,10,0.1803,0,0,0,Month_1
CUST_100605,26,Working Age (25-55),Male,148600.0,46900,credit_card,5,4,7,0.2244,0,0,0,Month_1
CUST_100606,55,Working Age (25-55),Male,45600.0,13100,medical,11,20,2,0.1239,0,0,0,Month_1
CUST_100607,41,Working Age (25-55),Female,31400.0,13400,major_purchase,0,10,10,0.1713,0,0,0,Month_1
CUST_100608,39,Working Age (25-55),Female,61100.0,17400,small_business,11,8,10,0.1966,0,0,0,Month_1
CUST_100609,74,Senior (>55),Male,113200.0,17900,small_business,1,23,11,0.3397,0,0,0,Month_1
CUST_100610,39,Working Age (25-55),Female,48100.0,8400,major_purchase,0,17,11,0.2399,0,0,0,Month_1
CUST_100611,36,Working Age (25-55),Female,88100.0,27500,major_purchase,7,14,11,0.2353,1,0,1,Month_1
CUST_100612,63,Senior (>55),Female,35700.0,15200,debt_consolidation,3,13,8,0.1218,1,0,1,Month_1
CUST_100613,26,Working Age (25-55),Female,69900.0,16300,credit_card,8,8,5,0.217,0,0,0,Month_1
CUST_100614,27,Working Age (25-55),Female,51700.0,10500,medical,2,10,4,0.3087,0,3,1,Month_1
CUST_100615,40,Working Age (25-55),Male,37600.0,12300,debt_consolidation,0,13,9,0.1686,0,2,0,Month_1
CUST_100616,39,Working Age (25-55),Female,41400.0,7300,major_purchase,1,15,3,0.115,0,2,1,Month_1
CUST_100617,52,Working Age (25-55),Male,117900.0,22800,debt_consolidation,3,18,7,0.3697,0,1,0,Month_1
CUST_100618,31,Working Age (25-55),Female,92100.0,24900,debt_consolidation,3,11,4,0.1751,0,0,0,Month_1
CUST_100619,53,Working Age (25-55),Female,121400.0,34800,small_business,4,20,8,0.1398,0,1,0,Month_1
CUST_100620,38,Working Age (25-55),Female,61800.0,18600,debt_consolidation,1,16,4,0.3968,0,0,1,Month_1
CUST_100621,60,Senior (>55),Male,38400.0,13900,home_improvement,2,25,4,0.1277,0,0,1,Month_1
CUST_100622,49,Working Age (25-55),Female,28100.0,5400,medical,9,17,11,0.1754,0,0,0,Month_1
CUST_100623,35,Working Age (25-55),Male,30300.0,12700,credit_card,3,9,7,0.3409,0,0,1,Month_1
CUST_100624,36,Working Age (25-55),Female,118600.0,24400,home_improvement,4,13,5,0.1305,0,0,0,Month_1
CUST_100625,40,Working Age (25-55),Male,66400.0,21900,home_improvement,14,14,8,0.2946,0,0,0,Month_1
CUST_100626,19,Young (<25),Female,96800.0,37000,debt_consolidation,1,6,12,0.1509,0,0,0,Month_1
CUST_100627,47,Working Age (25-55),Male,105800.0,41600,debt_consolidation,2,15,9,0.3331,1,1,1,Month_1
CUST_100628,39,Working Age (25-55),Male,111700.0,24500,home_improvement,0,14,6,0.1031,0,1,0,Month_1
CUST_100629,40,Working Age (25-55),Male,72700.0,11400,small_business,6,9,8,0.3748,0,0,0,Month_1
CUST_100630,43,Working Age (25-55),Female,36100.0,8000,credit_card,0,8,6,0.3102,0,0,1,Month_1
CUST_100631,52,Working Age (25-55),Male,42800.0,4600,debt_consolidation,0,21,4,0.1159,0,0,0,Month_1
CUST_100632,43,Working Age (25-55),Female,66600.0,13600,major_purchase,0,16,5,0.392,0,0,1,Month_1
CUST_100633,37,Working Age (25-55),Male,43000.0,18300,debt_consolidation,1,11,11,0.257,0,0,1,Month_1
CUST_100634,39,Working Age (25-55),Male,44500.0,12500,debt_consolidation,8,11,6,0.2066,0,0,0,Month_1
CUST_100635,34,Working Age (25-55),Male,36600.0,10500,debt_consolidation,13,9,6,0.1148,0,0,0,Month_1
CUST_100636,38,Working Age (25-55),Female,54000.0,19600,major_purchase,0,15,7,0.0722,0,0,0,Month_1
CUST_100637,37,Working Age (25-55),Male,96300.0,21500,credit_card,4,12,8,0.0893,0,1,0,Month_1
CUST_100638,46,Working Age (25-55),Female,18000.0,5400,home_improvement,24,15,10,0.2113,0,0,0,Month_1
CUST_100639,21,Young (<25),Male,75400.0,33400,major_purchase,2,10,2,0.3718,0,0,1,Month_1
CUST_100640,21,Young (<25),Female,36400.0,8000,small_business,3,2,7,0.1934,0,1,1,Month_1
CUST_100641,37,Working Age (25-55),Female,45000.0,7500,credit_card,0,14,6,0.2206,0,0,0,Month_1
CUST_100642,25,Working Age (25-55),Female,210800.0,50000,debt_consolidation,7,12,5,0.4508,0,2,1,Month_1
CUST_100643,21,Young (<25),Male,41100.0,5400,credit_card,3,6,9,0.2403,0,0,0,Month_1
CUST_100644,21,Young (<25),Female,101100.0,23200,debt_consolidation,1,13,8,0.04,0,3,0,Month_1
CUST_100645,48,Working Age (25-55),Male,101200.0,42900,home_improvement,6,13,7,0.165,0,0,0,Month_1
CUST_100646,47,Working Age (25-55),Female,20600.0,3100,debt_consolidation,4,16,8,0.2906,0,0,0,Month_1
CUST_100647,63,Senior (>55),Female,26900.0,4500,debt_consolidation,0,19,6,0.1487,0,0,0,Month_1
CUST_100648,57,Senior (>55),Male,57100.0,15400,home_improvement,5,17,3,0.3062,0,0,0,Month_1
CUST_100649,37,Working Age (25-55),Male,164300.0,39300,debt_consolidation,1,13,6,0.2133,0,0,0,Month_1
CUST_100650,41,Working Age (25-55),Male,138100.0,41600,debt_consolidation,3,13,9,0.048,1,0,0,Month_1
CUST_100651,32,Working Age (25-55),Male,61800.0,17200,debt_consolidation,1,17,7,0.1641,0,2,0,Month_1
CUST_100652,19,Young (<25),Female,83000.0,33000,debt_consolidation,0,7,10,0.154,0,0,0,Month_1
CUST_100653,36,Working Age (25-55),Male,33400.0,12700,small_business,1,16,7,0.2199,0,0,0,Month_1
CUST_100654,53,Working Age (25-55),Female,41600.0,6400,debt_consolidation,5,21,7,0.087,0,0,0,Month_1
CUST_100655,25,Working Age (25-55),Male,34600.0,5500,major_purchase,4,9,5,0.2441,1,1,1,Month_1
CUST_100656,40,Working Age (25-55),Female,34900.0,11500,home_improvement,1,15,8,0.0926,0,0,1,Month_1
CUST_100657,34,Working Age (25-55),Female,68600.0,21500,debt_consolidation,0,13,4,0.0658,0,0,0,Month_1
CUST_100658,38,Working Age (25-55),Female,72100.0,10100,debt_consolidation,4,15,4,0.1177,0,0,1,Month_1
CUST_100659,57,Senior (>55),Male,45600.0,12700,debt_consolidation,1,22,8,0.2239,0,0,0,Month_1
CUST_100660,40,Working Age (25-55),Female,46900.0,8100,credit_card,3,11,5,0.4305,1,0,1,Month_1
CUST_100661,53,Working Age (25-55),Male,34400.0,10200,debt_consolidation,3,19,3,0.1093,1,2,1,Month_1
CUST_100662,33,Working Age (25-55),Female,18000.0,5200,home_improvement,12,14,15,0.2796,0,0,0,Month_1
CUST_100663,66,Senior (>55),Male,84400.0,36200,debt_consolidation,19,21,7,0.3542,1,0,1,Month_1
CUST_100664,41,Working Age (25-55),Male,26200.0,10100,debt_consolidation,9,8,7,0.3245,1,0,1,Month_1
CUST_100665,64,Senior (>55),Female,45100.0,6900,credit_card,10,17,8,0.1086,0,2,0,Month_1
CUST_100666,25,Working Age (25-55),Female,46700.0,18100,debt_consolidation,6,11,3,0.2697,0,3,1,Month_1
CUST_100667,28,Working Age (25-55),Male,33500.0,14800,debt_consolidation,10,17,13,0.0872,0,0,0,Month_1
CUST_100668,51,Working Age (25-55),Female,23200.0,5800,debt_consolidation,2,19,7,0.292,0,1,1,Month_1
CUST_100669,41,Working Age (25-55),Male,103500.0,17900,home_improvement,5,13,6,0.3755,1,1,1,Month_1
CUST_100670,50,Working Age (25-55),Female,51800.0,9800,credit_card,1,15,8,0.0472,0,0,0,Month_1
CUST_100671,33,Working Age (25-55),Female,44500.0,16900,credit_card,2,14,6,0.0809,0,0,0,Month_1
CUST_100672,49,Working Age (25-55),Male,66200.0,27600,debt_consolidation,1,20,10,0.3175,1,1,1,Month_1
CUST_100673,64,Senior (>55),Male,22700.0,7800,debt_consolidation,0,24,3,0.2192,0,0,1,Month_1
CUST_100674,33,Working Age (25-55),Female,39400.0,15200,credit_card,0,10,7,0.106,0,0,0,Month_1
CUST_100675,54,Working Age (25-55),Male,91500.0,17600,credit_card,1,16,4,0.1187,0,0,0,Month_1
CUST_100676,50,Working Age (25-55),Male,47800.0,14600,debt_consolidation,0,17,3,0.1146,0,0,0,Month_1
CUST_100677,49,Working Age (25-55),Male,33100.0,8900,credit_card,0,11,7,0.2819,0,0,1,Month_1
CUST_100678,41,Working Age (25-55),Male,73300.0,22500,small_business,1,12,6,0.3618,0,0,1,Month_1
CUST_100679,49,Working Age (25-55),Male,52500.0,12900,medical,6,19,5,0.3167,1,1,1,Month_1
CUST_100680,38,Working Age (25-55),Male,70600.0,15600,debt_consolidation,0,11,9,0.2862,0,1,1,Month_1
CUST_100681,34,Working Age (25-55),Female,20200.0,4900,credit_card,0,13,6,0.339,0,0,1,Month_1
CUST_100682,41,Working Age (25-55),Male,75500.0,28300,major_purchase,9,16,3,0.2064,0,0,0,Month_1
CUST_100683,31,Working Age (25-55),Male,38600.0,11600,home_improvement,11,9,7,0.1166,0,0,0,Month_1
CUST_100684,41,Working Age (25-55),Male,137100.0,18000,small_business,1,17,3,0.0755,0,0,0,Month_1
CUST_100685,31,Working Age (25-55),Male,47900.0,12300,major_purchase,5,9,10,0.132,0,0,0,Month_1
CUST_100686,30,Working Age (25-55),Female,37300.0,6600,debt_consolidation,8,12,9,0.3414,0,0,0,Month_1
CUST_100687,31,Working Age (25-55),Male,18000.0,2000,credit_card,0,13,8,0.0911,0,1,0,Month_1
CUST_100688,36,Working Age (25-55),Female,38300.0,11300,debt_consolidation,2,13,7,0.3531,1,0,1,Month_1
CUST_100689,43,Working Age (25-55),Male,97500.0,39200,debt_consolidation,2,8,8,0.2259,0,0,1,Month_1
CUST_100690,48,Working Age (25-55),Female,31600.0,13300,debt_consolidation,3,17,9,0.2358,0,0,0,Month_1
CUST_100691,25,Working Age (25-55),Female,47900.0,14800,debt_consolidation,0,7,7,0.0494,0,0,0,Month_1
CUST_100692,44,Working Age (25-55),Male,26600.0,6600,credit_card,5,10,13,0.0774,0,2,0,Month_1
CUST_100693,46,Working Age (25-55),Female,64300.0,20700,debt_consolidation,10,16,7,0.1251,0,2,0,Month_1
CUST_100694,50,Working Age (25-55),Female,56100.0,18600,debt_consolidation,4,19,7,0.1261,1,0,0,Month_1
CUST_100695,28,Working Age (25-55),Female,69400.0,19400,credit_card,0,11,8,0.1702,0,0,0,Month_1
CUST_100696,53,Working Age (25-55),Male,45700.0,7000,home_improvement,0,19,1,0.2092,0,1,0,Month_1
CUST_100697,51,Working Age (25-55),Male,33000.0,11100,debt_consolidation,5,14,8,0.1948,0,1,0,Month_1
CUST_100698,33,Working Age (25-55),Male,127800.0,20000,debt_consolidation,1,14,3,0.2585,0,2,0,Month_1
CUST_100699,48,Working Age (25-55),Male,48400.0,7200,major_purchase,4,12,4,0.1706,0,0,0,Month_1
CUST_100700,30,Working Age (25-55),Female,33600.0,12900,debt_consolidation,1,8,6,0.1793,0,0,0,Month_1
CUST_100701,34,Working Age (25-55),Female,32200.0,7400,credit_card,6,12,7,0.2173,0,1,0,Month_1
CUST_100702,39,Working Age (25-55),Female,152700.0,50000,home_improvement,6,17,10,0.2081,0,3,0,Month_1
CUST_100703,59,Senior (>55),Female,41700.0,6300,home_improvement,0,22,7,0.2158,0,0,0,Month_1
CUST_100704,29,Working Age (25-55),Female,56700.0,21500,major_purchase,6,6,3,0.1804,0,2,1,Month_1
CUST_100705,52,Working Age (25-55),Male,68000.0,11700,medical,2,19,2,0.1679,1,1,1,Month_1
CUST_100706,34,Working Age (25-55),Male,69700.0,29700,home_improvement,2,10,8,0.3055,0,0,1,Month_1
CUST_100707,48,Working Age (25-55),Female,74700.0,7900,debt_consolidation,28,16,3,0.125,0,0,0,Month_1
CUST_100708,37,Working Age (25-55),Female,71000.0,8800,debt_consolidation,11,14,7,0.1333,0,0,0,Month_1
CUST_100709,59,Senior (>55),Female,53800.0,8200,major_purchase,4,24,5,0.1751,0,0,0,Month_1
CUST_100710,34,Working Age (25-55),Female,74900.0,30000,debt_consolidation,0,13,5,0.3316,0,0,1,Month_1
CUST_100711,44,Working Age (25-55),Male,64200.0,12100,debt_consolidation,7,18,5,0.2254,1,0,0,Month_1
CUST_100712,54,Working Age (25-55),Female,109800.0,29200,credit_card,9,21,4,0.04,0,0,0,Month_1
CUST_100713,41,Working Age (25-55),Male,40300.0,10200,debt_consolidation,13,14,7,0.1624,0,0,0,Month_1
CUST_100714,34,Working Age (25-55),Male,72200.0,10800,home_improvement,16,9,6,0.1697,0,0,0,Month_1
CUST_100715,61,Senior (>55),Female,66700.0,14100,credit_card,1,19,11,0.1112,0,0,0,Month_1
CUST_100716,39,Working Age (25-55),Female,18300.0,3900,debt_consolidation,1,14,8,0.2954,0,0,1,Month_1
CUST_100717,19,Young (<25),Female,66400.0,14600,credit_card,1,8,4,0.2139,0,0,0,Month_1
CUST_100718,60,Senior (>55),Male,35500.0,4500,small_business,0,17,8,0.1877,1,3,1,Month_1
CUST_100719,19,Young (<25),Male,36600.0,10500,credit_card,0,7,11,0.1984,0,0,0,Month_1
CUST_100720,39,Working Age (25-55),Male,109400.0,47600,credit_card,2,9,4,0.2494,0,0,1,Month_1
CUST_100721,39,Working Age (25-55),Male,32900.0,13700,credit_card,0,17,10,0.1522,0,0,0,Month_1
CUST_100722,22,Young (<25),Male,39800.0,4100,credit_card,4,10,5,0.1459,0,0,0,Month_1
CUST_100723,38,Working Age (25-55),Female,79600.0,14000,credit_card,2,14,11,0.1107,1,1,0,Month_1
CUST_100724,30,Working Age (25-55),Female,26400.0,3900,credit_card,1,9,5,0.1227,0,0,0,Month_1
CUST_100725,44,Working Age (25-55),Male,52400.0,23500,home_improvement,2,19,11,0.1369,0,0,0,Month_1
CUST_100726,19,Young (<25),Male,70800.0,14400,home_improvement,1,9,12,0.1454,0,0,0,Month_1
CUST_100727,29,Working Age (25-55),Female,68400.0,11200,major_purchase,3,8,11,0.302,0,2,1,Month_1
CUST_100728,19,Young (<25),Female,56800.0,15900,debt_consolidation,1,6,4,0.2794,0,0,1,Month_1
CUST_100729,19,Young (<25),Male,67900.0,17200,major_purchase,1,8,9,0.2449,0,0,0,Month_1
CUST_100730,44,Working Age (25-55),Male,58700.0,13100,debt_consolidation,3,17,11,0.0741,0,0,0,Month_1
CUST_100731,36,Working Age (25-55),Female,71900.0,14000,home_improvement,4,10,6,0.3833,1,2,1,Month_1
CUST_100732,52,Working Age (25-55),Female,52400.0,23100,debt_consolidation,3,14,6,0.1795,1,0,1,Month_1
CUST_100733,33,Working Age (25-55),Male,60500.0,24000,credit_card,8,16,8,0.4066,0,0,1,Month_1
CUST_100734,64,Senior (>55),Male,23800.0,3300,debt_consolidation,0,20,5,0.1809,1,2,1,Month_1
CUST_100735,31,Working Age (25-55),Male,110400.0,17900,credit_card,5,11,9,0.1873,0,0,0,Month_1
CUST_100736,47,Working Age (25-55),Female,52000.0,7500,home_improvement,3,18,8,0.2553,1,0,1,Month_1
CUST_100737,36,Working Age (25-55),Male,38800.0,6800,credit_card,4,12,6,0.3347,0,1,1,Month_1
CUST_100738,53,Working Age (25-55),Female,53400.0,16200,debt_consolidation,6,19,5,0.144,0,0,0,Month_1
CUST_100739,19,Young (<25),Male,56000.0,24400,credit_card,1,10,6,0.1062,0,0,0,Month_1
CUST_100740,34,Working Age (25-55),Female,63400.0,10800,credit_card,16,7,6,0.3108,1,0,1,Month_1
CUST_100741,30,Working Age (25-55),Male,18000.0,7600,debt_consolidation,1,8,4,0.2541,1,0,1,Month_1
CUST_100742,65,Senior (>55),Female,55300.0,16600,debt_consolidation,3,24,10,0.222,0,0,0,Month_1
CUST_100743,32,Working Age (25-55),Female,102000.0,44700,credit_card,5,9,4,0.3302,0,0,1,Month_1
CUST_100744,39,Working Age (25-55),Female,56100.0,24800,debt_consolidation,6,15,8,0.113,0,1,0,Month_1
CUST_100745,23,Young (<25),Male,48900.0,5300,home_improvement,3,7,7,0.3805,0,0,1,Month_1
CUST_100746,57,Senior (>55),Male,20700.0,2400,credit_card,2,19,6,0.3588,0,0,0,Month_1
CUST_100747,53,Working Age (25-55),Male,44200.0,15400,credit_card,5,15,2,0.1924,0,0,0,Month_1
CUST_100748,51,Working Age (25-55),Female,41900.0,12700,home_improvement,5,17,11,0.1347,0,0,0,Month_1
CUST_100749,30,Working Age (25-55),Male,19600.0,2600,credit_card,0,15,9,0.297,0,0,0,Month_1
CUST_100750,31,Working Age (25-55),Female,19900.0,8600,debt_consolidation,1,8,4,0.0799,0,0,0,Month_1
CUST_100751,21,Young (<25),Male,65100.0,15300,credit_card,3,2,5,0.2791,0,0,1,Month_1
CUST_100752,58,Senior (>55),Female,28100.0,8400,debt_consolidation,1,22,6,0.4057,0,0,1,Month_1
CUST_100753,35,Working Age (25-55),Male,125300.0,41400,credit_card,7,12,10,0.2716,0,0,1,Month_1
CUST_100754,31,Working Age (25-55),Female,56300.0,20500,credit_card,3,13,7,0.04,0,1,0,Month_1
CUST_100755,24,Young (<25),Female,34300.0,5900,credit_card,6,13,6,0.1174,0,1,0,Month_1
CUST_100756,29,Working Age (25-55),Male,130900.0,26500,home_improvement,1,16,7,0.1943,0,0,0,Month_1
CUST_100757,19,Young (<25),Male,55500.0,14300,debt_consolidation,1,9,6,0.3113,0,0,1,Month_1
CUST_100758,45,Working Age (25-55),Male,41400.0,14700,debt_consolidation,0,18,10,0.3055,0,2,1,Month_1
CUST_100759,29,Working Age (25-55),Male,66900.0,7400,debt_consolidation,6,4,6,0.1513,0,0,0,Month_1
CUST_100760,34,Working Age (25-55),Male,38300.0,16100,home_improvement,0,11,6,0.0951,0,1,0,Month_1
CUST_100761,48,Working Age (25-55),Male,37100.0,9900,small_business,4,17,6,0.1015,1,3,1,Month_1
CUST_100762,44,Working Age (25-55),Male,58800.0,20100,debt_consolidation,5,15,9,0.1994,0,0,0,Month_1
CUST_100763,34,Working Age (25-55),Male,25400.0,10100,debt_consolidation,0,9,10,0.1967,0,0,0,Month_1
CUST_100764,48,Working Age (25-55),Male,46300.0,17600,debt_consolidation,9,16,7,0.1954,0,0,0,Month_1
CUST_100765,46,Working Age (25-55),Female,43400.0,8300,credit_card,8,15,9,0.3248,0,0,0,Month_1
CUST_100766,47,Working Age (25-55),Female,39600.0,11800,debt_consolidation,7,11,10,0.3504,0,0,1,Month_1
CUST_100767,33,Working Age (25-55),Female,44800.0,15200,debt_consolidation,8,14,3,0.2087,1,0,1,Month_1
CUST_100768,33,Working Age (25-55),Female,118600.0,31000,major_purchase,3,12,11,0.4602,0,0,1,Month_1
CUST_100769,49,Working Age (25-55),Male,44500.0,7000,debt_consolidation,6,18,3,0.3308,1,0,1,Month_1
CUST_100770,35,Working Age (25-55),Male,46700.0,10300,debt_consolidation,1,11,13,0.1585,0,0,0,Month_1
CUST_100771,31,Working Age (25-55),Female,27000.0,4800,debt_consolidation,0,15,7,0.184,0,0,0,Month_1
CUST_100772,29,Working Age (25-55),Female,84800.0,11900,medical,2,10,4,0.3155,0,0,0,Month_1
CUST_100773,31,Working Age (25-55),Male,31000.0,9000,debt_consolidation,0,13,10,0.1688,0,0,0,Month_1
CUST_100774,20,Young (<25),Male,30500.0,10900,debt_consolidation,2,6,12,0.1994,0,1,1,Month_1
CUST_100775,26,Working Age (25-55),Female,18000.0,6900,debt_consolidation,3,7,7,0.3425,0,1,1,Month_1
CUST_100776,58,Senior (>55),Female,93000.0,25100,home_improvement,0,20,7,0.1369,0,0,0,Month_1
CUST_100777,61,Senior (>55),Female,85900.0,19900,debt_consolidation,0,23,15,0.1729,0,0,0,Month_1
CUST_100778,19,Young (<25),Female,64000.0,11400,debt_consolidation,0,5,1,0.1052,0,0,0,Month_1
CUST_100779,50,Working Age (25-55),Female,68500.0,12100,debt_consolidation,6,19,2,0.1425,0,0,0,Month_1
CUST_100780,44,Working Age (25-55),Male,47000.0,17500,debt_consolidation,0,13,4,0.109,0,0,0,Month_1
CUST_100781,27,Working Age (25-55),Male,41800.0,4300,credit_card,1,13,8,0.2032,0,0,0,Month_1
CUST_100782,31,Working Age (25-55),Male,38500.0,16700,debt_consolidation,1,9,4,0.1875,0,2,1,Month_1
CUST_100783,23,Young (<25),Male,18000.0,7600,credit_card,1,4,5,0.4329,0,0,1,Month_1
CUST_100784,50,Working Age (25-55),Female,60600.0,19700,debt_consolidation,6,27,7,0.04,1,0,0,Month_1
CUST_100785,37,Working Age (25-55),Male,122800.0,16800,small_business,3,14,3,0.2502,1,0,0,Month_1
CUST_100786,38,Working Age (25-55),Male,42800.0,14900,medical,0,15,2,0.1707,0,0,0,Month_1
CUST_100787,66,Senior (>55),Male,89200.0,11700,debt_consolidation,2,23,9,0.2741,0,0,0,Month_1
CUST_100788,33,Working Age (25-55),Male,18000.0,2100,credit_card,0,13,4,0.172,0,0,0,Month_1
CUST_100789,45,Working Age (25-55),Male,91300.0,24300,small_business,0,16,3,0.199,0,1,0,Month_1
CUST_100790,51,Working Age (25-55),Male,58800.0,26000,debt_consolidation,10,18,8,0.1177,0,0,0,Month_1
CUST_100791,37,Working Age (25-55),Male,36900.0,8800,credit_card,2,7,8,0.3102,0,1,1,Month_1
CUST_100792,20,Young (<25),Male,49800.0,7800,credit_card,2,3,9,0.2287,0,0,0,Month_1
CUST_100793,43,Working Age (25-55),Female,90100.0,26700,debt_consolidation,6,9,3,0.3011,0,1,1,Month_1
CUST_100794,46,Working Age (25-55),Male,98500.0,23800,debt_consolidation,2,15,1,0.1966,0,0,0,Month_1
CUST_100795,35,Working Age (25-55),Male,52800.0,12500,credit_card,6,15,7,0.0863,1,0,0,Month_1
CUST_100796,43,Working Age (25-55),Female,61900.0,9800,debt_consolidation,9,21,5,0.3,0,0,0,Month_1
CUST_100797,43,Working Age (25-55),Female,35300.0,13500,major_purchase,3,13,7,0.1821,0,2,0,Month_1
CUST_100798,38,Working Age (25-55),Male,134200.0,38700,debt_consolidation,6,9,9,0.1956,1,2,1,Month_1
CUST_100799,32,Working Age (25-55),Female,60700.0,25600,credit_card,2,10,5,0.0756,0,1,0,Month_1
CUST_100800,21,Young (<25),Male,68500.0,16700,home_improvement,3,12,6,0.0709,0,1,0,Month_1
CUST_100801,37,Working Age (25-55),Male,131700.0,37400,credit_card,11,13,5,0.04,0,1,0,Month_1
CUST_100802,53,Working Age (25-55),Female,63100.0,13200,major_purchase,0,16,2,0.2251,0,0,0,Month_1
CUST_100803,30,Working Age (25-55),Male,30700.0,4100,debt_consolidation,12,14,8,0.1077,0,0,0,Month_1
CUST_100804,56,Senior (>55),Male,92900.0,32200,home_improvement,2,26,12,0.1395,0,0,0,Month_1
CUST_100805,25,Working Age (25-55),Female,119900.0,43200,debt_consolidation,7,12,7,0.1478,0,1,0,Month_1
CUST_100806,38,Working Age (25-55),Male,47300.0,13100,debt_consolidation,4,14,7,0.244,0,0,0,Month_1
CUST_100807,37,Working Age (25-55),Female,50000.0,11600,debt_consolidation,8,11,12,0.4768,0,0,1,Month_1
CUST_100808,32,Working Age (25-55),Female,80700.0,28200,credit_card,4,13,8,0.2022,0,0,0,Month_1
CUST_100809,29,Working Age (25-55),Male,85100.0,19900,debt_consolidation,8,9,7,0.3079,0,0,0,Month_1
CUST_100810,37,Working Age (25-55),Male,43700.0,19500,debt_consolidation,12,14,8,0.5288,1,0,1,Month_1
CUST_100811,19,Young (<25),Male,238000.0,50000,debt_consolidation,1,9,5,0.3087,0,0,0,Month_1
CUST_100812,43,Working Age (25-55),Male,34500.0,11600,medical,7,14,6,0.1061,0,0,0,Month_1
CUST_100813,42,Working Age (25-55),Male,182400.0,22400,debt_consolidation,1,15,8,0.1211,0,0,0,Month_1
CUST_100814,45,Working Age (25-55),Female,106800.0,39000,debt_consolidation,3,15,9,0.2402,0,0,0,Month_1
CUST_100815,48,Working Age (25-55),Female,87500.0,32300,credit_card,0,13,3,0.2606,0,2,1,Month_1
CUST_100816,19,Young (<25),Female,197900.0,50000,debt_consolidation,0,8,9,0.1926,0,0,0,Month_1
CUST_100817,27,Working Age (25-55),Female,21200.0,8100,credit_card,6,8,13,0.3008,0,0,0,Month_1
CUST_100818,37,Working Age (25-55),Female,55800.0,10200,small_business,0,14,9,0.1392,0,0,0,Month_1
CUST_100819,42,Working Age (25-55),Female,110500.0,26600,debt_consolidation,7,18,2,0.1737,0,0,0,Month_1
CUST_100820,37,Working Age (25-55),Male,38600.0,4000,debt_consolidation,1,12,7,0.1601,0,0,0,Month_1
CUST_100821,35,Working Age (25-55),Male,26300.0,7000,credit_card,2,11,9,0.1214,0,0,0,Month_1
CUST_100822,35,Working Age (25-55),Female,43400.0,8600,debt_consolidation,4,15,5,0.2378,0,0,0,Month_1
CUST_100823,19,Young (<25),Male,37500.0,6400,major_purchase,1,7,10,0.2777,1,0,1,Month_1
CUST_100824,46,Working Age (25-55),Male,70000.0,8900,debt_consolidation,2,20,11,0.3927,0,1,1,Month_1
CUST_100825,37,Working Age (25-55),Male,108800.0,19600,debt_consolidation,8,7,6,0.0651,0,0,0,Month_1
CUST_100826,45,Working Age (25-55),Female,31800.0,8100,major_purchase,0,14,6,0.4197,1,0,1,Month_1
CUST_100827,56,Senior (>55),Female,68900.0,21700,debt_consolidation,23,24,7,0.2629,0,0,0,Month_1
CUST_100828,38,Working Age (25-55),Male,82700.0,23400,credit_card,1,13,5,0.1522,0,0,0,Month_1
CUST_100829,38,Working Age (25-55),Male,33900.0,14200,home_improvement,7,15,6,0.3191,0,0,1,Month_1
CUST_100830,27,Working Age (25-55),Female,156700.0,50000,debt_consolidation,0,10,5,0.2378,0,0,0,Month_1
CUST_100831,53,Working Age (25-55),Male,91000.0,17500,debt_consolidation,5,12,6,0.1984,0,0,0,Month_1
CUST_100832,39,Working Age (25-55),Male,36500.0,15400,credit_card,4,14,3,0.4031,0,0,1,Month_1
CUST_100833,67,Senior (>55),Male,87300.0,22200,debt_consolidation,1,21,2,0.2254,0,1,0,Month_1
CUST_100834,37,Working Age (25-55),Male,39500.0,13100,major_purchase,9,9,4,0.0611,0,0,0,Month_1
CUST_100835,36,Working Age (25-55),Male,72800.0,23100,debt_consolidation,0,8,4,0.3224,0,2,1,Month_1
CUST_100836,41,Working Age (25-55),Female,50300.0,6900,small_business,0,15,9,0.0605,0,0,0,Month_1
CUST_100837,35,Working Age (25-55),Male,38200.0,10400,credit_card,11,17,4,0.1366,0,1,0,Month_1
CUST_100838,38,Working Age (25-55),Female,23500.0,8100,credit_card,5,13,4,0.04,0,1,0,Month_1
CUST_100839,55,Working Age (25-55),Male,49800.0,8500,debt_consolidation,13,16,10,0.1483,0,0,0,Month_1
CUST_100840,34,Working Age (25-55),Female,18900.0,7900,home_improvement,1,15,5,0.2243,0,1,1,Month_1
CUST_100841,55,Working Age (25-55),Male,36000.0,13900,debt_consolidation,4,18,5,0.3278,1,0,1,Month_1
CUST_100842,34,Working Age (25-55),Female,42500.0,17700,major_purchase,6,15,5,0.4431,0,0,1,Month_1
CUST_100843,49,Working Age (25-55),Male,43600.0,7300,home_improvement,2,17,3,0.04,0,0,0,Month_1
CUST_100844,55,Working Age (25-55),Male,142600.0,46400,debt_consolidation,18,19,6,0.2001,0,0,1,Month_1
CUST_100845,36,Working Age (25-55),Female,83500.0,13500,credit_card,4,14,7,0.1248,0,0,0,Month_1
CUST_100846,39,Working Age (25-55),Female,28400.0,2900,small_business,0,17,9,0.2952,0,0,0,Month_1
CUST_100847,61,Senior (>55),Male,40900.0,13200,debt_consolidation,2,23,7,0.1855,0,0,0,Month_1
CUST_100848,42,Working Age (25-55),Female,57400.0,21400,home_improvement,8,10,7,0.4838,0,0,1,Month_1
CUST_100849,61,Senior (>55),Female,49700.0,20400,home_improvement,2,21,4,0.1013,0,1,0,Month_1
CUST_100850,37,Working Age (25-55),Male,90100.0,25100,debt_consolidation,1,14,9,0.2548,1,2,1,Month_1
CUST_100851,26,Working Age (25-55),Male,42000.0,6600,major_purchase,6,6,5,0.3356,0,0,1,Month_1
CUST_100852,35,Working Age (25-55),Male,44100.0,8200,debt_consolidation,4,12,9,0.1127,0,0,0,Month_1
CUST_100853,28,Working Age (25-55),Female,132100.0,33200,debt_consolidation,10,10,7,0.1526,0,0,0,Month_1
CUST_100854,41,Working Age (25-55),Male,141400.0,27500,debt_consolidation,0,10,6,0.1827,0,0,0,Month_1
CUST_100855,39,Working Age (25-55),Female,46800.0,9700,debt_consolidation,16,15,6,0.2563,0,0,0,Month_1
CUST_100856,32,Working Age (25-55),Male,38300.0,13700,debt_consolidation,3,11,9,0.2406,0,0,0,Month_1
CUST_100857,26,Working Age (25-55),Female,51800.0,6100,debt_consolidation,2,13,8,0.2623,0,1,0,Month_1
CUST_100858,49,Working Age (25-55),Male,88600.0,38300,credit_card,11,21,10,0.4799,0,0,1,Month_1
CUST_100859,30,Working Age (25-55),Female,36500.0,12600,debt_consolidation,3,6,14,0.4788,0,0,1,Month_1
CUST_100860,45,Working Age (25-55),Female,37300.0,4300,credit_card,2,20,8,0.2148,0,0,0,Month_1
CUST_100861,40,Working Age (25-55),Male,63200.0,21600,debt_consolidation,10,13,6,0.1124,1,0,0,Month_1
CUST_100862,65,Senior (>55),Male,143900.0,30600,debt_consolidation,0,24,2,0.3229,0,0,0,Month_1
CUST_100863,39,Working Age (25-55),Female,65900.0,26000,major_purchase,3,13,8,0.2558,0,0,1,Month_1
CUST_100864,42,Working Age (25-55),Female,18000.0,2600,home_improvement,6,11,5,0.2371,0,0,0,Month_1
CUST_100865,45,Working Age (25-55),Male,55300.0,9100,home_improvement,10,17,6,0.0507,0,1,0,Month_1
CUST_100866,38,Working Age (25-55),Male,134500.0,47200,credit_card,2,15,13,0.04,0,0,0,Month_1
CUST_100867,38,Working Age (25-55),Male,21700.0,9800,credit_card,1,12,5,0.1762,0,3,1,Month_1
CUST_100868,29,Working Age (25-55),Female,36800.0,3900,credit_card,2,11,9,0.3367,0,1,1,Month_1
CUST_100869,58,Senior (>55),Male,36300.0,5000,debt_consolidation,13,19,9,0.1943,0,0,0,Month_1
CUST_100870,43,Working Age (25-55),Male,53400.0,12900,debt_consolidation,1,18,6,0.2123,0,0,0,Month_1
CUST_100871,34,Working Age (25-55),Female,58800.0,25500,debt_consolidation,0,8,7,0.1868,0,0,1,Month_1
CUST_100872,36,Working Age (25-55),Female,32500.0,4400,credit_card,4,16,6,0.2653,1,0,1,Month_1
CUST_100873,62,Senior (>55),Female,45400.0,6600,credit_card,6,21,4,0.1,0,0,0,Month_1
CUST_100874,43,Working Age (25-55),Female,30300.0,5000,debt_consolidation,0,12,9,0.5408,1,2,1,Month_1
CUST_100875,32,Working Age (25-55),Female,38100.0,8800,debt_consolidation,4,12,5,0.3697,0,2,1,Month_1
CUST_100876,49,Working Age (25-55),Female,88600.0,20000,debt_consolidation,12,16,6,0.4116,0,1,1,Month_1
CUST_100877,35,Working Age (25-55),Female,54800.0,11000,medical,1,13,13,0.1781,0,1,0,Month_1
CUST_100878,38,Working Age (25-55),Male,104800.0,41900,home_improvement,2,14,3,0.1691,0,0,0,Month_1
CUST_100879,26,Working Age (25-55),Female,41000.0,5900,debt_consolidation,5,9,4,0.3771,0,0,1,Month_1
CUST_100880,28,Working Age (25-55),Female,53500.0,17600,debt_consolidation,0,8,14,0.0972,0,0,0,Month_1
CUST_100881,19,Young (<25),Female,170000.0,29900,debt_consolidation,1,7,12,0.4981,0,0,1,Month_1
CUST_100882,23,Young (<25),Female,126800.0,38100,credit_card,3,8,7,0.4368,1,0,1,Month_1
CUST_100883,60,Senior (>55),Female,25200.0,9900,major_purchase,3,18,10,0.1181,0,0,0,Month_1
CUST_100884,50,Working Age (25-55),Male,68400.0,11300,debt_consolidation,4,18,4,0.3698,0,0,0,Month_1
CUST_100885,36,Working Age (25-55),Male,95200.0,35200,home_improvement,1,12,5,0.1664,0,0,0,Month_1
CUST_100886,41,Working Age (25-55),Male,75400.0,18300,credit_card,10,13,5,0.1396,0,0,0,Month_1
CUST_100887,60,Senior (>55),Female,29500.0,4700,medical,5,19,4,0.1299,1,2,0,Month_1
CUST_100888,44,Working Age (25-55),Male,68300.0,18300,credit_card,5,13,9,0.283,0,1,1,Month_1
CUST_100889,65,Senior (>55),Female,53900.0,13800,debt_consolidation,4,23,4,0.2524,1,1,1,Month_1
CUST_100890,58,Senior (>55),Female,19500.0,6200,credit_card,1,15,2,0.4067,0,0,1,Month_1
CUST_100891,37,Working Age (25-55),Male,72300.0,17000,debt_consolidation,2,10,6,0.176,0,0,0,Month_1
CUST_100892,31,Working Age (25-55),Female,154200.0,41000,debt_consolidation,2,7,3,0.2939,0,0,0,Month_1
CUST_100893,40,Working Age (25-55),Male,32800.0,10000,home_improvement,1,12,5,0.2456,0,0,0,Month_1
CUST_100894,19,Young (<25),Male,23300.0,2700,credit_card,1,2,12,0.3364,1,0,1,Month_1
CUST_100895,33,Working Age (25-55),Female,33500.0,12400,debt_consolidation,0,13,9,0.3525,0,3,1,Month_1
CUST_100896,37,Working Age (25-55),Male,35000.0,12700,debt_consolidation,0,11,2,0.2307,0,0,0,Month_1
CUST_100897,45,Working Age (25-55),Male,49100.0,20600,debt_consolidation,2,14,5,0.1195,0,1,0,Month_1
CUST_100898,29,Working Age (25-55),Female,51800.0,17000,debt_consolidation,3,12,5,0.2597,0,0,0,Month_1
CUST_100899,52,Working Age (25-55),Female,41500.0,14600,major_purchase,21,19,8,0.044,0,0,0,Month_1
CUST_100900,36,Working Age (25-55),Male,39300.0,12800,home_improvement,3,11,5,0.225,0,0,0,Month_1
CUST_100901,54,Working Age (25-55),Male,66300.0,26900,debt_consolidation,4,17,10,0.1757,0,0,0,Month_1
CUST_100902,42,Working Age (25-55),Female,155800.0,25000,credit_card,12,14,8,0.04,1,0,0,Month_1
CUST_100903,60,Senior (>55),Female,160300.0,50000,small_business,21,21,5,0.2435,0,0,0,Month_1
CUST_100904,30,Working Age (25-55),Male,18000.0,2000,debt_consolidation,10,8,7,0.2734,0,2,1,Month_1
CUST_100905,40,Working Age (25-55),Male,28300.0,5100,debt_consolidation,11,14,9,0.2447,0,1,0,Month_1
CUST_100906,39,Working Age (25-55),Male,49700.0,17700,major_purchase,3,11,8,0.1462,0,0,0,Month_1
CUST_100907,35,Working Age (25-55),Male,77700.0,30200,debt_consolidation,0,12,4,0.172,0,0,0,Month_1
CUST_100908,38,Working Age (25-55),Female,32100.0,4200,debt_consolidation,0,10,7,0.2279,0,0,0,Month_1
CUST_100909,31,Working Age (25-55),Male,66500.0,15900,major_purchase,0,14,4,0.2117,0,0,0,Month_1
CUST_100910,24,Young (<25),Female,18300.0,3500,home_improvement,1,10,4,0.289,0,0,1,Month_1
CUST_100911,19,Young (<25),Male,74900.0,32200,debt_consolidation,0,6,7,0.1315,0,0,0,Month_1
CUST_100912,58,Senior (>55),Female,47600.0,16700,small_business,2,19,6,0.1366,0,2,0,Month_1
CUST_100913,48,Working Age (25-55),Male,42700.0,10000,debt_consolidation,0,19,8,0.1738,0,0,0,Month_1
CUST_100914,32,Working Age (25-55),Male,54900.0,18900,credit_card,4,7,7,0.4144,0,0,1,Month_1
CUST_100915,57,Senior (>55),Male,40900.0,6300,medical,10,20,12,0.2314,0,0,1,Month_1
CUST_100916,62,Senior (>55),Male,40100.0,8100,home_improvement,12,24,13,0.1331,0,0,0,Month_1
CUST_100917,57,Senior (>55),Male,42100.0,9100,debt_consolidation,1,18,5,0.1627,0,0,0,Month_1
CUST_100918,57,Senior (>55),Male,43500.0,15500,major_purchase,1,12,6,0.1943,0,0,0,Month_1
CUST_100919,24,Young (<25),Female,43000.0,9700,home_improvement,6,11,4,0.2751,0,0,0,Month_1
CUST_100920,33,Working Age (25-55),Female,83700.0,18800,medical,4,13,15,0.1172,0,0,0,Month_1
CUST_100921,29,Working Age (25-55),Female,23800.0,5000,debt_consolidation,1,6,5,0.121,0,0,0,Month_1
CUST_100922,49,Working Age (25-55),Female,59200.0,26200,debt_consolidation,0,21,9,0.3039,0,0,1,Month_1
CUST_100923,45,Working Age (25-55),Female,27900.0,5600,credit_card,1,14,11,0.3048,0,0,1,Month_1
CUST_100924,47,Working Age (25-55),Female,55100.0,21200,credit_card,9,17,9,0.0637,0,1,0,Month_1
CUST_100925,58,Senior (>55),Male,53800.0,14800,small_business,9,20,6,0.1469,0,0,0,Month_1
CUST_100926,32,Working Age (25-55),Female,60100.0,16800,debt_consolidation,11,11,5,0.3317,0,3,1,Month_1
CUST_100927,30,Working Age (25-55),Female,67300.0,29800,debt_consolidation,4,12,8,0.4582,1,1,1,Month_1
CUST_100928,40,Working Age (25-55),Male,33100.0,13700,home_improvement,1,15,8,0.198,0,0,0,Month_1
CUST_100929,45,Working Age (25-55),Female,45100.0,9700,debt_consolidation,0,15,6,0.1901,0,0,0,Month_1
CUST_100930,45,Working Age (25-55),Male,53500.0,11600,credit_card,1,13,14,0.1819,0,0,0,Month_1
CUST_100931,64,Senior (>55),Female,73100.0,17300,debt_consolidation,5,24,6,0.2132,0,0,0,Month_1
CUST_100932,19,Young (<25),Female,63000.0,6800,major_purchase,1,9,6,0.2145,0,1,0,Month_1
CUST_100933,42,Working Age (25-55),Female,18000.0,4300,major_purchase,0,16,7,0.2788,0,3,1,Month_1
CUST_100934,39,Working Age (25-55),Male,146800.0,18000,debt_consolidation,0,12,6,0.323,0,0,0,Month_1
CUST_100935,52,Working Age (25-55),Female,48000.0,16600,debt_consolidation,0,16,6,0.3199,0,0,0,Month_1
CUST_100936,32,Working Age (25-55),Female,40400.0,8600,debt_consolidation,8,15,3,0.1787,0,1,0,Month_1
CUST_100937,25,Working Age (25-55),Female,75000.0,8500,debt_consolidation,2,7,6,0.4001,0,0,1,Month_1
CUST_100938,53,Working Age (25-55),Female,85600.0,33900,debt_consolidation,9,19,4,0.0792,0,0,0,Month_1
CUST_100939,46,Working Age (25-55),Male,146500.0,50000,credit_card,1,16,4,0.2409,0,0,0,Month_1
CUST_100940,31,Working Age (25-55),Male,118200.0,38000,small_business,3,5,12,0.1939,1,0,1,Month_1
CUST_100941,49,Working Age (25-55),Female,43500.0,17600,credit_card,1,13,6,0.2281,0,0,0,Month_1
CUST_100942,58,Senior (>55),Female,22000.0,6400,home_improvement,12,21,3,0.3962,0,0,0,Month_1
CUST_100943,48,Working Age (25-55),Male,52900.0,14700,debt_consolidation,2,17,10,0.483,0,0,1,Month_1
CUST_100944,33,Working Age (25-55),Female,65000.0,29100,credit_card,3,14,9,0.2988,0,0,1,Month_1
CUST_100945,48,Working Age (25-55),Male,51600.0,10000,debt_consolidation,4,14,6,0.4646,0,0,1,Month_1
CUST_100946,54,Working Age (25-55),Male,48400.0,20900,home_improvement,3,21,6,0.296,1,0,1,Month_1
CUST_100947,35,Working Age (25-55),Male,106500.0,19500,debt_consolidation,17,10,11,0.2708,1,0,0,Month_1
CUST_100948,35,Working Age (25-55),Female,57400.0,12600,small_business,4,10,11,0.5643,0,0,0,Month_1
CUST_100949,28,Working Age (25-55),Female,118300.0,28100,credit_card,0,10,8,0.2553,0,0,0,Month_1
CUST_100950,39,Working Age (25-55),Male,50200.0,12700,debt_consolidation,3,6,11,0.1748,0,0,0,Month_1
CUST_100951,25,Working Age (25-55),Male,42300.0,11700,credit_card,2,10,7,0.2246,0,0,0,Month_1
CUST_100952,32,Working Age (25-55),Male,45800.0,9800,credit_card,14,14,7,0.2177,0,0,0,Month_1
CUST_100953,19,Young (<25),Male,60200.0,13500,credit_card,1,6,9,0.2731,0,0,1,Month_1
CUST_100954,46,Working Age (25-55),Female,81000.0,20900,small_business,5,13,6,0.2176,0,0,0,Month_1
CUST_100955,31,Working Age (25-55),Male,34100.0,7300,home_improvement,7,13,8,0.2808,0,0,0,Month_1
CUST_100956,51,Working Age (25-55),Male,69400.0,7800,major_purchase,4,20,9,0.2049,0,1,0,Month_1
CUST_100957,36,Working Age (25-55),Female,75300.0,22100,credit_card,0,12,9,0.1081,0,0,0,Month_1
CUST_100958,23,Young (<25),Female,34100.0,9700,debt_consolidation,4,8,8,0.1042,1,1,1,Month_1
CUST_100959,26,Working Age (25-55),Female,40000.0,5100,credit_card,4,6,10,0.1626,0,0,0,Month_1
CUST_100960,51,Working Age (25-55),Male,114200.0,20600,debt_consolidation,7,19,6,0.1597,0,1,0,Month_1
CUST_100961,30,Working Age (25-55),Female,71900.0,16600,major_purchase,12,10,10,0.1598,1,0,0,Month_1
CUST_100962,51,Working Age (25-55),Male,67600.0,24400,credit_card,10,23,10,0.0742,0,0,0,Month_1
CUST_100963,54,Working Age (25-55),Male,52500.0,6200,small_business,2,21,7,0.3629,0,0,0,Month_1
CUST_100964,48,Working Age (25-55),Female,42600.0,17400,debt_consolidation,4,17,10,0.3694,0,0,1,Month_1
CUST_100965,29,Working Age (25-55),Male,198700.0,22700,home_improvement,0,8,8,0.2717,1,0,0,Month_1
CUST_100966,55,Working Age (25-55),Female,98200.0,24500,major_purchase,9,19,5,0.3848,1,0,1,Month_1
CUST_100967,42,Working Age (25-55),Male,56700.0,24200,home_improvement,9,16,8,0.3575,0,3,1,Month_1
CUST_100968,44,Working Age (25-55),Male,20600.0,3000,home_improvement,0,21,4,0.3136,0,0,0,Month_1
CUST_100969,39,Working Age (25-55),Female,30800.0,8700,debt_consolidation,0,16,6,0.4121,0,1,1,Month_1
CUST_100970,38,Working Age (25-55),Female,50100.0,18500,debt_consolidation,3,18,7,0.0509,0,0,0,Month_1
CUST_100971,30,Working Age (25-55),Male,148900.0,45900,home_improvement,3,7,13,0.2295,0,0,0,Month_1
CUST_100972,51,Working Age (25-55),Female,53400.0,20000,debt_consolidation,18,20,15,0.04,0,0,0,Month_1
CUST_100973,26,Working Age (25-55),Male,30200.0,11900,credit_card,6,7,3,0.2345,0,0,0,Month_1
CUST_100974,41,Working Age (25-55),Female,24900.0,2900,debt_consolidation,1,14,7,0.209,0,2,0,Month_1
CUST_100975,27,Working Age (25-55),Female,26000.0,3100,debt_consolidation,2,12,6,0.049,0,0,0,Month_1
CUST_100976,34,Working Age (25-55),Female,30100.0,5800,debt_consolidation,5,9,8,0.3945,1,0,1,Month_1
CUST_100977,27,Working Age (25-55),Female,160900.0,50000,major_purchase,0,16,6,0.2375,0,0,0,Month_1
CUST_100978,35,Working Age (25-55),Female,45900.0,11700,credit_card,2,12,7,0.04,0,0,0,Month_1
CUST_100979,35,Working Age (25-55),Female,28000.0,8900,debt_consolidation,3,10,7,0.3802,0,0,1,Month_1
CUST_100980,65,Senior (>55),Female,53800.0,13300,home_improvement,3,19,9,0.2557,0,2,0,Month_1
CUST_100981,35,Working Age (25-55),Female,54400.0,23100,home_improvement,6,13,5,0.0722,0,0,0,Month_1
CUST_100982,67,Senior (>55),Male,53400.0,22100,major_purchase,12,23,9,0.3578,0,0,0,Month_1
CUST_100983,42,Working Age (25-55),Female,63900.0,7800,credit_card,4,12,9,0.04,1,0,0,Month_1
CUST_100984,64,Senior (>55),Male,33600.0,11500,small_business,11,33,7,0.3489,0,0,0,Month_1
CUST_100985,29,Working Age (25-55),Male,109700.0,39200,debt_consolidation,6,14,7,0.0877,1,0,0,Month_1
CUST_100986,28,Working Age (25-55),Male,89000.0,16900,home_improvement,3,6,10,0.1846,0,0,0,Month_1
CUST_100987,19,Young (<25),Female,18000.0,4300,credit_card,0,4,1,0.1014,0,0,0,Month_1
CUST_100988,38,Working Age (25-55),Male,120900.0,50000,debt_consolidation,2,14,9,0.4779,1,0,1,Month_1
CUST_100989,43,Working Age (25-55),Female,57600.0,11300,home_improvement,3,15,4,0.2482,0,0,0,Month_1
CUST_100990,24,Young (<25),Female,78500.0,20000,debt_consolidation,0,4,6,0.2572,0,0,1,Month_1
CUST_100991,42,Working Age (25-55),Male,70400.0,19000,home_improvement,4,21,6,0.2839,0,0,1,Month_1
CUST_100992,33,Working Age (25-55),Female,70800.0,13800,debt_consolidation,4,15,5,0.3409,1,0,1,Month_1
CUST_100993,42,Working Age (25-55),Male,40500.0,9800,debt_consolidation,5,16,11,0.1606,0,0,0,Month_1
CUST_100994,39,Working Age (25-55),Male,115300.0,33300,debt_consolidation,0,9,4,0.2905,0,0,1,Month_1
CUST_100995,46,Working Age (25-55),Male,81000.0,34500,major_purchase,3,18,8,0.1749,0,1,0,Month_1
CUST_100996,39,Working Age (25-55),Male,151200.0,50000,debt_consolidation,4,11,5,0.1947,1,0,1,Month_1
CUST_100997,49,Working Age (25-55),Female,79200.0,11000,debt_consolidation,5,17,6,0.122,1,0,0,Month_1
CUST_100998,41,Working Age (25-55),Female,37200.0,8900,major_purchase,0,13,8,0.2605,0,1,1,Month_1
CUST_100999,55,Working Age (25-55),Male,61100.0,23200,medical,7,21,6,0.3102,0,0,0,Month_1
CUST_100000,24,Young (<25),Male,72200.0,22100,debt_consolidation,6,11,8,0.15,0,1,0,Month_2
CUST_100001,54,Working Age (25-55),Female,37100.0,9700,credit_card,2,16,4,0.2257,0,0,0,Month_2
CUST_100002,44,Working Age (25-55),Male,68900.0,22400,debt_consolidation,0,15,6,0.1369,0,1,0,Month_2
CUST_100003,36,Working Age (25-55),Male,71300.0,21100,debt_consolidation,1,12,8,0.2657,0,1,0,Month_2
CUST_100004,33,Working Age (25-55),Female,44200.0,17100,credit_card,3,10,4,0.3697,0,0,1,Month_2
CUST_100005,45,Working Age (25-55),Male,155900.0,50000,debt_consolidation,9,17,2,0.2687,1,0,0,Month_2
CUST_100006,46,Working Age (25-55),Female,78300.0,9000,debt_consolidation,3,17,6,0.1294,0,0,0,Month_2
CUST_100007,40,Working Age (25-55),Female,17600.0,4000,debt_consolidation,2,12,11,0.4253,0,1,1,Month_2
CUST_100008,28,Working Age (25-55),Female,58800.0,22900,debt_consolidation,0,11,10,0.4094,0,0,1,Month_2
CUST_100009,36,Working Age (25-55),Male,33300.0,9400,debt_consolidation,0,11,4,0.2068,0,1,1,Month_2
CUST_100010,26,Working Age (25-55),Female,28300.0,3000,debt_consolidation,2,6,9,0.2963,0,0,1,Month_2
CUST_100011,34,Working Age (25-55),Male,52000.0,7700,debt_consolidation,0,11,4,0.1323,0,0,0,Month_2
CUST_100012,41,Working Age (25-55),Male,66600.0,23900,home_improvement,2,13,11,0.2124,0,0,1,Month_2
CUST_100013,35,Working Age (25-55),Male,23700.0,6900,major_purchase,17,16,7,0.2427,0,0,0,Month_2
CUST_100014,31,Working Age (25-55),Male,43500.0,13100,debt_consolidation,10,16,8,0.1573,0,0,0,Month_2
CUST_100015,33,Working Age (25-55),Female,35600.0,14000,debt_consolidation,5,14,9,0.4466,0,0,1,Month_2
CUST_100016,46,Working Age (25-55),Female,64800.0,18800,credit_card,11,13,9,0.1581,0,0,0,Month_2
CUST_100017,37,Working Age (25-55),Male,33400.0,5600,debt_consolidation,15,14,7,0.4405,0,0,0,Month_2
CUST_100018,61,Senior (>55),Male,58300.0,21100,debt_consolidation,4,21,7,0.3689,0,0,0,Month_2
CUST_100019,58,Senior (>55),Male,89600.0,28500,credit_card,2,20,4,0.2628,0,3,0,Month_2
CUST_100020,48,Working Age (25-55),Male,46800.0,9200,credit_card,1,16,7,0.1636,0,0,0,Month_2
CUST_100021,40,Working Age (25-55),Female,50600.0,9900,debt_consolidation,9,16,10,0.1468,0,0,0,Month_2
CUST_100022,38,Working Age (25-55),Male,81000.0,21900,small_business,0,13,5,0.1862,0,0,0,Month_2
CUST_100023,34,Working Age (25-55),Male,65600.0,7200,home_improvement,0,8,13,0.2015,0,2,0,Month_2
CUST_100024,41,Working Age (25-55),Male,41900.0,12300,debt_consolidation,7,17,11,0.2015,0,0,0,Month_2
CUST_100025,48,Working Age (25-55),Male,109600.0,26600,credit_card,10,18,11,0.2211,0,0,0,Month_2
CUST_100026,40,Working Age (25-55),Female,51000.0,17000,credit_card,0,12,9,0.2935,0,2,1,Month_2
CUST_100027,41,Working Age (25-55),Male,18900.0,2000,debt_consolidation,2,15,3,0.2066,0,2,0,Month_2
CUST_100028,44,Working Age (25-55),Female,55400.0,23400,home_improvement,5,14,8,0.096,1,0,0,Month_2
CUST_100029,54,Working Age (25-55),Male,65900.0,20400,debt_consolidation,0,16,8,0.2714,0,1,1,Month_2
CUST_100030,26,Working Age (25-55),Male,71600.0,32200,debt_consolidation,5,4,5,0.2211,0,0,1,Month_2
CUST_100031,19,Young (<25),Male,59300.0,15700,medical,1,5,9,0.2843,0,0,1,Month_2
CUST_100032,33,Working Age (25-55),Female,45500.0,9600,home_improvement,1,10,4,0.1402,0,0,0,Month_2
CUST_100033,41,Working Age (25-55),Female,17400.0,2300,credit_card,1,18,6,0.2265,0,0,0,Month_2
CUST_100034,42,Working Age (25-55),Male,42200.0,5600,credit_card,3,20,6,0.1486,0,0,0,Month_2
CUST_100035,36,Working Age (25-55),Male,45100.0,9300,major_purchase,4,15,5,0.2778,0,0,0,Month_2
CUST_100036,53,Working Age (25-55),Male,63100.0,19500,major_purchase,1,18,5,0.2238,0,1,0,Month_2
CUST_100037,27,Working Age (25-55),Female,35100.0,8300,debt_consolidation,2,12,7,0.354,0,0,0,Month_2
CUST_100038,38,Working Age (25-55),Male,132800.0,16300,debt_consolidation,20,10,4,0.219,0,3,0,Month_2
CUST_100039,68,Senior (>55),Female,24500.0,2600,debt_consolidation,5,22,4,0.187,0,0,0,Month_2
CUST_100040,47,Working Age (25-55),Male,35200.0,3900,small_business,10,16,6,0.1412,0,0,0,Month_2
CUST_100041,44,Working Age (25-55),Female,52300.0,16500,debt_consolidation,0,19,6,0.065,0,2,0,Month_2
CUST_100042,54,Working Age (25-55),Female,87700.0,32100,debt_consolidation,10,15,7,0.2494,0,0,0,Month_2
CUST_100043,41,Working Age (25-55),Female,32000.0,13200,medical,3,8,5,0.3712,0,0,1,Month_2
CUST_100044,19,Young (<25),Male,85600.0,10300,debt_consolidation,0,7,4,0.1949,0,0,1,Month_2
CUST_100045,33,Working Age (25-55),Female,42700.0,10500,debt_consolidation,4,13,6,0.1588,0,0,0,Month_2
CUST_100046,39,Working Age (25-55),Female,27700.0,7000,debt_consolidation,2,16,8,0.1062,0,0,0,Month_2
CUST_100047,46,Working Age (25-55),Male,98000.0,28800,home_improvement,8,20,4,0.4308,1,0,0,Month_2
CUST_100048,42,Working Age (25-55),Female,51000.0,16100,debt_consolidation,3,18,6,0.2476,0,0,0,Month_2
CUST_100049,53,Working Age (25-55),Male,40300.0,12600,major_purchase,6,23,7,0.3765,0,1,1,Month_2
CUST_100050,35,Working Age (25-55),Female,43800.0,11200,debt_consolidation,0,14,9,0.3958,0,0,1,Month_2
CUST_100051,45,Working Age (25-55),Female,45000.0,11700,debt_consolidation,0,13,8,0.3043,0,0,0,Month_2
CUST_100052,49,Working Age (25-55),Female,35400.0,8400,debt_consolidation,1,14,12,0.4787,0,0,1,Month_2
CUST_100053,42,Working Age (25-55),Female,26800.0,3100,credit_card,0,15,5,0.1462,0,1,0,Month_2
CUST_100054,51,Working Age (25-55),Female,99400.0,27700,debt_consolidation,2,16,6,0.2055,0,0,0,Month_2
CUST_100055,40,Working Age (25-55),Male,38000.0,13600,credit_card,3,13,3,0.3385,0,0,1,Month_2
CUST_100056,20,Young (<25),Male,52500.0,14300,small_business,2,5,6,0.1697,0,0,0,Month_2
CUST_100057,48,Working Age (25-55),Male,55300.0,17800,debt_consolidation,2,21,8,0.2642,0,0,0,Month_2
CUST_100058,22,Young (<25),Male,88500.0,16900,debt_consolidation,1,1,4,0.065,0,0,0,Month_2
CUST_100059,41,Working Age (25-55),Female,48100.0,18600,debt_consolidation,11,13,10,0.2238,0,1,0,Month_2
CUST_100060,27,Working Age (25-55),Female,120500.0,14900,debt_consolidation,3,5,5,0.1619,0,0,0,Month_2
CUST_100061,43,Working Age (25-55),Male,30800.0,4700,small_business,6,16,4,0.3162,0,0,0,Month_2
CUST_100062,48,Working Age (25-55),Female,71000.0,27100,debt_consolidation,0,16,13,0.1843,0,0,0,Month_2
CUST_100063,48,Working Age (25-55),Male,35300.0,6400,debt_consolidation,2,17,9,0.371,0,1,1,Month_2
CUST_100064,51,Working Age (25-55),Female,76000.0,11200,home_improvement,0,15,10,0.4803,0,0,1,Month_2
CUST_100065,45,Working Age (25-55),Female,21200.0,3100,debt_consolidation,3,16,7,0.1629,0,2,0,Month_2
CUST_100066,38,Working Age (25-55),Male,27100.0,10800,medical,5,13,7,0.2101,1,0,0,Month_2
CUST_100067,57,Senior (>55),Female,54100.0,9800,home_improvement,8,20,5,0.2103,0,0,0,Month_2
CUST_100068,34,Working Age (25-55),Male,57100.0,13000,credit_card,3,10,2,0.4421,1,0,1,Month_2
CUST_100069,38,Working Age (25-55),Female,64600.0,13300,credit_card,8,10,6,0.338,0,0,0,Month_2
CUST_100070,33,Working Age (25-55),Female,87200.0,19300,debt_consolidation,3,11,14,0.3413,0,1,1,Month_2
CUST_100071,19,Young (<25),Female,24800.0,2800,credit_card,1,7,6,0.3819,0,0,1,Month_2
CUST_100072,46,Working Age (25-55),Male,112500.0,22900,major_purchase,0,14,14,0.1806,0,0,0,Month_2
CUST_100073,23,Young (<25),Male,164800.0,37000,debt_consolidation,1,7,11,0.2196,0,0,0,Month_2
CUST_100074,51,Working Age (25-55),Female,60800.0,16100,debt_consolidation,1,20,13,0.3614,0,0,0,Month_2
CUST_100075,63,Senior (>55),Female,57000.0,26400,credit_card,0,21,6,0.233,0,1,1,Month_2
CUST_100076,46,Working Age (25-55),Female,53200.0,15300,debt_consolidation,0,18,11,0.2805,0,1,1,Month_2
CUST_100077,36,Working Age (25-55),Female,68300.0,21200,debt_consolidation,8,13,5,0.3063,0,0,0,Month_2
CUST_100078,52,Working Age (25-55),Female,44000.0,19800,home_improvement,0,20,5,0.4311,0,0,1,Month_2
CUST_100079,29,Working Age (25-55),Female,57900.0,24100,debt_consolidation,0,3,8,0.1113,0,0,0,Month_2
CUST_100080,30,Working Age (25-55),Female,21200.0,6200,credit_card,0,14,6,0.2498,0,0,0,Month_2
CUST_100081,52,Working Age (25-55),Female,20700.0,3200,debt_consolidation,2,16,9,0.3961,0,0,1,Month_2
CUST_100082,27,Working Age (25-55),Female,78700.0,22900,debt_consolidation,4,9,3,0.3698,0,0,1,Month_2
CUST_100083,31,Working Age (25-55),Male,41000.0,9600,credit_card,0,8,7,0.3419,0,0,1,Month_2
CUST_100084,55,Working Age (25-55),Male,77500.0,32900,credit_card,2,19,5,0.2245,0,0,0,Month_2
CUST_100085,37,Working Age (25-55),Male,40800.0,8000,small_business,2,13,9,0.5574,0,0,1,Month_2
CUST_100086,34,Working Age (25-55),Male,125700.0,19300,small_business,1,16,9,0.1891,0,0,0,Month_2
CUST_100087,21,Young (<25),Female,56300.0,8400,home_improvement,3,6,9,0.1503,0,1,0,Month_2
CUST_100088,50,Working Age (25-55),Female,32400.0,7200,major_purchase,3,16,4,0.1274,0,0,0,Month_2
CUST_100089,43,Working Age (25-55),Male,23500.0,3200,debt_consolidation,0,19,3,0.0731,0,0,0,Month_2
CUST_100090,30,Working Age (25-55),Female,51400.0,10000,home_improvement,7,17,3,0.4674,1,0,1,Month_2
CUST_100091,38,Working Age (25-55),Female,44200.0,13100,debt_consolidation,7,10,6,0.2594,0,1,1,Month_2
CUST_100092,38,Working Age (25-55),Male,105100.0,35900,medical,0,16,6,0.2019,0,0,0,Month_2
CUST_100093,34,Working Age (25-55),Female,36200.0,4400,home_improvement,2,12,8,0.2502,0,0,0,Month_2
CUST_100094,53,Working Age (25-55),Female,78800.0,24900,small_business,3,20,6,0.1133,0,0,0,Month_2
CUST_100095,38,Working Age (25-55),Male,17400.0,6300,home_improvement,2,13,9,0.1288,0,0,0,Month_2
CUST_100096,36,Working Age (25-55),Female,42700.0,11200,home_improvement,2,10,7,0.1317,1,3,1,Month_2
CUST_100097,51,Working Age (25-55),Male,36500.0,13000,home_improvement,7,20,5,0.3713,1,0,1,Month_2
CUST_100098,27,Working Age (25-55),Female,53300.0,23000,debt_consolidation,0,6,9,0.2661,0,0,1,Month_2
CUST_100099,44,Working Age (25-55),Female,20700.0,8500,medical,0,17,8,0.3522,0,0,1,Month_2
CUST_100100,27,Working Age (25-55),Male,76200.0,28700,small_business,2,2,10,0.1231,0,0,1,Month_2
CUST_100101,43,Working Age (25-55),Female,42300.0,19600,debt_consolidation,0,19,8,0.1238,0,3,0,Month_2
CUST_100102,48,Working Age (25-55),Female,25800.0,12000,debt_consolidation,0,21,16,0.4886,0,0,1,Month_2
CUST_100103,44,Working Age (25-55),Male,63800.0,14500,credit_card,13,13,10,0.1615,0,0,0,Month_2
CUST_100104,51,Working Age (25-55),Male,80300.0,11300,medical,2,22,2,0.4807,0,1,1,Month_2
CUST_100105,38,Working Age (25-55),Female,50000.0,18500,credit_card,0,16,7,0.0908,0,1,0,Month_2
CUST_100106,43,Working Age (25-55),Male,57400.0,11000,credit_card,3,14,5,0.1225,0,0,0,Month_2
CUST_100107,33,Working Age (25-55),Female,55500.0,9000,debt_consolidation,11,11,4,0.2444,0,0,0,Month_2
CUST_100108,45,Working Age (25-55),Male,93700.0,33900,debt_consolidation,7,15,8,0.2339,0,0,0,Month_2
CUST_100109,34,Working Age (25-55),Female,42100.0,15500,debt_consolidation,2,11,7,0.1715,0,0,0,Month_2
CUST_100110,34,Working Age (25-55),Male,46000.0,9600,credit_card,6,11,10,0.2196,0,0,0,Month_2
CUST_100111,42,Working Age (25-55),Female,63300.0,10600,debt_consolidation,0,13,4,0.4579,0,0,1,Month_2
CUST_100112,49,Working Age (25-55),Male,28300.0,12900,medical,0,16,7,0.1491,0,0,0,Month_2
CUST_100113,26,Working Age (25-55),Female,23700.0,8000,credit_card,3,4,4,0.3561,0,0,1,Month_2
CUST_100114,36,Working Age (25-55),Male,21700.0,8700,debt_consolidation,8,11,6,0.1435,0,0,0,Month_2
CUST_100115,33,Working Age (25-55),Male,74100.0,19400,small_business,4,10,10,0.4867,1,0,1,Month_2
CUST_100116,47,Working Age (25-55),Female,136500.0,50000,debt_consolidation,1,20,6,0.122,0,0,0,Month_2
CUST_100117,42,Working Age (25-55),Male,40900.0,10300,home_improvement,6,11,8,0.223,0,0,0,Month_2
CUST_100118,48,Working Age (25-55),Male,22200.0,7700,home_improvement,1,15,5,0.2017,0,0,0,Month_2
CUST_100119,33,Working Age (25-55),Female,102400.0,36800,debt_consolidation,0,8,11,0.376,1,0,1,Month_2
CUST_100120,63,Senior (>55),Female,141000.0,46200,debt_consolidation,8,21,7,0.3795,0,0,0,Month_2
CUST_100121,46,Working Age (25-55),Male,39500.0,6400,debt_consolidation,6,16,10,0.3694,1,0,1,Month_2
CUST_100122,74,Senior (>55),Female,88800.0,37300,debt_consolidation,8,23,10,0.2011,0,0,0,Month_2
CUST_100123,42,Working Age (25-55),Male,56100.0,17800,debt_consolidation,1,14,3,0.1331,0,0,0,Month_2
CUST_100124,42,Working Age (25-55),Female,53600.0,8600,debt_consolidation,0,20,8,0.2949,0,0,0,Month_2
CUST_100125,52,Working Age (25-55),Female,71400.0,14600,debt_consolidation,8,18,5,0.1495,0,2,0,Month_2
CUST_100126,57,Senior (>55),Female,90100.0,28200,credit_card,0,16,9,0.1758,0,0,0,Month_2
CUST_100127,35,Working Age (25-55),Female,154100.0,50000,debt_consolidation,0,14,8,0.1428,0,0,0,Month_2
CUST_100128,30,Working Age (25-55),Female,80800.0,33700,debt_consolidation,0,9,10,0.3271,0,1,1,Month_2
CUST_100129,35,Working Age (25-55),Female,51000.0,5500,debt_consolidation,4,14,4,0.1786,0,1,0,Month_2
CUST_100130,19,Young (<25),Female,115300.0,21900,debt_consolidation,0,5,5,0.0747,0,2,0,Month_2
CUST_100131,35,Working Age (25-55),Male,59900.0,6600,debt_consolidation,2,16,9,0.3433,0,3,0,Month_2
CUST_100132,20,Young (<25),Male,70200.0,20600,medical,2,5,5,0.3204,0,0,1,Month_2
CUST_100133,45,Working Age (25-55),Female,72500.0,24400,debt_consolidation,1,21,4,0.4437,0,0,1,Month_2
CUST_100134,52,Working Age (25-55),Female,48400.0,13600,credit_card,2,20,7,0.2855,1,0,1,Month_2
CUST_100135,30,Working Age (25-55),Male,45300.0,20000,debt_consolidation,3,5,4,0.3991,0,0,1,Month_2
CUST_100136,33,Working Age (25-55),Female,47500.0,16100,credit_card,12,4,6,0.3169,0,1,1,Month_2
CUST_100137,47,Working Age (25-55),Male,17400.0,8000,credit_card,1,16,12,0.1452,0,0,0,Month_2
CUST_100138,19,Young (<25),Male,48700.0,12300,credit_card,1,9,6,0.1458,0,0,0,Month_2
CUST_100139,40,Working Age (25-55),Male,70300.0,21300,small_business,0,15,10,0.3326,0,0,1,Month_2
CUST_100140,55,Working Age (25-55),Male,48200.0,20000,debt_consolidation,7,19,6,0.1834,0,0,0,Month_2
CUST_100141,31,Working Age (25-55),Male,37500.0,16800,major_purchase,0,11,15,0.0659,0,1,1,Month_2
CUST_100142,36,Working Age (25-55),Female,39500.0,15400,credit_card,0,14,6,0.0776,0,0,1,Month_2
CUST_100143,58,Senior (>55),Female,46500.0,14600,debt_consolidation,2,17,8,0.2695,0,1,1,Month_2
CUST_100144,30,Working Age (25-55),Female,36700.0,4500,major_purchase,7,7,8,0.298,0,2,1,Month_2
CUST_100145,33,Working Age (25-55),Female,65400.0,12300,debt_consolidation,5,15,7,0.2438,0,1,0,Month_2
CUST_100146,49,Working Age (25-55),Female,30600.0,7500,credit_card,0,13,6,0.2279,0,1,1,Month_2
CUST_100147,38,Working Age (25-55),Female,78200.0,11200,debt_consolidation,2,11,7,0.3156,0,0,0,Month_2
CUST_100148,31,Working Age (25-55),Female,19900.0,8500,credit_card,6,7,13,0.065,0,0,0,Month_2
CUST_100149,37,Working Age (25-55),Female,45400.0,18900,credit_card,4,18,7,0.2482,0,0,0,Month_2
CUST_100150,42,Working Age (25-55),Male,41100.0,15400,credit_card,5,19,7,0.2387,0,0,0,Month_2
CUST_100151,43,Working Age (25-55),Male,62900.0,11100,credit_card,0,14,7,0.1091,1,0,0,Month_2
CUST_100152,49,Working Age (25-55),Female,74700.0,29800,home_improvement,11,19,5,0.3464,1,1,0,Month_2
CUST_100153,44,Working Age (25-55),Male,105000.0,11900,medical,4,16,8,0.5344,1,0,1,Month_2
CUST_100154,49,Working Age (25-55),Male,38700.0,12400,home_improvement,2,15,8,0.2431,0,1,1,Month_2
CUST_100155,29,Working Age (25-55),Female,48800.0,8700,home_improvement,1,9,6,0.3476,0,0,1,Month_2
CUST_100156,42,Working Age (25-55),Female,40600.0,11900,debt_consolidation,9,16,7,0.1248,0,0,0,Month_2
CUST_100157,44,Working Age (25-55),Male,52000.0,17800,debt_consolidation,7,11,10,0.1533,0,0,0,Month_2
CUST_100158,42,Working Age (25-55),Female,17400.0,6200,debt_consolidation,1,11,6,0.1915,0,0,0,Month_2
CUST_100159,45,Working Age (25-55),Female,48200.0,22000,credit_card,1,13,8,0.215,1,0,1,Month_2
CUST_100160,41,Working Age (25-55),Male,79400.0,21100,small_business,4,14,7,0.2,1,1,1,Month_2
CUST_100161,48,Working Age (25-55),Male,44100.0,9400,debt_consolidation,8,21,9,0.2529,0,0,0,Month_2
CUST_100162,36,Working Age (25-55),Male,34400.0,7100,debt_consolidation,0,15,6,0.3713,0,1,1,Month_2
CUST_100163,41,Working Age (25-55),Male,28700.0,5300,debt_consolidation,2,12,7,0.118,0,0,0,Month_2
CUST_100164,48,Working Age (25-55),Female,36700.0,16700,small_business,6,13,8,0.3518,1,0,1,Month_2
CUST_100165,38,Working Age (25-55),Male,32600.0,12800,debt_consolidation,5,11,4,0.151,0,0,0,Month_2
CUST_100166,49,Working Age (25-55),Male,19100.0,5100,home_improvement,11,16,5,0.2355,1,0,0,Month_2
CUST_100167,49,Working Age (25-55),Female,54700.0,11200,home_improvement,4,18,4,0.1889,0,2,0,Month_2
CUST_100168,75,Senior (>55),Male,55500.0,8900,debt_consolidation,3,30,5,0.1162,0,1,0,Month_2
CUST_100169,46,Working Age (25-55),Female,53500.0,14200,debt_consolidation,1,16,7,0.1532,0,0,0,Month_2
CUST_100170,37,Working Age (25-55),Female,64600.0,29100,debt_consolidation,2,14,7,0.2648,0,0,1,Month_2
CUST_100171,26,Working Age (25-55),Female,72700.0,27300,debt_consolidation,0,5,5,0.2404,0,1,1,Month_2
CUST_100172,39,Working Age (25-55),Female,69200.0,11300,medical,4,15,4,0.3877,0,0,0,Month_2
CUST_100173,39,Working Age (25-55),Male,191600.0,43400,credit_card,1,17,8,0.1129,1,0,0,Month_2
CUST_100174,42,Working Age (25-55),Female,55000.0,21100,debt_consolidation,12,13,6,0.1431,0,0,0,Month_2
CUST_100175,20,Young (<25),Male,70200.0,20300,credit_card,2,12,11,0.2212,0,0,0,Month_2
CUST_100176,49,Working Age (25-55),Male,38400.0,4800,major_purchase,9,15,8,0.3228,0,0,0,Month_2
CUST_100177,47,Working Age (25-55),Male,82500.0,25000,home_improvement,6,15,4,0.2696,1,0,0,Month_2
CUST_100178,41,Working Age (25-55),Male,23800.0,9100,debt_consolidation,5,10,10,0.2593,0,0,0,Month_2
CUST_100179,43,Working Age (25-55),Male,66500.0,23600,debt_consolidation,8,19,8,0.1622,0,1,0,Month_2
CUST_100180,26,Working Age (25-55),Female,34700.0,3900,debt_consolidation,0,5,11,0.1165,0,0,0,Month_2
CUST_100181,33,Working Age (25-55),Female,70000.0,14200,credit_card,0,12,11,0.1066,1,1,0,Month_2
CUST_100182,34,Working Age (25-55),Male,153800.0,50000,small_business,0,6,5,0.2266,0,0,0,Month_2
CUST_100183,40,Working Age (25-55),Female,27400.0,12500,debt_consolidation,3,13,8,0.287,0,0,1,Month_2
CUST_100184,42,Working Age (25-55),Female,65300.0,9700,credit_card,0,15,5,0.1138,0,1,0,Month_2
CUST_100185,38,Working Age (25-55),Male,56400.0,14500,credit_card,5,13,9,0.3761,0,0,1,Month_2
CUST_100186,39,Working Age (25-55),Male,99000.0,33300,home_improvement,0,10,5,0.1142,0,0,0,Month_2
CUST_100187,30,Working Age (25-55),Female,121900.0,25800,credit_card,5,11,10,0.3857,0,1,1,Month_2
CUST_100188,28,Working Age (25-55),Male,62700.0,10800,debt_consolidation,3,9,8,0.3953,1,1,1,Month_2
CUST_100189,19,Young (<25),Female,77800.0,13500,credit_card,1,8,5,0.3201,1,0,1,Month_2
CUST_100190,53,Working Age (25-55),Male,46700.0,5600,debt_consolidation,18,21,9,0.151,0,1,0,Month_2
CUST_100191,40,Working Age (25-55),Female,82600.0,11100,credit_card,1,15,10,0.1585,0,2,0,Month_2
CUST_100192,51,Working Age (25-55),Male,22300.0,3500,credit_card,3,12,7,0.0965,0,2,0,Month_2
CUST_100193,34,Working Age (25-55),Male,46100.0,11800,debt_consolidation,7,13,8,0.1131,0,1,0,Month_2
CUST_100194,25,Working Age (25-55),Male,59100.0,6300,home_improvement,2,6,6,0.1383,0,0,0,Month_2
CUST_100195,40,Working Age (25-55),Female,61700.0,17500,major_purchase,6,17,5,0.2937,0,0,0,Month_2
CUST_100196,49,Working Age (25-55),Female,61900.0,28400,medical,2,13,6,0.36,0,0,1,Month_2
CUST_100197,25,Working Age (25-55),Female,28600.0,9000,debt_consolidation,4,13,7,0.2844,0,1,0,Month_2
CUST_100198,34,Working Age (25-55),Male,28900.0,7000,credit_card,0,11,7,0.2476,0,0,0,Month_2
CUST_100199,37,Working Age (25-55),Male,45300.0,13100,major_purchase,9,14,3,0.1106,0,0,0,Month_2
CUST_100200,24,Young (<25),Male,50500.0,6800,major_purchase,2,14,5,0.2517,0,1,0,Month_2
CUST_100201,44,Working Age (25-55),Female,44100.0,18400,credit_card,5,15,6,0.2863,1,3,1,Month_2
CUST_100202,40,Working Age (25-55),Female,68800.0,21200,home_improvement,2,22,4,0.427,0,1,1,Month_2
CUST_100203,57,Senior (>55),Male,29200.0,13600,small_business,1,22,7,0.2153,1,0,1,Month_2
CUST_100204,39,Working Age (25-55),Male,91000.0,17200,credit_card,8,16,9,0.1565,0,0,0,Month_2
CUST_100205,19,Young (<25),Female,63600.0,12700,major_purchase,1,3,10,0.2064,0,0,0,Month_2
CUST_100206,39,Working Age (25-55),Female,159800.0,50000,debt_consolidation,5,12,7,0.2604,1,1,1,Month_2
CUST_100207,42,Working Age (25-55),Female,78600.0,25900,credit_card,7,15,5,0.4126,0,0,1,Month_2
CUST_100208,33,Working Age (25-55),Male,22900.0,8300,debt_consolidation,6,11,6,0.1414,0,1,0,Month_2
CUST_100209,31,Working Age (25-55),Female,86100.0,17500,credit_card,4,6,3,0.3836,0,0,1,Month_2
CUST_100210,64,Senior (>55),Female,91200.0,14700,home_improvement,6,21,9,0.292,0,0,0,Month_2
CUST_100211,34,Working Age (25-55),Female,17400.0,7100,credit_card,9,13,9,0.2607,0,0,0,Month_2
CUST_100212,43,Working Age (25-55),Male,108500.0,23000,debt_consolidation,25,17,8,0.31,0,3,0,Month_2
CUST_100213,31,Working Age (25-55),Male,108200.0,16500,debt_consolidation,3,12,6,0.1278,0,1,0,Month_2
CUST_100214,56,Senior (>55),Female,68000.0,8700,credit_card,1,19,5,0.4473,0,0,0,Month_2
CUST_100215,46,Working Age (25-55),Male,91600.0,24700,home_improvement,4,11,7,0.1644,0,0,0,Month_2
CUST_100216,28,Working Age (25-55),Female,63500.0,18000,major_purchase,0,10,13,0.1884,0,0,0,Month_2
CUST_100217,24,Young (<25),Male,60700.0,9100,medical,1,5,5,0.0865,0,0,0,Month_2
CUST_100218,40,Working Age (25-55),Female,149700.0,25200,debt_consolidation,4,17,7,0.2028,0,1,0,Month_2
CUST_100219,19,Young (<25),Male,23400.0,5400,credit_card,0,1,6,0.3961,1,0,1,Month_2
CUST_100220,40,Working Age (25-55),Male,43800.0,11800,debt_consolidation,9,12,6,0.2019,0,0,0,Month_2
CUST_100221,22,Young (<25),Female,84200.0,37100,major_purchase,3,1,6,0.1335,0,1,1,Month_2
CUST_100222,43,Working Age (25-55),Female,29700.0,12900,debt_consolidation,4,19,10,0.2717,0,0,0,Month_2
CUST_100223,55,Working Age (25-55),Male,44200.0,16300,debt_consolidation,4,15,4,0.2754,0,0,0,Month_2
CUST_100224,43,Working Age (25-55),Male,73200.0,23500,small_business,0,17,10,0.1671,0,0,1,Month_2
CUST_100225,47,Working Age (25-55),Female,54000.0,8600,debt_consolidation,4,17,6,0.1682,1,0,0,Month_2
CUST_100226,59,Senior (>55),Female,47700.0,10700,debt_consolidation,11,11,10,0.467,0,0,1,Month_2
CUST_100227,67,Senior (>55),Male,56500.0,24600,credit_card,2,24,8,0.457,0,0,1,Month_2
CUST_100228,41,Working Age (25-55),Male,71400.0,19700,credit_card,3,13,9,0.0717,0,0,0,Month_2
CUST_100229,46,Working Age (25-55),Female,25500.0,4900,debt_consolidation,0,18,6,0.3666,0,2,1,Month_2
CUST_100230,38,Working Age (25-55),Male,39800.0,13000,credit_card,5,12,5,0.2734,0,0,0,Month_2
CUST_100231,40,Working Age (25-55),Female,125100.0,25700,credit_card,3,9,4,0.3502,1,0,1,Month_2
CUST_100232,33,Working Age (25-55),Male,64400.0,18300,debt_consolidation,4,7,7,0.2128,0,0,0,Month_2
CUST_100233,34,Working Age (25-55),Female,79900.0,15600,debt_consolidation,9,10,6,0.186,0,0,0,Month_2
CUST_100234,38,Working Age (25-55),Male,61100.0,13900,debt_consolidation,0,15,3,0.3069,0,0,0,Month_2
CUST_100235,47,Working Age (25-55),Male,39100.0,7900,debt_consolidation,1,15,8,0.2144,0,0,0,Month_2
CUST_100236,39,Working Age (25-55),Male,45200.0,15800,medical,0,18,9,0.3583,0,1,1,Month_2
CUST_100237,63,Senior (>55),Male,30400.0,5300,debt_consolidation,4,23,6,0.2656,0,0,0,Month_2
CUST_100238,55,Working Age (25-55),Male,24700.0,6100,credit_card,5,19,4,0.3471,0,0,0,Month_2
CUST_100239,43,Working Age (25-55),Female,33400.0,14800,major_purchase,2,11,8,0.3591,1,0,1,Month_2
CUST_100240,39,Working Age (25-55),Female,65500.0,14000,small_business,5,10,14,0.2677,0,0,0,Month_2
CUST_100241,40,Working Age (25-55),Male,32700.0,10400,debt_consolidation,2,8,7,0.1698,0,0,0,Month_2
CUST_100242,41,Working Age (25-55),Female,30400.0,13600,debt_consolidation,4,17,6,0.4404,1,0,1,Month_2
CUST_100243,50,Working Age (25-55),Male,62900.0,16600,credit_card,8,15,12,0.2784,1,1,1,Month_2
CUST_100244,28,Working Age (25-55),Female,65400.0,27500,debt_consolidation,10,9,8,0.3737,1,0,1,Month_2
CUST_100245,33,Working Age (25-55),Female,44000.0,7800,credit_card,0,10,7,0.1657,0,0,0,Month_2
CUST_100246,30,Working Age (25-55),Male,19900.0,8600,credit_card,12,12,2,0.1819,0,2,0,Month_2
CUST_100247,69,Senior (>55),Female,47400.0,12700,debt_consolidation,4,25,2,0.2686,0,0,0,Month_2
CUST_100248,39,Working Age (25-55),Male,65500.0,18300,debt_consolidation,8,9,8,0.2303,0,0,0,Month_2
CUST_100249,33,Working Age (25-55),Male,23000.0,3900,debt_consolidation,1,11,4,0.065,0,0,0,Month_2
CUST_100250,30,Working Age (25-55),Female,30100.0,3200,credit_card,1,11,3,0.5619,1,0,1,Month_2
CUST_100251,30,Working Age (25-55),Female,47900.0,10500,credit_card,12,10,15,0.2978,0,2,0,Month_2
CUST_100252,43,Working Age (25-55),Male,90200.0,23500,debt_consolidation,7,18,7,0.065,1,0,0,Month_2
CUST_100253,49,Working Age (25-55),Female,60000.0,18000,debt_consolidation,8,20,5,0.2224,0,0,0,Month_2
CUST_100254,53,Working Age (25-55),Male,38600.0,16400,debt_consolidation,2,18,4,0.12,0,0,0,Month_2
CUST_100255,25,Working Age (25-55),Female,64700.0,14800,small_business,2,3,13,0.0949,0,3,0,Month_2
CUST_100256,30,Working Age (25-55),Male,62700.0,20000,credit_card,0,15,6,0.3532,0,0,1,Month_2
CUST_100257,44,Working Age (25-55),Male,89100.0,40700,debt_consolidation,2,12,11,0.1607,0,1,1,Month_2
CUST_100258,32,Working Age (25-55),Female,61000.0,6400,small_business,8,6,4,0.2493,1,0,1,Month_2
CUST_100259,25,Working Age (25-55),Male,17400.0,4400,home_improvement,0,7,12,0.199,0,0,0,Month_2
CUST_100260,37,Working Age (25-55),Female,28000.0,3300,debt_consolidation,1,12,8,0.1762,0,0,0,Month_2
CUST_100261,46,Working Age (25-55),Male,83200.0,9200,debt_consolidation,4,22,12,0.1819,0,0,0,Month_2
CUST_100262,29,Working Age (25-55),Female,71500.0,10400,home_improvement,3,11,8,0.1602,0,0,0,Month_2
CUST_100263,54,Working Age (25-55),Female,88200.0,36100,debt_consolidation,0,16,4,0.2977,0,0,0,Month_2
CUST_100264,27,Working Age (25-55),Female,47500.0,18400,debt_consolidation,9,9,12,0.4981,0,2,1,Month_2
CUST_100265,29,Working Age (25-55),Male,44200.0,16800,credit_card,0,7,6,0.3625,0,1,1,Month_2
CUST_100266,19,Young (<25),Female,31400.0,3500,debt_consolidation,1,4,5,0.1364,0,3,0,Month_2
CUST_100267,38,Working Age (25-55),Male,24400.0,10000,small_business,3,12,6,0.1982,0,0,0,Month_2
CUST_100268,62,Senior (>55),Male,49400.0,13000,credit_card,15,21,6,0.065,0,2,0,Month_2
CUST_100269,43,Working Age (25-55),Male,201200.0,26800,debt_consolidation,4,14,9,0.2374,0,1,0,Month_2
CUST_100270,63,Senior (>55),Female,57100.0,21900,debt_consolidation,3,16,8,0.2429,1,0,1,Month_2
CUST_100271,32,Working Age (25-55),Female,17600.0,8000,credit_card,0,13,7,0.3812,0,2,1,Month_2
CUST_100272,69,Senior (>55),Female,40900.0,18400,debt_consolidation,2,26,7,0.2776,1,0,1,Month_2
CUST_100273,34,Working Age (25-55),Female,29400.0,13600,credit_card,2,12,7,0.3177,0,0,1,Month_2
CUST_100274,30,Working Age (25-55),Female,47200.0,18200,credit_card,3,11,11,0.206,0,0,0,Month_2
CUST_100275,29,Working Age (25-55),Male,54200.0,18000,credit_card,0,7,2,0.1905,0,0,0,Month_2
CUST_100276,31,Working Age (25-55),Female,92500.0,33500,small_business,7,9,7,0.2556,0,0,0,Month_2
CUST_100277,22,Young (<25),Female,80500.0,12400,debt_consolidation,4,4,7,0.2321,0,0,0,Month_2
CUST_100278,22,Young (<25),Female,178000.0,50000,debt_consolidation,1,12,8,0.2871,0,1,0,Month_2
CUST_100279,22,Young (<25),Male,32800.0,11400,debt_consolidation,1,6,6,0.5092,0,0,0,Month_2
CUST_100280,19,Young (<25),Female,58600.0,17700,credit_card,1,3,9,0.1074,0,0,0,Month_2
CUST_100281,38,Working Age (25-55),Female,42900.0,12600,debt_consolidation,4,11,5,0.0749,0,0,0,Month_2
CUST_100282,38,Working Age (25-55),Female,105800.0,29400,debt_consolidation,2,14,5,0.4089,0,0,1,Month_2
CUST_100283,53,Working Age (25-55),Female,73700.0,26100,debt_consolidation,2,16,6,0.065,0,0,0,Month_2
CUST_100284,47,Working Age (25-55),Male,20000.0,3900,small_business,0,17,10,0.1774,0,0,0,Month_2
CUST_100285,29,Working Age (25-55),Female,85900.0,29500,debt_consolidation,0,10,9,0.1739,0,0,0,Month_2
CUST_100286,43,Working Age (25-55),Female,26400.0,8000,debt_consolidation,2,17,8,0.0876,0,0,0,Month_2
CUST_100287,50,Working Age (25-55),Male,28200.0,5100,small_business,1,14,10,0.1466,0,0,0,Month_2
CUST_100288,49,Working Age (25-55),Female,56500.0,6000,medical,0,14,6,0.2404,0,0,0,Month_2
CUST_100289,37,Working Age (25-55),Male,69400.0,23000,debt_consolidation,0,12,8,0.3189,0,0,1,Month_2
CUST_100290,52,Working Age (25-55),Female,124800.0,33200,credit_card,16,19,7,0.0714,0,0,0,Month_2
CUST_100291,49,Working Age (25-55),Female,39800.0,9700,debt_consolidation,3,14,6,0.3246,0,0,0,Month_2
CUST_100292,19,Young (<25),Female,51100.0,10000,credit_card,1,3,7,0.2027,0,2,1,Month_2
CUST_100293,54,Working Age (25-55),Female,97500.0,43200,credit_card,0,17,14,0.2362,0,0,0,Month_2
CUST_100294,43,Working Age (25-55),Female,37800.0,17500,home_improvement,0,15,6,0.3336,0,0,1,Month_2
CUST_100295,35,Working Age (25-55),Female,34500.0,10300,debt_consolidation,1,13,11,0.2042,0,0,0,Month_2
CUST_100296,19,Young (<25),Male,81800.0,29800,debt_consolidation,1,3,7,0.1112,0,0,0,Month_2
CUST_100297,41,Working Age (25-55),Male,44800.0,10600,debt_consolidation,5,16,5,0.0855,0,0,0,Month_2
CUST_100298,48,Working Age (25-55),Female,156800.0,23100,small_business,4,20,8,0.2203,0,3,0,Month_2
CUST_100299,38,Working Age (25-55),Male,91800.0,31300,small_business,2,11,8,0.1973,0,0,0,Month_2
CUST_100300,48,Working Age (25-55),Female,27700.0,6700,major_purchase,2,13,7,0.1447,1,0,0,Month_2
CUST_100301,41,Working Age (25-55),Female,43300.0,13600,debt_consolidation,0,14,12,0.3329,0,1,1,Month_2
CUST_100302,20,Young (<25),Female,32600.0,3600,debt_consolidation,2,12,3,0.3045,0,0,0,Month_2
CUST_100303,46,Working Age (25-55),Female,65600.0,15600,credit_card,0,16,8,0.0868,0,0,0,Month_2
CUST_100304,47,Working Age (25-55),Female,37100.0,16400,debt_consolidation,3,20,7,0.4016,1,1,1,Month_2
CUST_100305,19,Young (<25),Female,143900.0,42600,debt_consolidation,0,5,10,0.114,0,0,0,Month_2
CUST_100306,38,Working Age (25-55),Female,59100.0,6500,debt_consolidation,3,9,6,0.0987,0,0,0,Month_2
CUST_100307,54,Working Age (25-55),Male,43400.0,15800,major_purchase,30,10,5,0.1636,0,0,0,Month_2
CUST_100308,32,Working Age (25-55),Female,20300.0,3800,credit_card,8,10,4,0.4272,0,0,1,Month_2
CUST_100309,40,Working Age (25-55),Female,47600.0,16500,debt_consolidation,3,18,7,0.4217,0,0,1,Month_2
CUST_100310,47,Working Age (25-55),Female,116700.0,42500,debt_consolidation,0,15,3,0.246,0,0,0,Month_2
CUST_100311,41,Working Age (25-55),Female,23600.0,9000,credit_card,2,14,8,0.2745,0,0,0,Month_2
CUST_100312,40,Working Age (25-55),Female,27800.0,10400,debt_consolidation,3,12,4,0.0653,0,0,0,Month_2
CUST_100313,36,Working Age (25-55),Female,55600.0,6300,debt_consolidation,3,14,10,0.4059,1,0,1,Month_2
CUST_100314,21,Young (<25),Male,52000.0,8500,debt_consolidation,3,3,7,0.1716,0,0,0,Month_2
CUST_100315,42,Working Age (25-55),Female,63800.0,22600,debt_consolidation,2,15,1,0.414,0,0,1,Month_2
CUST_100316,38,Working Age (25-55),Male,86100.0,22100,debt_consolidation,6,15,14,0.1681,0,0,0,Month_2
CUST_100317,19,Young (<25),Male,44300.0,18700,credit_card,1,6,8,0.1258,0,2,0,Month_2
CUST_100318,28,Working Age (25-55),Female,67700.0,31300,credit_card,4,11,8,0.1628,0,1,0,Month_2
CUST_100319,33,Working Age (25-55),Female,58500.0,11700,credit_card,3,9,9,0.2433,0,0,0,Month_2
CUST_100320,41,Working Age (25-55),Female,48800.0,9100,home_improvement,7,10,5,0.4301,0,0,1,Month_2
CUST_100321,47,Working Age (25-55),Male,75200.0,30300,medical,4,17,8,0.3753,0,0,1,Month_2
CUST_100322,49,Working Age (25-55),Female,90700.0,24900,credit_card,1,16,4,0.364,0,0,0,Month_2
CUST_100323,39,Working Age (25-55),Male,143900.0,27700,home_improvement,0,13,6,0.1326,0,0,1,Month_2
CUST_100324,34,Working Age (25-55),Female,38500.0,13800,credit_card,16,8,8,0.1126,0,0,0,Month_2
CUST_100325,51,Working Age (25-55),Female,104100.0,20900,small_business,1,20,8,0.279,0,0,0,Month_2
CUST_100326,33,Working Age (25-55),Male,66000.0,23100,debt_consolidation,4,12,4,0.43,1,3,1,Month_2
CUST_100327,45,Working Age (25-55),Male,55600.0,18200,medical,1,12,8,0.1681,0,1,0,Month_2
CUST_100328,37,Working Age (25-55),Male,49800.0,21400,debt_consolidation,0,13,8,0.3845,0,1,1,Month_2
CUST_100329,52,Working Age (25-55),Female,68600.0,31600,home_improvement,1,22,7,0.1065,0,0,0,Month_2
CUST_100330,31,Working Age (25-55),Male,63400.0,21800,credit_card,7,8,7,0.2444,0,0,0,Month_2
CUST_100331,50,Working Age (25-55),Female,54100.0,6100,home_improvement,2,16,3,0.1526,0,0,0,Month_2
CUST_100332,53,Working Age (25-55),Male,68100.0,17600,debt_consolidation,5,21,10,0.2481,0,0,0,Month_2
CUST_100333,50,Working Age (25-55),Male,32800.0,11700,credit_card,1,16,7,0.3614,0,0,1,Month_2
CUST_100334,48,Working Age (25-55),Male,35100.0,10700,debt_consolidation,0,22,3,0.3237,0,0,0,Month_2
CUST_100335,27,Working Age (25-55),Female,25100.0,7500,debt_consolidation,1,15,9,0.1292,0,0,0,Month_2
CUST_100336,38,Working Age (25-55),Female,125400.0,14600,small_business,0,14,4,0.1915,0,2,0,Month_2
CUST_100337,39,Working Age (25-55),Male,17400.0,3800,small_business,11,16,8,0.2619,0,1,0,Month_2
CUST_100338,47,Working Age (25-55),Male,59700.0,19700,debt_consolidation,6,16,6,0.3203,0,0,0,Month_2
CUST_100339,36,Working Age (25-55),Male,36700.0,7700,home_improvement,12,13,6,0.2789,0,0,0,Month_2
CUST_100340,34,Working Age (25-55),Male,114000.0,15200,debt_consolidation,9,9,3,0.2468,1,0,0,Month_2
CUST_100341,47,Working Age (25-55),Male,37500.0,16000,home_improvement,0,16,9,0.4061,0,0,1,Month_2
CUST_100342,25,Working Age (25-55),Female,43500.0,8500,small_business,0,6,4,0.0885,0,0,0,Month_2
CUST_100343,44,Working Age (25-55),Female,73600.0,18900,credit_card,3,13,7,0.065,0,0,0,Month_2
CUST_100344,37,Working Age (25-55),Female,63400.0,7700,small_business,4,12,9,0.1601,0,0,0,Month_2
CUST_100345,48,Working Age (25-55),Female,113100.0,37400,major_purchase,6,12,7,0.1155,0,1,0,Month_2
CUST_100346,60,Senior (>55),Male,17400.0,3400,major_purchase,11,23,8,0.0713,0,0,0,Month_2
CUST_100347,19,Young (<25),Female,84100.0,10400,debt_consolidation,0,2,10,0.1354,0,0,0,Month_2
CUST_100348,48,Working Age (25-55),Male,51100.0,8200,debt_consolidation,16,17,6,0.2578,0,0,0,Month_2
CUST_100349,49,Working Age (25-55),Male,53500.0,14800,credit_card,0,14,6,0.2609,1,0,1,Month_2
CUST_100350,33,Working Age (25-55),Female,96100.0,23500,home_improvement,11,8,8,0.1582,1,0,1,Month_2
CUST_100351,42,Working Age (25-55),Male,81700.0,24000,debt_consolidation,0,15,5,0.1794,0,2,0,Month_2
CUST_100352,35,Working Age (25-55),Female,54400.0,7500,small_business,5,15,6,0.2277,0,0,0,Month_2
CUST_100353,37,Working Age (25-55),Female,26000.0,6400,credit_card,6,7,11,0.3085,0,3,1,Month_2
CUST_100354,43,Working Age (25-55),Female,80300.0,19600,credit_card,1,22,6,0.3246,0,0,0,Month_2
CUST_100355,31,Working Age (25-55),Female,71000.0,22400,major_purchase,1,7,6,0.2894,0,1,1,Month_2
CUST_100356,19,Young (<25),Female,92700.0,32700,debt_consolidation,0,11,8,0.1649,0,3,0,Month_2
CUST_100357,56,Senior (>55),Female,106100.0,41200,credit_card,7,18,9,0.1053,0,0,0,Month_2
CUST_100358,42,Working Age (25-55),Male,46000.0,16500,small_business,0,13,8,0.1683,0,0,0,Month_2
CUST_100359,41,Working Age (25-55),Female,44100.0,8900,debt_consolidation,2,18,3,0.1026,0,0,0,Month_2
CUST_100360,31,Working Age (25-55),Male,74700.0,8700,debt_consolidation,0,4,11,0.3999,0,3,1,Month_2
CUST_100361,38,Working Age (25-55),Male,79500.0,17100,debt_consolidation,3,14,9,0.1956,0,1,0,Month_2
CUST_100362,40,Working Age (25-55),Female,46300.0,5400,major_purchase,5,18,12,0.197,0,0,0,Month_2
CUST_100363,40,Working Age (25-55),Female,75200.0,34700,credit_card,3,15,6,0.1525,0,2,0,Month_2
CUST_100364,41,Working Age (25-55),Female,74400.0,31000,debt_consolidation,12,10,5,0.0753,0,0,0,Month_2
CUST_100365,30,Working Age (25-55),Male,30200.0,13900,debt_consolidation,2,9,9,0.106,0,0,0,Month_2
CUST_100366,47,Working Age (25-55),Male,39500.0,16800,credit_card,1,11,7,0.156,0,0,0,Month_2
CUST_100367,37,Working Age (25-55),Female,34900.0,4800,debt_consolidation,1,9,5,0.2879,0,0,0,Month_2
CUST_100368,38,Working Age (25-55),Male,76700.0,25200,medical,12,12,8,0.2359,0,2,0,Month_2
CUST_100369,40,Working Age (25-55),Male,133100.0,41700,small_business,0,15,5,0.1243,0,0,1,Month_2
CUST_100370,27,Working Age (25-55),Male,121100.0,50000,debt_consolidation,6,12,3,0.2833,0,1,1,Month_2
CUST_100371,50,Working Age (25-55),Male,17400.0,2200,debt_consolidation,0,15,6,0.4908,1,0,1,Month_2
CUST_100372,53,Working Age (25-55),Female,63700.0,24100,major_purchase,6,16,3,0.2701,0,0,0,Month_2
CUST_100373,57,Senior (>55),Male,97900.0,19500,debt_consolidation,3,25,5,0.3113,1,0,0,Month_2
CUST_100374,30,Working Age (25-55),Female,69800.0,30000,credit_card,0,9,4,0.2951,0,0,1,Month_2
CUST_100375,37,Working Age (25-55),Male,28800.0,11700,credit_card,6,10,4,0.1969,0,0,0,Month_2
CUST_100376,46,Working Age (25-55),Female,73500.0,26300,debt_consolidation,0,17,9,0.2032,0,2,0,Month_2
CUST_100377,27,Working Age (25-55),Female,22100.0,8700,credit_card,1,11,7,0.4489,1,0,1,Month_2
CUST_100378,63,Senior (>55),Female,80700.0,22800,debt_consolidation,0,21,3,0.144,0,0,0,Month_2
CUST_100379,35,Working Age (25-55),Male,58900.0,20500,debt_consolidation,1,11,4,0.2813,1,0,1,Month_2
CUST_100380,54,Working Age (25-55),Male,124700.0,50000,debt_consolidation,3,21,3,0.2795,0,0,0,Month_2
CUST_100381,26,Working Age (25-55),Male,27600.0,8500,credit_card,2,11,11,0.3601,0,3,1,Month_2
CUST_100382,44,Working Age (25-55),Female,103700.0,13500,credit_card,2,16,10,0.3233,0,1,0,Month_2
CUST_100383,45,Working Age (25-55),Male,68900.0,10700,home_improvement,2,13,15,0.2301,0,2,0,Month_2
CUST_100384,52,Working Age (25-55),Male,107500.0,41200,credit_card,0,22,10,0.2886,0,2,1,Month_2
CUST_100385,55,Working Age (25-55),Male,64800.0,7500,debt_consolidation,1,12,8,0.1472,0,0,1,Month_2
CUST_100386,53,Working Age (25-55),Female,37100.0,12800,home_improvement,1,17,8,0.1716,1,0,1,Month_2
CUST_100387,41,Working Age (25-55),Male,35900.0,6100,home_improvement,2,13,8,0.296,0,0,0,Month_2
CUST_100388,46,Working Age (25-55),Female,75600.0,29700,medical,0,17,10,0.2804,0,2,1,Month_2
CUST_100389,19,Young (<25),Female,72600.0,9600,credit_card,1,11,11,0.1622,0,0,0,Month_2
CUST_100390,29,Working Age (25-55),Female,68100.0,9400,debt_consolidation,3,14,3,0.3306,0,0,0,Month_2
CUST_100391,33,Working Age (25-55),Male,124300.0,47100,credit_card,1,11,9,0.3335,0,0,1,Month_2
CUST_100392,19,Young (<25),Male,133900.0,44100,home_improvement,1,10,7,0.224,0,0,0,Month_2
CUST_100393,31,Working Age (25-55),Female,25500.0,2700,home_improvement,1,7,6,0.1516,1,0,1,Month_2
CUST_100394,19,Young (<25),Male,29500.0,9800,debt_consolidation,1,10,16,0.2074,0,0,0,Month_2
CUST_100395,40,Working Age (25-55),Male,27500.0,10900,credit_card,3,12,6,0.4254,1,3,0,Month_2
CUST_100396,33,Working Age (25-55),Male,53900.0,17000,debt_consolidation,4,12,6,0.2275,0,1,0,Month_2
CUST_100397,37,Working Age (25-55),Female,91000.0,11600,debt_consolidation,2,12,7,0.1044,1,0,0,Month_2
CUST_100398,57,Senior (>55),Female,250900.0,30400,credit_card,1,18,4,0.3244,0,0,0,Month_2
CUST_100399,42,Working Age (25-55),Female,42900.0,18100,debt_consolidation,4,21,7,0.3999,1,0,1,Month_2
CUST_100400,45,Working Age (25-55),Female,42700.0,12400,debt_consolidation,10,16,6,0.3574,0,0,0,Month_2
CUST_100401,29,Working Age (25-55),Male,34400.0,14800,medical,1,7,6,0.3709,0,0,1,Month_2
CUST_100402,45,Working Age (25-55),Female,27300.0,7000,credit_card,0,14,6,0.1482,0,0,0,Month_2
CUST_100403,36,Working Age (25-55),Male,26100.0,6500,credit_card,7,10,8,0.2833,0,1,1,Month_2
CUST_100404,37,Working Age (25-55),Female,22900.0,10600,debt_consolidation,18,15,6,0.1567,0,0,0,Month_2
CUST_100405,24,Young (<25),Male,62400.0,25200,debt_consolidation,0,11,8,0.1775,0,0,0,Month_2
CUST_100406,36,Working Age (25-55),Male,35700.0,11100,small_business,9,15,9,0.4358,0,0,1,Month_2
CUST_100407,49,Working Age (25-55),Male,86700.0,22800,debt_consolidation,0,24,7,0.325,0,0,0,Month_2
CUST_100408,44,Working Age (25-55),Female,49500.0,17600,home_improvement,2,11,6,0.1072,0,1,0,Month_2
CUST_100409,40,Working Age (25-55),Female,66200.0,14500,debt_consolidation,7,9,8,0.3066,0,0,0,Month_2
CUST_100410,40,Working Age (25-55),Male,87000.0,23700,credit_card,1,17,7,0.4755,0,0,1,Month_2
CUST_100411,47,Working Age (25-55),Male,91400.0,34500,debt_consolidation,3,17,11,0.2227,0,0,0,Month_2
CUST_100412,36,Working Age (25-55),Female,48600.0,5600,small_business,2,14,7,0.2434,0,1,0,Month_2
CUST_100413,37,Working Age (25-55),Male,25700.0,11500,debt_consolidation,0,12,4,0.3205,0,0,1,Month_2
CUST_100414,34,Working Age (25-55),Female,71000.0,14100,small_business,0,14,4,0.2203,1,0,1,Month_2
CUST_100415,43,Working Age (25-55),Female,100500.0,21700,credit_card,8,20,9,0.2354,1,0,0,Month_2
CUST_100416,43,Working Age (25-55),Female,39400.0,7600,debt_consolidation,4,17,8,0.2339,0,0,0,Month_2
CUST_100417,49,Working Age (25-55),Female,27400.0,4900,debt_consolidation,4,18,7,0.4179,0,1,1,Month_2
CUST_100418,60,Senior (>55),Female,87200.0,17700,small_business,1,21,11,0.1844,0,0,0,Month_2
CUST_100419,52,Working Age (25-55),Female,83400.0,12900,debt_consolidation,7,16,1,0.3545,0,1,0,Month_2
CUST_100420,48,Working Age (25-55),Female,49700.0,19900,credit_card,0,18,10,0.0938,0,0,0,Month_2
CUST_100421,27,Working Age (25-55),Male,26400.0,5800,debt_consolidation,7,15,3,0.2286,1,0,1,Month_2
CUST_100422,40,Working Age (25-55),Female,35200.0,11300,debt_consolidation,2,12,3,0.2457,1,0,1,Month_2
CUST_100423,23,Young (<25),Female,103300.0,42400,debt_consolidation,4,9,4,0.1563,0,0,0,Month_2
CUST_100424,43,Working Age (25-55),Male,79800.0,11500,debt_consolidation,4,14,6,0.4063,0,0,0,Month_2
CUST_100425,40,Working Age (25-55),Male,49800.0,11200,debt_consolidation,6,16,6,0.1878,0,0,0,Month_2
CUST_100426,38,Working Age (25-55),Female,31200.0,14100,debt_consolidation,1,11,15,0.3459,0,1,1,Month_2
CUST_100427,42,Working Age (25-55),Male,211300.0,39200,debt_consolidation,5,14,6,0.1688,1,0,0,Month_2
CUST_100428,33,Working Age (25-55),Female,49900.0,14500,medical,0,8,10,0.3046,0,0,1,Month_2
CUST_100429,33,Working Age (25-55),Female,41000.0,14700,home_improvement,2,11,7,0.4469,0,0,1,Month_2
CUST_100430,29,Working Age (25-55),Female,70200.0,28800,small_business,2,11,7,0.1124,0,0,0,Month_2
CUST_100431,46,Working Age (25-55),Female,44100.0,8200,credit_card,12,18,6,0.2439,0,3,0,Month_2
CUST_100432,46,Working Age (25-55),Male,106100.0,13300,debt_consolidation,1,6,5,0.1989,0,0,0,Month_2
CUST_100433,30,Working Age (25-55),Male,35900.0,15200,debt_consolidation,7,11,6,0.4204,0,1,1,Month_2
CUST_100434,32,Working Age (25-55),Male,38400.0,11000,home_improvement,0,14,2,0.4247,0,0,1,Month_2
CUST_100435,37,Working Age (25-55),Female,97400.0,31400,credit_card,2,7,2,0.0763,0,3,1,Month_2
CUST_100436,35,Working Age (25-55),Male,25200.0,4100,home_improvement,0,10,3,0.2299,0,0,0,Month_2
CUST_100437,63,Senior (>55),Male,22700.0,8500,credit_card,5,19,8,0.2815,0,0,0,Month_2
CUST_100438,42,Working Age (25-55),Female,87400.0,21500,major_purchase,6,14,6,0.4188,0,0,1,Month_2
CUST_100439,34,Working Age (25-55),Female,80900.0,29000,credit_card,5,8,6,0.13,0,0,0,Month_2
CUST_100440,49,Working Age (25-55),Female,27800.0,7900,small_business,0,13,6,0.3739,0,0,1,Month_2
CUST_100441,31,Working Age (25-55),Female,48300.0,7700,debt_consolidation,2,13,6,0.2846,0,0,0,Month_2
CUST_100442,19,Young (<25),Female,48200.0,21200,credit_card,1,5,8,0.1765,0,0,0,Month_2
CUST_100443,42,Working Age (25-55),Female,82900.0,28200,small_business,9,12,7,0.3347,1,1,1,Month_2
CUST_100444,27,Working Age (25-55),Male,63300.0,27600,debt_consolidation,2,6,3,0.2405,0,0,1,Month_2
CUST_100445,55,Working Age (25-55),Female,128500.0,30800,home_improvement,3,18,9,0.1187,0,0,0,Month_2
CUST_100446,45,Working Age (25-55),Male,118000.0,33900,credit_card,6,14,5,0.1292,0,0,0,Month_2
CUST_100447,32,Working Age (25-55),Female,28100.0,9700,debt_consolidation,1,8,8,0.2047,0,2,1,Month_2
CUST_100448,32,Working Age (25-55),Male,40000.0,18400,credit_card,5,10,8,0.1654,0,0,0,Month_2
CUST_100449,54,Working Age (25-55),Male,23400.0,8700,credit_card,2,19,11,0.1657,0,0,0,Month_2
CUST_100450,53,Working Age (25-55),Male,48600.0,18500,credit_card,1,19,8,0.3627,0,1,1,Month_2
CUST_100451,19,Young (<25),Male,78600.0,22300,debt_consolidation,1,9,8,0.246,1,0,1,Month_2
CUST_100452,40,Working Age (25-55),Female,44700.0,11000,debt_consolidation,3,11,3,0.1998,0,0,0,Month_2
CUST_100453,52,Working Age (25-55),Male,83800.0,24200,debt_consolidation,2,16,6,0.2401,0,0,0,Month_2
CUST_100454,54,Working Age (25-55),Male,34400.0,15800,credit_card,8,17,4,0.367,0,0,1,Month_2
CUST_100455,44,Working Age (25-55),Male,20200.0,7200,credit_card,8,13,5,0.2085,0,0,0,Month_2
CUST_100456,19,Young (<25),Female,63700.0,16000,debt_consolidation,0,9,7,0.2189,0,0,0,Month_2
CUST_100457,65,Senior (>55),Female,20800.0,3600,debt_consolidation,1,26,2,0.1618,0,0,0,Month_2
CUST_100458,27,Working Age (25-55),Male,48000.0,10000,major_purchase,5,11,6,0.097,0,1,0,Month_2
CUST_100459,39,Working Age (25-55),Male,17400.0,2600,credit_card,1,13,4,0.179,1,0,1,Month_2
CUST_100460,59,Senior (>55),Male,23000.0,4600,credit_card,2,17,10,0.3223,1,1,1,Month_2
CUST_100461,52,Working Age (25-55),Male,26300.0,4400,debt_consolidation,6,17,5,0.1496,0,0,0,Month_2
CUST_100462,41,Working Age (25-55),Female,26000.0,6100,debt_consolidation,0,14,10,0.065,0,0,1,Month_2
CUST_100463,37,Working Age (25-55),Female,45700.0,4900,debt_consolidation,1,13,6,0.083,0,2,1,Month_2
CUST_100464,30,Working Age (25-55),Female,84200.0,25000,debt_consolidation,7,9,7,0.065,1,0,0,Month_2
CUST_100465,51,Working Age (25-55),Male,49800.0,20000,medical,1,18,9,0.3268,0,2,1,Month_2
CUST_100466,28,Working Age (25-55),Female,33500.0,7900,debt_consolidation,2,12,5,0.1834,0,0,0,Month_2
CUST_100467,55,Working Age (25-55),Female,76000.0,12600,debt_consolidation,3,20,2,0.1886,0,0,0,Month_2
CUST_100468,30,Working Age (25-55),Female,39600.0,6000,debt_consolidation,0,8,4,0.2763,0,0,0,Month_2
CUST_100469,41,Working Age (25-55),Male,40700.0,14900,debt_consolidation,8,13,7,0.0947,0,0,0,Month_2
CUST_100470,22,Young (<25),Female,67800.0,13000,home_improvement,4,12,4,0.2251,0,0,0,Month_2
CUST_100471,50,Working Age (25-55),Male,56800.0,16600,home_improvement,14,18,4,0.5253,0,0,1,Month_2
CUST_100472,44,Working Age (25-55),Male,47300.0,20000,medical,2,15,6,0.2966,0,0,1,Month_2
CUST_100473,19,Young (<25),Male,61000.0,19900,credit_card,1,6,6,0.3184,0,0,1,Month_2
CUST_100474,41,Working Age (25-55),Female,148200.0,50000,home_improvement,3,20,4,0.3677,0,0,0,Month_2
CUST_100475,47,Working Age (25-55),Female,83800.0,36200,home_improvement,6,18,5,0.1301,0,1,0,Month_2
CUST_100476,40,Working Age (25-55),Male,84200.0,16300,major_purchase,0,15,10,0.409,1,0,1,Month_2
CUST_100477,52,Working Age (25-55),Male,72000.0,19700,home_improvement,2,15,7,0.1493,0,0,0,Month_2
CUST_100478,61,Senior (>55),Female,20700.0,5700,home_improvement,7,25,7,0.265,0,0,0,Month_2
CUST_100479,39,Working Age (25-55),Female,92800.0,25100,small_business,1,11,7,0.2462,0,0,0,Month_2
CUST_100480,19,Young (<25),Male,33700.0,10300,credit_card,1,5,4,0.3376,1,1,1,Month_2
CUST_100481,43,Working Age (25-55),Female,81800.0,11500,small_business,5,8,9,0.3618,0,3,1,Month_2
CUST_100482,37,Working Age (25-55),Male,64200.0,17400,debt_consolidation,1,11,5,0.2566,1,0,1,Month_2
CUST_100483,39,Working Age (25-55),Male,62700.0,21100,home_improvement,2,13,11,0.1318,0,2,0,Month_2
CUST_100484,39,Working Age (25-55),Male,80700.0,22500,major_purchase,4,12,4,0.3948,1,0,1,Month_2
CUST_100485,49,Working Age (25-55),Male,37200.0,14600,debt_consolidation,2,17,6,0.1906,0,0,0,Month_2
CUST_100486,40,Working Age (25-55),Female,61700.0,12500,debt_consolidation,18,9,7,0.2495,0,0,0,Month_2
CUST_100487,39,Working Age (25-55),Female,21000.0,2400,credit_card,4,14,4,0.2226,1,0,1,Month_2
CUST_100488,49,Working Age (25-55),Male,96600.0,32300,home_improvement,1,21,8,0.2572,0,0,0,Month_2
CUST_100489,19,Young (<25),Male,55400.0,9700,small_business,1,7,5,0.2162,0,0,0,Month_2
CUST_100490,23,Young (<25),Male,50600.0,11700,small_business,1,11,8,0.143,1,0,0,Month_2
CUST_100491,41,Working Age (25-55),Female,53800.0,23700,small_business,2,14,4,0.2769,0,0,1,Month_2
CUST_100492,38,Working Age (25-55),Male,42000.0,16200,home_improvement,5,14,7,0.2609,0,0,0,Month_2
CUST_100493,43,Working Age (25-55),Male,77900.0,18600,credit_card,1,17,11,0.262,0,0,0,Month_2
CUST_100494,49,Working Age (25-55),Female,74000.0,27300,small_business,1,16,11,0.0884,0,1,0,Month_2
CUST_100495,23,Young (<25),Male,89800.0,23200,small_business,5,8,6,0.1156,0,2,1,Month_2
CUST_100496,31,Working Age (25-55),Male,87300.0,35200,home_improvement,13,12,2,0.1326,0,0,1,Month_2
CUST_100497,53,Working Age (25-55),Female,86100.0,38100,debt_consolidation,1,15,15,0.2821,0,0,1,Month_2
CUST_100498,34,Working Age (25-55),Female,32100.0,14300,debt_consolidation,1,15,7,0.1661,0,3,0,Month_2
CUST_100499,36,Working Age (25-55),Male,41400.0,7900,home_improvement,8,15,4,0.315,0,0,0,Month_2
CUST_100500,55,Working Age (25-55),Female,76600.0,34800,debt_consolidation,9,18,6,0.1383,0,0,0,Month_2
CUST_100501,32,Working Age (25-55),Male,27000.0,11800,small_business,7,10,6,0.2339,0,0,0,Month_2
CUST_100502,22,Young (<25),Male,36100.0,11600,medical,3,11,10,0.0951,0,1,0,Month_2
CUST_100503,54,Working Age (25-55),Female,25100.0,6500,small_business,0,22,7,0.2291,1,0,1,Month_2
CUST_100504,62,Senior (>55),Female,34400.0,5200,home_improvement,2,23,7,0.0859,0,0,0,Month_2
CUST_100505,46,Working Age (25-55),Male,75300.0,27700,debt_consolidation,11,16,4,0.1216,0,0,0,Month_2
CUST_100506,45,Working Age (25-55),Male,34900.0,14200,credit_card,5,15,9,0.2117,0,2,0,Month_2
CUST_100507,53,Working Age (25-55),Male,53500.0,14500,debt_consolidation,1,15,6,0.3968,0,0,1,Month_2
CUST_100508,30,Working Age (25-55),Male,149900.0,41200,debt_consolidation,1,13,6,0.3149,0,0,0,Month_2
CUST_100509,42,Working Age (25-55),Male,127300.0,50000,debt_consolidation,1,17,8,0.1367,1,1,0,Month_2
CUST_100510,34,Working Age (25-55),Male,130800.0,50000,medical,0,8,9,0.2207,0,0,0,Month_2
CUST_100511,37,Working Age (25-55),Female,65800.0,27200,debt_consolidation,5,8,3,0.1652,0,1,1,Month_2
CUST_100512,21,Young (<25),Male,60100.0,17100,credit_card,3,10,5,0.1475,0,0,0,Month_2
CUST_100513,35,Working Age (25-55),Male,71600.0,26600,home_improvement,1,15,6,0.1882,0,0,0,Month_2
CUST_100514,56,Senior (>55),Female,65800.0,12500,debt_consolidation,1,24,5,0.1323,1,0,0,Month_2
CUST_100515,43,Working Age (25-55),Male,64100.0,16100,credit_card,9,14,9,0.0838,0,0,0,Month_2
CUST_100516,44,Working Age (25-55),Female,128300.0,41300,major_purchase,0,13,5,0.065,0,0,0,Month_2
CUST_100517,45,Working Age (25-55),Male,75800.0,12700,small_business,16,18,10,0.1244,0,0,0,Month_2
CUST_100518,46,Working Age (25-55),Male,49800.0,5800,debt_consolidation,8,11,6,0.4543,0,0,1,Month_2
CUST_100519,51,Working Age (25-55),Female,129800.0,14100,debt_consolidation,0,18,7,0.3391,0,0,0,Month_2
CUST_100520,38,Working Age (25-55),Male,64200.0,26300,home_improvement,5,9,4,0.3466,0,0,1,Month_2
CUST_100521,40,Working Age (25-55),Female,121200.0,19800,medical,0,14,6,0.2322,0,0,0,Month_2
CUST_100522,35,Working Age (25-55),Male,20700.0,6000,debt_consolidation,4,14,11,0.0653,0,0,0,Month_2
CUST_100523,32,Working Age (25-55),Male,73700.0,12300,debt_consolidation,13,12,8,0.2077,0,0,0,Month_2
CUST_100524,33,Working Age (25-55),Male,105900.0,33600,debt_consolidation,3,13,11,0.3194,0,1,1,Month_2
CUST_100525,49,Working Age (25-55),Male,91500.0,22700,credit_card,1,22,8,0.4277,0,0,0,Month_2
CUST_100526,26,Working Age (25-55),Male,105500.0,42600,credit_card,2,8,5,0.163,0,2,1,Month_2
CUST_100527,63,Senior (>55),Male,59200.0,8400,home_improvement,0,23,9,0.2806,0,0,0,Month_2
CUST_100528,47,Working Age (25-55),Male,28800.0,9700,debt_consolidation,4,11,9,0.0773,0,0,0,Month_2
CUST_100529,25,Working Age (25-55),Female,135500.0,50000,credit_card,1,11,5,0.1232,0,0,0,Month_2
CUST_100530,38,Working Age (25-55),Female,50700.0,8200,debt_consolidation,2,12,12,0.1723,0,3,0,Month_2
CUST_100531,32,Working Age (25-55),Male,127400.0,16800,medical,5,12,4,0.2209,0,3,0,Month_2
CUST_100532,39,Working Age (25-55),Male,41300.0,11200,debt_consolidation,4,16,9,0.1554,0,3,0,Month_2
CUST_100533,30,Working Age (25-55),Male,34400.0,6600,credit_card,7,17,3,0.39,1,0,1,Month_2
CUST_100534,63,Senior (>55),Male,70800.0,22300,home_improvement,4,23,1,0.3898,0,1,1,Month_2
CUST_100535,35,Working Age (25-55),Female,41500.0,15200,debt_consolidation,4,11,10,0.1653,0,3,0,Month_2
CUST_100536,21,Young (<25),Female,43700.0,19200,small_business,3,12,13,0.1732,0,1,0,Month_2
CUST_100537,29,Working Age (25-55),Female,53900.0,12300,major_purchase,1,12,8,0.1554,0,0,0,Month_2
CUST_100538,19,Young (<25),Male,60100.0,23400,debt_consolidation,1,5,8,0.1831,0,1,1,Month_2
CUST_100539,46,Working Age (25-55),Male,63600.0,27600,credit_card,0,14,9,0.2583,0,0,1,Month_2
CUST_100540,61,Senior (>55),Female,18500.0,7100,small_business,3,23,7,0.1981,0,0,0,Month_2
CUST_100541,35,Working Age (25-55),Male,47200.0,13700,debt_consolidation,2,8,2,0.2655,1,2,1,Month_2
CUST_100542,50,Working Age (25-55),Male,17400.0,6700,debt_consolidation,20,17,6,0.3153,0,0,0,Month_2
CUST_100543,61,Senior (>55),Female,72900.0,9700,credit_card,0,24,2,0.1168,0,0,0,Month_2
CUST_100544,45,Working Age (25-55),Male,53400.0,18300,major_purchase,2,15,5,0.2088,1,0,1,Month_2
CUST_100545,62,Senior (>55),Female,45000.0,6700,medical,2,17,4,0.4758,0,1,1,Month_2
CUST_100546,29,Working Age (25-55),Male,89100.0,37900,debt_consolidation,5,14,8,0.3126,1,3,1,Month_2
CUST_100547,29,Working Age (25-55),Male,125200.0,50000,credit_card,7,11,10,0.2587,0,0,0,Month_2
CUST_100548,29,Working Age (25-55),Female,71300.0,22100,credit_card,3,13,7,0.1567,1,0,0,Month_2
CUST_100549,29,Working Age (25-55),Female,47800.0,19600,small_business,2,10,5,0.1627,0,1,0,Month_2
CUST_100550,48,Working Age (25-55),Female,72400.0,11100,small_business,5,11,7,0.1309,0,2,1,Month_2
CUST_100551,30,Working Age (25-55),Male,85000.0,9100,debt_consolidation,9,10,8,0.3917,0,0,0,Month_2
CUST_100552,41,Working Age (25-55),Female,37400.0,4000,credit_card,5,17,3,0.583,0,0,1,Month_2
CUST_100553,44,Working Age (25-55),Female,51000.0,12300,debt_consolidation,10,11,8,0.145,0,2,0,Month_2
CUST_100554,54,Working Age (25-55),Female,41000.0,13700,credit_card,29,15,7,0.143,0,0,0,Month_2
CUST_100555,35,Working Age (25-55),Male,46100.0,6400,major_purchase,17,11,5,0.0924,1,1,0,Month_2
CUST_100556,39,Working Age (25-55),Male,38000.0,14400,credit_card,11,15,7,0.3262,0,2,1,Month_2
CUST_100557,45,Working Age (25-55),Male,36600.0,8100,debt_consolidation,17,13,5,0.2878,1,0,1,Month_2
CUST_100558,46,Working Age (25-55),Male,28600.0,5200,small_business,3,19,10,0.1213,0,0,0,Month_2
CUST_100559,36,Working Age (25-55),Male,31800.0,9900,home_improvement,3,14,8,0.2352,0,2,1,Month_2
CUST_100560,33,Working Age (25-55),Female,93000.0,24900,credit_card,11,10,10,0.1337,0,0,0,Month_2
CUST_100561,28,Working Age (25-55),Female,40600.0,11100,major_purchase,1,11,12,0.3408,0,0,1,Month_2
CUST_100562,42,Working Age (25-55),Female,32200.0,4700,medical,5,10,9,0.1613,0,1,0,Month_2
CUST_100563,33,Working Age (25-55),Male,30600.0,6500,home_improvement,0,12,7,0.1396,0,0,0,Month_2
CUST_100564,57,Senior (>55),Male,59200.0,10300,small_business,6,20,8,0.1511,0,1,0,Month_2
CUST_100565,58,Senior (>55),Female,38200.0,7400,credit_card,2,18,5,0.3223,0,0,0,Month_2
CUST_100566,51,Working Age (25-55),Male,24000.0,7800,debt_consolidation,5,25,9,0.239,0,2,0,Month_2
CUST_100567,28,Working Age (25-55),Female,25300.0,4200,debt_consolidation,7,12,14,0.3383,0,0,0,Month_2
CUST_100568,53,Working Age (25-55),Female,148300.0,20700,home_improvement,1,15,10,0.1763,0,1,0,Month_2
CUST_100569,38,Working Age (25-55),Male,91900.0,22200,credit_card,10,20,7,0.2144,0,0,0,Month_2
CUST_100570,39,Working Age (25-55),Male,58200.0,11800,debt_consolidation,18,14,4,0.2205,0,0,0,Month_2
CUST_100571,32,Working Age (25-55),Female,61300.0,23700,home_improvement,2,10,11,0.1706,0,0,0,Month_2
CUST_100572,31,Working Age (25-55),Female,17900.0,6300,home_improvement,0,10,8,0.2196,0,1,1,Month_2
CUST_100573,39,Working Age (25-55),Male,44100.0,8400,small_business,0,12,1,0.5213,1,0,1,Month_2
CUST_100574,51,Working Age (25-55),Female,45900.0,17500,debt_consolidation,2,14,10,0.1101,0,1,0,Month_2
CUST_100575,45,Working Age (25-55),Male,120800.0,50000,debt_consolidation,7,22,7,0.3192,1,0,1,Month_2
CUST_100576,38,Working Age (25-55),Male,48200.0,18400,debt_consolidation,1,12,4,0.1871,0,3,0,Month_2
CUST_100577,19,Young (<25),Female,49200.0,18700,debt_consolidation,1,7,8,0.3655,0,0,1,Month_2
CUST_100578,53,Working Age (25-55),Male,52500.0,24000,credit_card,6,23,9,0.1895,1,0,0,Month_2
CUST_100579,34,Working Age (25-55),Male,42700.0,15500,debt_consolidation,13,10,8,0.1578,0,1,0,Month_2
CUST_100580,30,Working Age (25-55),Male,42300.0,18600,debt_consolidation,12,9,10,0.3457,0,2,1,Month_2
CUST_100581,48,Working Age (25-55),Male,47100.0,13300,credit_card,8,16,7,0.2475,0,1,0,Month_2
CUST_100582,59,Senior (>55),Female,42700.0,4500,debt_consolidation,9,20,9,0.3173,0,0,0,Month_2
CUST_100583,35,Working Age (25-55),Male,24300.0,3200,debt_consolidation,3,12,7,0.1956,0,0,0,Month_2
CUST_100584,46,Working Age (25-55),Male,20800.0,3200,debt_consolidation,0,16,4,0.1348,1,0,0,Month_2
CUST_100585,26,Working Age (25-55),Female,52900.0,18100,home_improvement,5,7,4,0.1858,0,0,0,Month_2
CUST_100586,44,Working Age (25-55),Female,17400.0,2600,debt_consolidation,0,13,10,0.1719,0,0,0,Month_2
CUST_100587,47,Working Age (25-55),Male,59500.0,7000,home_improvement,5,15,7,0.1813,0,1,0,Month_2
CUST_100588,32,Working Age (25-55),Male,33900.0,12300,debt_consolidation,6,17,6,0.4085,0,0,1,Month_2
CUST_100589,59,Senior (>55),Female,78800.0,9600,home_improvement,1,21,7,0.3869,1,1,0,Month_2
CUST_100590,38,Working Age (25-55),Female,48000.0,14500,home_improvement,1,13,9,0.446,0,1,1,Month_2
CUST_100591,59,Senior (>55),Male,48300.0,7000,debt_consolidation,4,23,6,0.346,0,0,0,Month_2
CUST_100592,26,Working Age (25-55),Male,98300.0,21100,debt_consolidation,3,5,4,0.2541,0,0,0,Month_2
CUST_100593,33,Working Age (25-55),Male,59900.0,7100,debt_consolidation,0,7,5,0.1466,0,0,0,Month_2
CUST_100594,49,Working Age (25-55),Female,48000.0,8400,credit_card,14,25,8,0.097,0,0,0,Month_2
CUST_100595,41,Working Age (25-55),Female,38100.0,7700,medical,10,17,10,0.336,1,1,1,Month_2
CUST_100596,36,Working Age (25-55),Female,36800.0,10200,debt_consolidation,1,14,7,0.1979,0,2,0,Month_2
CUST_100597,35,Working Age (25-55),Male,53000.0,17900,small_business,3,17,6,0.1149,0,0,0,Month_2
CUST_100598,46,Working Age (25-55),Female,49700.0,5700,debt_consolidation,2,13,7,0.4298,0,0,1,Month_2
CUST_100599,51,Working Age (25-55),Male,146400.0,50000,home_improvement,1,14,2,0.1251,0,1,0,Month_2
CUST_100600,31,Working Age (25-55),Female,60600.0,8400,debt_consolidation,2,12,4,0.2045,0,1,0,Month_2
CUST_100601,36,Working Age (25-55),Male,28200.0,5300,debt_consolidation,7,11,4,0.2188,0,0,0,Month_2
CUST_100602,41,Working Age (25-55),Male,21300.0,8600,debt_consolidation,2,14,5,0.2748,0,0,0,Month_2
CUST_100603,34,Working Age (25-55),Female,27600.0,8200,credit_card,4,12,15,0.2509,0,1,1,Month_2
CUST_100604,36,Working Age (25-55),Female,20700.0,4600,debt_consolidation,3,10,7,0.3156,0,0,1,Month_2
CUST_100605,45,Working Age (25-55),Female,66700.0,28100,credit_card,1,15,6,0.2301,0,0,0,Month_2
CUST_100606,29,Working Age (25-55),Female,62600.0,10600,debt_consolidation,3,12,7,0.1377,0,0,0,Month_2
CUST_100607,43,Working Age (25-55),Female,33600.0,4800,debt_consolidation,23,15,6,0.2574,0,0,0,Month_2
CUST_100608,42,Working Age (25-55),Female,20200.0,7000,debt_consolidation,1,20,4,0.2359,0,0,0,Month_2
CUST_100609,29,Working Age (25-55),Female,64200.0,19400,credit_card,2,4,7,0.4667,0,0,1,Month_2
CUST_100610,32,Working Age (25-55),Female,30800.0,3800,credit_card,3,10,6,0.3642,0,0,1,Month_2
CUST_100611,28,Working Age (25-55),Female,23300.0,9100,credit_card,10,10,12,0.1168,0,1,0,Month_2
CUST_100612,33,Working Age (25-55),Male,81200.0,29900,debt_consolidation,15,15,4,0.2694,0,0,0,Month_2
CUST_100613,41,Working Age (25-55),Female,45200.0,6300,major_purchase,2,20,3,0.395,0,0,0,Month_2
CUST_100614,48,Working Age (25-55),Female,193900.0,28200,medical,3,20,6,0.1772,0,0,0,Month_2
CUST_100615,22,Young (<25),Female,62200.0,22600,debt_consolidation,4,3,11,0.1612,0,0,1,Month_2
CUST_100616,34,Working Age (25-55),Male,64200.0,8900,credit_card,9,12,10,0.1623,1,2,0,Month_2
CUST_100617,24,Young (<25),Female,45700.0,19300,credit_card,1,10,4,0.333,0,0,1,Month_2
CUST_100618,34,Working Age (25-55),Female,31600.0,10600,debt_consolidation,3,12,3,0.4261,1,0,1,Month_2
CUST_100619,56,Senior (>55),Female,34100.0,3600,small_business,3,19,8,0.2694,0,0,0,Month_2
CUST_100620,38,Working Age (25-55),Female,45000.0,12500,debt_consolidation,7,6,6,0.5283,0,1,1,Month_2
CUST_100621,44,Working Age (25-55),Female,53300.0,17300,major_purchase,6,12,2,0.185,0,0,0,Month_2
CUST_100622,75,Senior (>55),Female,22800.0,7900,credit_card,0,23,8,0.4068,0,0,1,Month_2
CUST_100623,42,Working Age (25-55),Male,123100.0,19300,debt_consolidation,0,14,10,0.3257,0,0,0,Month_2
CUST_100624,49,Working Age (25-55),Male,38900.0,15300,debt_consolidation,13,12,6,0.2721,0,2,0,Month_2
CUST_100625,35,Working Age (25-55),Female,41600.0,13600,major_purchase,2,20,9,0.1095,0,0,0,Month_2
CUST_100626,36,Working Age (25-55),Male,24400.0,6500,home_improvement,3,11,8,0.1457,0,0,0,Month_2
CUST_100627,64,Senior (>55),Male,30100.0,5800,small_business,7,22,10,0.1056,0,0,1,Month_2
CUST_100628,44,Working Age (25-55),Female,63900.0,8600,debt_consolidation,0,17,6,0.1167,0,0,0,Month_2
CUST_100629,30,Working Age (25-55),Male,29900.0,8300,debt_consolidation,1,10,7,0.2647,0,0,0,Month_2
CUST_100630,44,Working Age (25-55),Male,37500.0,15200,medical,18,15,4,0.1901,0,0,0,Month_2
CUST_100631,31,Working Age (25-55),Female,95500.0,36800,debt_consolidation,0,16,4,0.1951,0,0,0,Month_2
CUST_100632,19,Young (<25),Male,73000.0,11000,debt_consolidation,1,6,12,0.1608,0,0,0,Month_2
CUST_100633,48,Working Age (25-55),Female,44000.0,8500,debt_consolidation,0,11,11,0.1884,0,0,0,Month_2
CUST_100634,23,Young (<25),Female,30600.0,7000,credit_card,4,9,8,0.1097,0,1,0,Month_2
CUST_100635,39,Working Age (25-55),Male,27600.0,10900,home_improvement,5,10,2,0.065,0,0,0,Month_2
CUST_100636,73,Senior (>55),Male,147100.0,35600,debt_consolidation,3,30,6,0.2859,1,0,0,Month_2
CUST_100637,35,Working Age (25-55),Female,68200.0,15700,medical,6,12,13,0.2717,1,0,1,Month_2
CUST_100638,45,Working Age (25-55),Female,38300.0,11900,credit_card,1,10,8,0.2827,0,0,1,Month_2
CUST_100639,19,Young (<25),Male,31300.0,8000,debt_consolidation,0,6,8,0.1183,1,0,1,Month_2
CUST_100640,34,Working Age (25-55),Female,91000.0,20200,home_improvement,0,12,10,0.2337,0,0,0,Month_2
CUST_100641,58,Senior (>55),Female,65600.0,7200,small_business,1,16,9,0.4042,0,0,0,Month_2
CUST_100642,30,Working Age (25-55),Female,34500.0,8900,credit_card,1,9,6,0.3346,0,0,1,Month_2
CUST_100643,30,Working Age (25-55),Male,70300.0,22900,credit_card,11,8,5,0.1808,1,0,0,Month_2
CUST_100644,53,Working Age (25-55),Female,47200.0,15800,debt_consolidation,3,17,9,0.1862,0,0,0,Month_2
CUST_100645,42,Working Age (25-55),Male,42700.0,11300,home_improvement,4,13,2,0.2084,0,0,0,Month_2
CUST_100646,30,Working Age (25-55),Male,24500.0,4700,home_improvement,5,9,5,0.1731,0,1,0,Month_2
CUST_100647,26,Working Age (25-55),Male,86300.0,22900,home_improvement,3,6,8,0.2695,0,0,0,Month_2
CUST_100648,31,Working Age (25-55),Male,71800.0,22700,small_business,5,12,4,0.1648,0,2,0,Month_2
CUST_100649,55,Working Age (25-55),Male,38400.0,13900,credit_card,7,19,7,0.3225,0,0,0,Month_2
CUST_100650,38,Working Age (25-55),Female,22000.0,7700,debt_consolidation,3,12,3,0.1754,1,0,1,Month_2
CUST_100651,31,Working Age (25-55),Female,89600.0,23900,small_business,1,16,9,0.0694,1,0,0,Month_2
CUST_100652,60,Senior (>55),Female,26200.0,11200,debt_consolidation,14,16,3,0.5385,0,3,1,Month_2
CUST_100653,58,Senior (>55),Female,60400.0,6300,debt_consolidation,0,20,7,0.065,1,0,0,Month_2
CUST_100654,47,Working Age (25-55),Male,34600.0,8600,debt_consolidation,7,17,11,0.531,0,0,1,Month_2
CUST_100655,51,Working Age (25-55),Male,129700.0,31500,medical,9,17,6,0.1188,0,1,0,Month_2
CUST_100656,21,Young (<25),Male,39400.0,15900,credit_card,3,3,8,0.2565,0,0,1,Month_2
CUST_100657,46,Working Age (25-55),Male,50600.0,7200,debt_consolidation,1,12,6,0.3966,1,0,1,Month_2
CUST_100658,35,Working Age (25-55),Female,98200.0,23900,credit_card,8,8,11,0.2248,0,2,0,Month_2
CUST_100659,25,Working Age (25-55),Female,61200.0,11500,credit_card,5,13,7,0.1444,0,0,0,Month_2
CUST_100660,19,Young (<25),Male,35600.0,7900,debt_consolidation,1,3,9,0.2438,0,0,0,Month_2
CUST_100661,19,Young (<25),Female,80300.0,13100,debt_consolidation,1,2,11,0.3131,0,0,0,Month_2
CUST_100662,44,Working Age (25-55),Female,70600.0,13100,credit_card,0,14,7,0.065,0,0,0,Month_2
CUST_100663,23,Young (<25),Male,61200.0,22400,credit_card,2,4,6,0.3094,0,1,1,Month_2
CUST_100664,40,Working Age (25-55),Male,83600.0,16100,debt_consolidation,5,12,9,0.2666,0,0,0,Month_2
CUST_100665,29,Working Age (25-55),Female,25000.0,9200,credit_card,3,8,7,0.1707,0,0,0,Month_2
CUST_100666,37,Working Age (25-55),Female,43700.0,6200,debt_consolidation,3,15,8,0.1851,0,0,0,Month_2
CUST_100667,48,Working Age (25-55),Male,86300.0,24100,debt_consolidation,5,17,5,0.1565,0,0,0,Month_2
CUST_100668,44,Working Age (25-55),Female,37900.0,15600,debt_consolidation,1,14,6,0.1747,0,0,0,Month_2
CUST_100669,58,Senior (>55),Female,72500.0,15300,credit_card,10,20,10,0.0886,0,0,0,Month_2
CUST_100670,43,Working Age (25-55),Male,41900.0,5500,home_improvement,5,17,6,0.086,0,0,0,Month_2
CUST_100671,43,Working Age (25-55),Male,33600.0,7700,credit_card,8,17,11,0.1605,0,0,0,Month_2
CUST_100672,45,Working Age (25-55),Female,33000.0,8600,home_improvement,0,14,4,0.1242,0,0,0,Month_2
CUST_100673,52,Working Age (25-55),Female,17400.0,3800,small_business,11,19,5,0.3739,0,0,0,Month_2
CUST_100674,38,Working Age (25-55),Male,41700.0,7300,debt_consolidation,17,18,6,0.2441,0,0,0,Month_2
CUST_100675,27,Working Age (25-55),Male,47100.0,7600,debt_consolidation,2,9,5,0.1704,0,0,0,Month_2
CUST_100676,52,Working Age (25-55),Male,57100.0,23700,major_purchase,15,20,6,0.3265,0,0,0,Month_2
CUST_100677,25,Working Age (25-55),Female,46400.0,13500,credit_card,0,11,8,0.1787,0,0,0,Month_2
CUST_100678,19,Young (<25),Male,145800.0,41400,debt_consolidation,1,5,4,0.188,0,0,0,Month_2
CUST_100679,34,Working Age (25-55),Male,42100.0,11500,credit_card,2,8,5,0.1059,0,0,0,Month_2
CUST_100680,39,Working Age (25-55),Male,20000.0,8300,home_improvement,0,16,7,0.3919,0,1,1,Month_2
CUST_100681,45,Working Age (25-55),Female,56700.0,16300,debt_consolidation,3,14,2,0.2735,0,0,0,Month_2
CUST_100682,49,Working Age (25-55),Female,41200.0,17500,home_improvement,1,18,9,0.1753,1,0,1,Month_2
CUST_100683,45,Working Age (25-55),Male,34400.0,6800,debt_consolidation,7,18,7,0.287,0,0,0,Month_2
CUST_100684,65,Senior (>55),Male,49800.0,11900,debt_consolidation,6,21,3,0.3848,1,1,1,Month_2
CUST_100685,23,Young (<25),Male,29600.0,6200,debt_consolidation,0,9,4,0.2078,0,1,1,Month_2
CUST_100686,49,Working Age (25-55),Female,56000.0,12100,debt_consolidation,3,17,9,0.6072,1,0,1,Month_2
CUST_100687,40,Working Age (25-55),Male,32400.0,4500,credit_card,0,15,3,0.1426,0,0,1,Month_2
CUST_100688,48,Working Age (25-55),Female,66200.0,21300,credit_card,9,19,5,0.065,0,0,1,Month_2
CUST_100689,24,Young (<25),Male,69200.0,15300,credit_card,0,7,12,0.4764,0,0,1,Month_2
CUST_100690,25,Working Age (25-55),Female,49700.0,7300,small_business,6,8,16,0.1719,0,0,0,Month_2
CUST_100691,38,Working Age (25-55),Female,25500.0,5100,small_business,0,12,9,0.071,1,0,0,Month_2
CUST_100692,54,Working Age (25-55),Male,69200.0,28000,debt_consolidation,3,15,14,0.2196,0,3,1,Month_2
CUST_100693,32,Working Age (25-55),Female,140400.0,42600,debt_consolidation,5,11,9,0.3856,0,0,1,Month_2
CUST_100694,52,Working Age (25-55),Male,172900.0,40800,debt_consolidation,5,18,4,0.1486,0,1,0,Month_2
CUST_100695,70,Senior (>55),Male,70200.0,31400,debt_consolidation,8,24,5,0.2729,0,0,0,Month_2
CUST_100696,37,Working Age (25-55),Female,49600.0,6600,credit_card,2,13,9,0.188,1,0,1,Month_2
CUST_100697,37,Working Age (25-55),Male,90300.0,37200,home_improvement,1,12,6,0.3956,1,0,1,Month_2
CUST_100698,50,Working Age (25-55),Female,42000.0,18300,credit_card,4,18,9,0.1612,0,0,0,Month_2
CUST_100699,51,Working Age (25-55),Male,38200.0,17700,home_improvement,5,18,6,0.2723,0,0,0,Month_2
CUST_100700,46,Working Age (25-55),Female,59300.0,8600,credit_card,0,12,6,0.3867,0,0,0,Month_2
CUST_100701,22,Young (<25),Male,39200.0,14900,debt_consolidation,4,9,8,0.4837,0,0,1,Month_2
CUST_100702,38,Working Age (25-55),Female,63000.0,24000,debt_consolidation,6,17,9,0.2491,0,0,0,Month_2
CUST_100703,46,Working Age (25-55),Female,51400.0,20500,debt_consolidation,2,16,6,0.1938,0,2,0,Month_2
CUST_100704,29,Working Age (25-55),Female,34500.0,11800,small_business,0,12,7,0.0966,0,0,1,Month_2
CUST_100705,23,Young (<25),Male,40300.0,14500,home_improvement,1,10,6,0.2477,0,0,0,Month_2
CUST_100706,34,Working Age (25-55),Female,24700.0,10200,home_improvement,0,12,9,0.2845,0,0,1,Month_2
CUST_100707,48,Working Age (25-55),Female,49900.0,15900,debt_consolidation,2,14,7,0.3446,1,0,1,Month_2
CUST_100708,29,Working Age (25-55),Male,64900.0,7300,debt_consolidation,11,10,9,0.0912,0,0,0,Month_2
CUST_100709,23,Young (<25),Female,101000.0,21600,medical,1,12,5,0.3198,0,0,0,Month_2
CUST_100710,38,Working Age (25-55),Male,41800.0,8400,credit_card,2,19,10,0.3447,0,0,0,Month_2
CUST_100711,55,Working Age (25-55),Male,60700.0,21700,small_business,3,15,7,0.1412,1,0,0,Month_2
CUST_100712,26,Working Age (25-55),Male,54800.0,13900,credit_card,5,9,10,0.5185,0,0,1,Month_2
CUST_100713,52,Working Age (25-55),Male,52600.0,15100,debt_consolidation,7,20,4,0.2471,0,0,0,Month_2
CUST_100714,42,Working Age (25-55),Male,68000.0,15000,home_improvement,1,17,6,0.0848,0,2,0,Month_2
CUST_100715,49,Working Age (25-55),Female,51600.0,17100,major_purchase,2,17,7,0.2508,1,2,1,Month_2
CUST_100716,47,Working Age (25-55),Male,59200.0,12700,home_improvement,3,18,10,0.0997,0,1,0,Month_2
CUST_100717,34,Working Age (25-55),Male,82100.0,16900,small_business,6,7,10,0.229,0,0,0,Month_2
CUST_100718,40,Working Age (25-55),Male,76300.0,16500,debt_consolidation,0,8,5,0.1518,1,1,1,Month_2
CUST_100719,51,Working Age (25-55),Female,86400.0,31000,debt_consolidation,2,18,6,0.1295,0,0,0,Month_2
CUST_100720,36,Working Age (25-55),Male,49900.0,7100,debt_consolidation,3,16,9,0.2288,0,0,0,Month_2
CUST_100721,34,Working Age (25-55),Female,68400.0,15200,credit_card,6,10,6,0.3457,0,0,0,Month_2
CUST_100722,42,Working Age (25-55),Female,45100.0,15600,debt_consolidation,1,20,9,0.3534,0,0,1,Month_2
CUST_100723,35,Working Age (25-55),Male,57300.0,23300,credit_card,3,6,6,0.0832,0,0,0,Month_2
CUST_100724,58,Senior (>55),Female,46200.0,10400,debt_consolidation,3,16,17,0.3544,0,0,0,Month_2
CUST_100725,47,Working Age (25-55),Male,23900.0,5200,credit_card,1,10,5,0.2674,0,2,1,Month_2
CUST_100726,55,Working Age (25-55),Female,74000.0,18400,home_improvement,4,19,7,0.3437,0,2,0,Month_2
CUST_100727,38,Working Age (25-55),Male,30500.0,6400,debt_consolidation,14,14,4,0.1672,0,3,0,Month_2
CUST_100728,35,Working Age (25-55),Male,84200.0,37100,credit_card,0,10,3,0.3555,1,0,1,Month_2
CUST_100729,27,Working Age (25-55),Female,124600.0,27900,debt_consolidation,9,4,10,0.1304,0,0,0,Month_2
CUST_100730,57,Senior (>55),Male,73600.0,14500,home_improvement,4,21,6,0.1428,0,0,0,Month_2
CUST_100731,38,Working Age (25-55),Female,42700.0,8700,debt_consolidation,0,13,8,0.1728,0,0,0,Month_2
CUST_100732,36,Working Age (25-55),Male,17600.0,5500,credit_card,15,13,4,0.0879,0,1,0,Month_2
CUST_100733,49,Working Age (25-55),Female,67800.0,12100,debt_consolidation,4,21,6,0.1025,0,0,0,Month_2
CUST_100734,44,Working Age (25-55),Male,44700.0,20500,debt_consolidation,0,9,8,0.2093,0,0,0,Month_2
CUST_100735,46,Working Age (25-55),Male,34500.0,5400,major_purchase,13,15,7,0.3243,0,1,1,Month_2
CUST_100736,46,Working Age (25-55),Female,20400.0,5900,credit_card,0,15,6,0.2514,0,0,0,Month_2
CUST_100737,46,Working Age (25-55),Male,79700.0,25200,medical,0,15,9,0.1837,0,3,0,Month_2
CUST_100738,30,Working Age (25-55),Male,69600.0,25700,medical,5,4,9,0.0821,0,2,0,Month_2
CUST_100739,26,Working Age (25-55),Male,100900.0,45400,credit_card,1,7,4,0.2496,0,0,1,Month_2
CUST_100740,55,Working Age (25-55),Female,122500.0,44600,credit_card,9,16,5,0.3858,0,0,1,Month_2
CUST_100741,32,Working Age (25-55),Male,53100.0,24000,debt_consolidation,4,10,8,0.1309,0,0,0,Month_2
CUST_100742,23,Young (<25),Female,22800.0,5200,small_business,2,9,7,0.2489,0,0,0,Month_2
CUST_100743,32,Working Age (25-55),Female,30900.0,10800,debt_consolidation,1,7,4,0.355,0,0,1,Month_2
CUST_100744,29,Working Age (25-55),Male,33200.0,5300,medical,3,10,5,0.3302,0,0,0,Month_2
CUST_100745,53,Working Age (25-55),Female,37000.0,14300,home_improvement,1,16,4,0.5154,0,0,0,Month_2
CUST_100746,40,Working Age (25-55),Male,33700.0,6700,debt_consolidation,2,10,11,0.1353,0,1,0,Month_2
CUST_100747,32,Working Age (25-55),Male,85400.0,26900,credit_card,0,9,6,0.1189,0,0,0,Month_2
CUST_100748,30,Working Age (25-55),Female,31500.0,8400,debt_consolidation,1,8,7,0.2043,0,1,1,Month_2
CUST_100749,24,Young (<25),Female,62800.0,7200,major_purchase,1,6,5,0.1578,0,0,1,Month_2
CUST_100750,59,Senior (>55),Male,17400.0,2400,debt_consolidation,18,24,8,0.3725,0,1,0,Month_2
CUST_100751,48,Working Age (25-55),Male,72600.0,13700,major_purchase,3,16,11,0.3407,0,1,0,Month_2
CUST_100752,39,Working Age (25-55),Female,37800.0,9700,credit_card,13,10,5,0.1612,0,0,0,Month_2
CUST_100753,53,Working Age (25-55),Female,44100.0,17200,debt_consolidation,0,20,4,0.3897,0,0,1,Month_2
CUST_100754,37,Working Age (25-55),Male,80900.0,24500,debt_consolidation,1,11,6,0.1395,0,0,0,Month_2
CUST_100755,24,Young (<25),Male,42600.0,18100,credit_card,1,10,6,0.2632,0,1,1,Month_2
CUST_100756,53,Working Age (25-55),Male,22300.0,9000,credit_card,0,18,11,0.0707,0,0,0,Month_2
CUST_100757,54,Working Age (25-55),Male,69200.0,23800,credit_card,3,23,8,0.2614,0,0,0,Month_2
CUST_100758,33,Working Age (25-55),Male,26500.0,8000,debt_consolidation,10,8,7,0.2985,0,0,0,Month_2
CUST_100759,25,Working Age (25-55),Female,121300.0,14200,debt_consolidation,7,5,9,0.1516,0,0,0,Month_2
CUST_100760,51,Working Age (25-55),Male,62400.0,24800,home_improvement,4,15,13,0.1135,0,2,0,Month_2
CUST_100761,50,Working Age (25-55),Female,47400.0,20000,small_business,3,14,9,0.1425,0,0,0,Month_2
CUST_100762,56,Senior (>55),Male,48900.0,15900,debt_consolidation,8,21,6,0.23,1,0,1,Month_2
CUST_100763,19,Young (<25),Male,37600.0,8700,debt_consolidation,1,1,10,0.1281,0,0,0,Month_2
CUST_100764,28,Working Age (25-55),Female,34100.0,11900,debt_consolidation,4,13,5,0.2345,1,0,1,Month_2
CUST_100765,39,Working Age (25-55),Female,52400.0,20600,debt_consolidation,4,17,7,0.3485,0,0,1,Month_2
CUST_100766,39,Working Age (25-55),Female,86300.0,33600,debt_consolidation,2,10,6,0.2994,0,0,1,Month_2
CUST_100767,22,Young (<25),Female,250900.0,50000,debt_consolidation,4,1,9,0.3109,1,2,1,Month_2
CUST_100768,60,Senior (>55),Female,29200.0,11400,debt_consolidation,1,18,6,0.2583,1,2,1,Month_2
CUST_100769,49,Working Age (25-55),Male,76900.0,8400,credit_card,21,14,2,0.3021,0,0,0,Month_2
CUST_100770,54,Working Age (25-55),Male,58100.0,13600,home_improvement,3,18,10,0.2309,0,0,1,Month_2
CUST_100771,49,Working Age (25-55),Male,81300.0,36700,debt_consolidation,5,19,7,0.1942,1,0,1,Month_2
CUST_100772,49,Working Age (25-55),Male,35900.0,4200,medical,1,12,5,0.2235,0,0,0,Month_2
CUST_100773,55,Working Age (25-55),Female,17600.0,7600,credit_card,0,20,5,0.1703,0,0,0,Month_2
CUST_100774,34,Working Age (25-55),Female,71000.0,31600,credit_card,8,7,12,0.1502,0,0,0,Month_2
CUST_100775,22,Young (<25),Male,74200.0,16600,debt_consolidation,4,6,9,0.3698,0,0,1,Month_2
CUST_100776,46,Working Age (25-55),Male,21700.0,10000,debt_consolidation,10,13,9,0.2254,0,0,0,Month_2
CUST_100777,58,Senior (>55),Male,33200.0,8900,small_business,4,20,7,0.3291,0,0,1,Month_2
CUST_100778,49,Working Age (25-55),Male,30900.0,5000,home_improvement,7,18,7,0.1884,0,1,0,Month_2
CUST_100779,33,Working Age (25-55),Male,32000.0,13800,home_improvement,10,10,7,0.2982,0,0,0,Month_2
CUST_100780,29,Working Age (25-55),Female,70100.0,30000,debt_consolidation,6,10,8,0.4138,1,0,1,Month_2
CUST_100781,32,Working Age (25-55),Male,42600.0,6300,debt_consolidation,6,14,6,0.3895,1,0,1,Month_2
CUST_100782,52,Working Age (25-55),Female,60600.0,11000,home_improvement,1,15,11,0.3062,0,0,0,Month_2
CUST_100783,47,Working Age (25-55),Female,79200.0,20500,debt_consolidation,1,17,4,0.3012,1,1,1,Month_2
CUST_100784,28,Working Age (25-55),Male,81300.0,24800,home_improvement,10,8,6,0.2949,0,0,0,Month_2
CUST_100785,47,Working Age (25-55),Female,39500.0,13700,credit_card,6,13,5,0.1251,1,0,0,Month_2
CUST_100786,39,Working Age (25-55),Male,32200.0,7100,debt_consolidation,5,16,6,0.2829,0,0,0,Month_2
CUST_100787,50,Working Age (25-55),Male,65100.0,18900,debt_consolidation,2,17,9,0.2565,0,0,0,Month_2
CUST_100788,49,Working Age (25-55),Male,60400.0,13100,credit_card,1,12,12,0.1837,0,0,0,Month_2
CUST_100789,43,Working Age (25-55),Female,133500.0,50000,credit_card,0,13,9,0.2971,0,0,1,Month_2
CUST_100790,69,Senior (>55),Male,39700.0,10400,credit_card,0,25,6,0.1095,0,1,0,Month_2
CUST_100791,33,Working Age (25-55),Male,145700.0,27900,home_improvement,5,6,11,0.3922,0,1,1,Month_2
CUST_100792,30,Working Age (25-55),Male,152000.0,17500,debt_consolidation,4,9,8,0.2395,1,0,0,Month_2
CUST_100793,30,Working Age (25-55),Male,45300.0,7200,debt_consolidation,10,7,17,0.1071,1,0,0,Month_2
CUST_100794,45,Working Age (25-55),Male,39900.0,18400,debt_consolidation,5,13,7,0.1354,0,0,0,Month_2
CUST_100795,44,Working Age (25-55),Female,33200.0,15400,small_business,2,17,8,0.2519,0,0,0,Month_2
CUST_100796,29,Working Age (25-55),Female,127100.0,21800,credit_card,0,9,6,0.2917,0,3,0,Month_2
CUST_100797,30,Working Age (25-55),Male,27100.0,11000,credit_card,2,11,9,0.404,0,1,1,Month_2
CUST_100798,31,Working Age (25-55),Male,87700.0,13600,medical,2,16,6,0.3585,0,1,0,Month_2
CUST_100799,56,Senior (>55),Male,43900.0,9600,small_business,3,18,8,0.3007,0,0,0,Month_2
CUST_100800,22,Young (<25),Male,36100.0,15900,small_business,4,4,1,0.351,0,0,1,Month_2
CUST_100801,39,Working Age (25-55),Male,45600.0,12900,small_business,4,4,5,0.461,0,0,1,Month_2
CUST_100802,35,Working Age (25-55),Female,49600.0,12000,home_improvement,13,16,1,0.0955,0,3,0,Month_2
CUST_100803,19,Young (<25),Male,173800.0,39800,major_purchase,1,2,6,0.319,0,0,1,Month_2
CUST_100804,34,Working Age (25-55),Female,40200.0,13400,credit_card,0,11,9,0.065,1,0,0,Month_2
CUST_100805,56,Senior (>55),Female,35600.0,10000,debt_consolidation,2,23,5,0.1699,0,0,0,Month_2
CUST_100806,49,Working Age (25-55),Female,98300.0,41000,medical,3,18,7,0.4032,0,2,1,Month_2
CUST_100807,37,Working Age (25-55),Male,40000.0,8700,credit_card,0,14,8,0.2102,0,0,0,Month_2
CUST_100808,33,Working Age (25-55),Female,84400.0,25100,credit_card,6,13,10,0.4328,0,1,0,Month_2
CUST_100809,19,Young (<25),Female,25600.0,9200,medical,1,7,15,0.3187,0,0,1,Month_2
CUST_100810,70,Senior (>55),Female,34000.0,12400,credit_card,8,31,7,0.4397,0,0,0,Month_2
CUST_100811,40,Working Age (25-55),Male,46800.0,13900,home_improvement,4,17,6,0.0934,0,0,0,Month_2
CUST_100812,35,Working Age (25-55),Male,41500.0,16000,small_business,1,9,9,0.236,0,1,1,Month_2
CUST_100813,23,Young (<25),Male,39600.0,16100,credit_card,0,6,3,0.3438,0,0,1,Month_2
CUST_100814,34,Working Age (25-55),Male,49700.0,16000,home_improvement,1,8,6,0.2913,0,0,1,Month_2
CUST_100815,30,Working Age (25-55),Male,93800.0,23800,credit_card,12,8,9,0.1846,0,0,0,Month_2
CUST_100816,35,Working Age (25-55),Male,144400.0,41800,debt_consolidation,3,12,12,0.065,0,0,0,Month_2
CUST_100817,25,Working Age (25-55),Female,101100.0,30300,home_improvement,2,9,11,0.1655,1,3,1,Month_2
CUST_100818,31,Working Age (25-55),Female,66000.0,23700,credit_card,10,7,8,0.3859,0,0,1,Month_2
CUST_100819,40,Working Age (25-55),Male,53100.0,7900,debt_consolidation,5,15,7,0.3675,1,0,1,Month_2
CUST_100820,29,Working Age (25-55),Female,37700.0,6400,debt_consolidation,8,9,8,0.1824,0,0,0,Month_2
CUST_100821,46,Working Age (25-55),Female,87400.0,35900,credit_card,2,17,11,0.2572,0,0,0,Month_2
CUST_100822,36,Working Age (25-55),Female,30200.0,11200,home_improvement,10,15,8,0.2283,0,0,0,Month_2
CUST_100823,41,Working Age (25-55),Male,28600.0,4000,credit_card,3,16,5,0.1181,0,1,0,Month_2
CUST_100824,53,Working Age (25-55),Female,65700.0,13300,debt_consolidation,3,21,10,0.1678,0,0,0,Month_2
CUST_100825,53,Working Age (25-55),Female,46800.0,6500,home_improvement,14,19,5,0.3063,0,0,0,Month_2
CUST_100826,54,Working Age (25-55),Female,49700.0,10100,small_business,0,17,9,0.142,0,0,0,Month_2
CUST_100827,49,Working Age (25-55),Female,72200.0,18200,home_improvement,2,11,6,0.42,1,0,1,Month_2
CUST_100828,30,Working Age (25-55),Female,44800.0,10800,debt_consolidation,0,12,6,0.2864,0,0,0,Month_2
CUST_100829,36,Working Age (25-55),Female,126600.0,50000,small_business,0,8,6,0.1511,1,0,1,Month_2
CUST_100830,54,Working Age (25-55),Female,100300.0,22000,debt_consolidation,1,18,5,0.5044,0,0,1,Month_2
CUST_100831,22,Young (<25),Female,36700.0,8100,debt_consolidation,4,7,7,0.2752,0,0,0,Month_2
CUST_100832,45,Working Age (25-55),Female,65600.0,12800,debt_consolidation,1,17,6,0.2467,0,0,0,Month_2
CUST_100833,24,Young (<25),Female,32100.0,6500,debt_consolidation,6,2,12,0.4327,0,1,1,Month_2
CUST_100834,40,Working Age (25-55),Female,81000.0,35000,debt_consolidation,0,14,8,0.2773,1,2,1,Month_2
CUST_100835,74,Senior (>55),Male,37800.0,4500,debt_consolidation,0,23,9,0.1612,0,0,0,Month_2
CUST_100836,47,Working Age (25-55),Male,103000.0,16600,debt_consolidation,0,16,7,0.1453,0,0,0,Month_2
CUST_100837,59,Senior (>55),Female,123000.0,35300,home_improvement,1,22,5,0.3601,1,0,1,Month_2
CUST_100838,64,Senior (>55),Male,37200.0,4900,credit_card,0,20,7,0.2021,0,0,0,Month_2
CUST_100839,49,Working Age (25-55),Female,37300.0,7600,debt_consolidation,0,16,7,0.2849,0,0,0,Month_2
CUST_100840,61,Senior (>55),Male,35400.0,14700,home_improvement,2,20,10,0.1293,0,0,0,Month_2
CUST_100841,36,Working Age (25-55),Female,23200.0,10700,credit_card,1,15,11,0.3286,0,0,1,Month_2
CUST_100842,45,Working Age (25-55),Female,69200.0,7400,credit_card,0,15,7,0.2942,0,1,0,Month_2
CUST_100843,48,Working Age (25-55),Male,72200.0,30000,debt_consolidation,7,17,9,0.3127,0,0,0,Month_2
CUST_100844,39,Working Age (25-55),Female,41300.0,12000,small_business,5,16,8,0.2475,1,1,1,Month_2
CUST_100845,49,Working Age (25-55),Male,21100.0,2800,debt_consolidation,7,16,3,0.3306,0,0,0,Month_2
CUST_100846,48,Working Age (25-55),Female,65400.0,17000,debt_consolidation,1,20,8,0.3251,0,0,0,Month_2
CUST_100847,37,Working Age (25-55),Female,51000.0,16200,debt_consolidation,0,13,5,0.4911,1,1,1,Month_2
CUST_100848,31,Working Age (25-55),Male,109000.0,20200,credit_card,1,9,4,0.1755,0,3,0,Month_2
CUST_100849,60,Senior (>55),Male,30800.0,3300,debt_consolidation,2,17,6,0.1836,0,0,0,Month_2
CUST_100850,48,Working Age (25-55),Female,73700.0,34300,credit_card,0,19,6,0.1501,0,1,0,Month_2
CUST_100851,19,Young (<25),Female,34500.0,5700,small_business,0,6,5,0.2835,0,1,1,Month_2
CUST_100852,26,Working Age (25-55),Male,77800.0,24900,debt_consolidation,4,8,9,0.3599,0,0,1,Month_2
CUST_100853,29,Working Age (25-55),Female,26600.0,12000,debt_consolidation,1,9,10,0.1502,0,0,0,Month_2
CUST_100854,53,Working Age (25-55),Male,35600.0,15400,debt_consolidation,0,18,8,0.1432,1,0,1,Month_2
CUST_100855,32,Working Age (25-55),Male,49500.0,8200,debt_consolidation,12,12,6,0.0916,0,0,0,Month_2
CUST_100856,51,Working Age (25-55),Female,83500.0,19300,debt_consolidation,1,14,13,0.4194,1,0,1,Month_2
CUST_100857,30,Working Age (25-55),Male,111800.0,13600,credit_card,0,7,3,0.2576,0,0,0,Month_2
CUST_100858,57,Senior (>55),Male,118900.0,47600,debt_consolidation,9,22,8,0.4568,1,0,1,Month_2
CUST_100859,46,Working Age (25-55),Male,52100.0,20400,credit_card,1,14,9,0.4586,1,0,1,Month_2
CUST_100860,19,Young (<25),Male,30400.0,5500,credit_card,1,9,7,0.1404,0,1,0,Month_2
CUST_100861,29,Working Age (25-55),Male,25900.0,7500,credit_card,1,11,6,0.2309,0,3,1,Month_2
CUST_100862,28,Working Age (25-55),Female,94800.0,21800,credit_card,1,9,7,0.118,0,1,0,Month_2
CUST_100863,56,Senior (>55),Male,85700.0,27100,credit_card,9,18,4,0.4209,0,0,0,Month_2
CUST_100864,25,Working Age (25-55),Male,53800.0,24600,home_improvement,7,9,7,0.3955,0,0,1,Month_2
CUST_100865,41,Working Age (25-55),Female,79100.0,36100,small_business,2,12,7,0.2679,0,0,1,Month_2
CUST_100866,22,Young (<25),Male,37500.0,10700,debt_consolidation,1,11,2,0.3548,0,0,1,Month_2
CUST_100867,26,Working Age (25-55),Male,100600.0,12200,credit_card,5,13,8,0.2963,0,2,0,Month_2
CUST_100868,40,Working Age (25-55),Male,34400.0,4800,medical,13,16,6,0.3367,0,0,0,Month_2
CUST_100869,37,Working Age (25-55),Female,110700.0,40000,credit_card,9,15,4,0.2242,0,0,0,Month_2
CUST_100870,47,Working Age (25-55),Female,65600.0,10400,small_business,6,19,4,0.1004,0,1,0,Month_2
CUST_100871,26,Working Age (25-55),Male,19800.0,2900,credit_card,1,13,8,0.1266,0,1,0,Month_2
CUST_100872,35,Working Age (25-55),Male,67600.0,29900,debt_consolidation,2,13,9,0.1094,0,0,0,Month_2
CUST_100873,37,Working Age (25-55),Male,40700.0,17200,home_improvement,3,13,10,0.2841,1,0,1,Month_2
CUST_100874,30,Working Age (25-55),Female,114800.0,34600,debt_consolidation,5,10,7,0.3696,0,0,1,Month_2
CUST_100875,54,Working Age (25-55),Female,38900.0,7600,debt_consolidation,2,17,4,0.2086,0,0,0,Month_2
CUST_100876,36,Working Age (25-55),Male,54500.0,12500,credit_card,1,10,4,0.1711,1,0,1,Month_2
CUST_100877,36,Working Age (25-55),Female,56300.0,23300,credit_card,1,15,5,0.465,1,1,1,Month_2
CUST_100878,39,Working Age (25-55),Female,43900.0,10900,debt_consolidation,10,11,8,0.3574,0,1,1,Month_2
CUST_100879,19,Young (<25),Female,26600.0,6700,debt_consolidation,0,6,5,0.1811,0,0,0,Month_2
CUST_100880,51,Working Age (25-55),Female,39400.0,9100,home_improvement,6,14,7,0.1715,0,0,0,Month_2
CUST_100881,43,Working Age (25-55),Male,58800.0,14800,debt_consolidation,15,12,7,0.1111,0,0,0,Month_2
CUST_100882,56,Senior (>55),Female,97600.0,22800,medical,3,22,5,0.1851,0,0,0,Month_2
CUST_100883,41,Working Age (25-55),Female,58100.0,15400,debt_consolidation,1,9,7,0.2201,0,0,0,Month_2
CUST_100884,49,Working Age (25-55),Male,84100.0,11900,credit_card,0,22,6,0.1875,0,0,0,Month_2
CUST_100885,60,Senior (>55),Female,50000.0,20500,debt_consolidation,8,14,5,0.1525,0,0,0,Month_2
CUST_100886,32,Working Age (25-55),Male,21400.0,6800,home_improvement,14,11,8,0.1321,0,0,0,Month_2
CUST_100887,50,Working Age (25-55),Female,42600.0,10200,credit_card,1,20,7,0.3329,0,0,0,Month_2
CUST_100888,52,Working Age (25-55),Male,67500.0,21100,home_improvement,5,16,8,0.3746,0,1,1,Month_2
CUST_100889,43,Working Age (25-55),Male,67300.0,9500,debt_consolidation,2,15,8,0.3273,0,0,0,Month_2
CUST_100890,32,Working Age (25-55),Female,48100.0,8500,home_improvement,2,15,6,0.3612,0,0,1,Month_2
CUST_100891,41,Working Age (25-55),Female,34900.0,13100,debt_consolidation,10,12,5,0.3106,0,1,1,Month_2
CUST_100892,43,Working Age (25-55),Female,27600.0,12300,medical,0,15,8,0.342,0,0,1,Month_2
CUST_100893,40,Working Age (25-55),Female,70300.0,16000,credit_card,7,15,8,0.5913,1,3,1,Month_2
CUST_100894,39,Working Age (25-55),Male,36300.0,10300,medical,2,16,6,0.2109,0,0,0,Month_2
CUST_100895,49,Working Age (25-55),Female,51700.0,22100,credit_card,3,15,6,0.1144,0,0,0,Month_2
CUST_100896,40,Working Age (25-55),Female,72500.0,24800,credit_card,1,16,3,0.1781,0,0,0,Month_2
CUST_100897,34,Working Age (25-55),Male,35900.0,9500,home_improvement,1,15,6,0.294,0,0,0,Month_2
CUST_100898,43,Working Age (25-55),Male,19800.0,5700,home_improvement,14,10,10,0.2763,1,0,1,Month_2
CUST_100899,25,Working Age (25-55),Male,26300.0,3800,debt_consolidation,7,3,7,0.355,1,0,1,Month_2
CUST_100900,45,Working Age (25-55),Male,19700.0,9200,credit_card,4,16,2,0.1618,0,0,0,Month_2
CUST_100901,40,Working Age (25-55),Female,42600.0,9600,medical,2,11,4,0.1874,0,0,0,Month_2
CUST_100902,38,Working Age (25-55),Male,63900.0,24100,debt_consolidation,12,13,7,0.1288,0,0,0,Month_2
CUST_100903,24,Young (<25),Male,20200.0,6000,debt_consolidation,2,10,8,0.5316,0,0,1,Month_2
CUST_100904,45,Working Age (25-55),Male,61100.0,19400,small_business,4,13,6,0.1746,0,0,0,Month_2
CUST_100905,29,Working Age (25-55),Female,154000.0,50000,debt_consolidation,7,15,6,0.1256,0,0,0,Month_2
CUST_100906,35,Working Age (25-55),Female,71100.0,31500,credit_card,7,9,12,0.1731,0,0,0,Month_2
CUST_100907,19,Young (<25),Male,37700.0,12400,debt_consolidation,0,3,10,0.232,0,0,1,Month_2
CUST_100908,47,Working Age (25-55),Male,40800.0,18200,credit_card,1,14,7,0.4253,0,0,0,Month_2
CUST_100909,51,Working Age (25-55),Female,36800.0,12700,medical,4,13,5,0.2238,0,1,0,Month_2
CUST_100910,37,Working Age (25-55),Female,29000.0,5800,debt_consolidation,4,8,7,0.2271,0,0,0,Month_2
CUST_100911,21,Young (<25),Male,48200.0,19900,small_business,2,4,8,0.1069,0,1,0,Month_2
CUST_100912,45,Working Age (25-55),Female,71000.0,25100,major_purchase,8,14,6,0.2334,0,0,0,Month_2
CUST_100913,51,Working Age (25-55),Female,58300.0,11500,debt_consolidation,5,17,7,0.2546,0,0,0,Month_2
CUST_100914,36,Working Age (25-55),Female,62700.0,19500,credit_card,7,7,7,0.2723,0,0,0,Month_2
CUST_100915,37,Working Age (25-55),Female,113400.0,27800,debt_consolidation,7,10,8,0.3327,0,0,0,Month_2
CUST_100916,31,Working Age (25-55),Male,126600.0,38900,debt_consolidation,13,11,7,0.1976,0,0,0,Month_2
CUST_100917,58,Senior (>55),Female,25800.0,6200,small_business,2,22,4,0.1551,0,2,0,Month_2
CUST_100918,49,Working Age (25-55),Female,35100.0,11900,debt_consolidation,0,14,8,0.2096,0,2,0,Month_2
CUST_100919,33,Working Age (25-55),Female,50500.0,19300,medical,6,10,5,0.2817,0,0,0,Month_2
CUST_100920,61,Senior (>55),Female,19000.0,5400,home_improvement,0,19,3,0.2279,0,0,0,Month_2
CUST_100921,32,Working Age (25-55),Female,21300.0,9300,home_improvement,3,11,7,0.1993,0,0,0,Month_2
CUST_100922,46,Working Age (25-55),Female,38300.0,12800,credit_card,6,11,6,0.5187,0,0,1,Month_2
CUST_100923,43,Working Age (25-55),Male,29000.0,13500,debt_consolidation,3,15,7,0.1148,0,0,0,Month_2
CUST_100924,32,Working Age (25-55),Male,17400.0,5300,debt_consolidation,3,14,10,0.3628,0,0,1,Month_2
CUST_100925,37,Working Age (25-55),Male,72600.0,21500,debt_consolidation,14,16,5,0.2289,0,0,0,Month_2
CUST_100926,29,Working Age (25-55),Female,204200.0,39300,major_purchase,5,12,5,0.1381,0,0,0,Month_2
CUST_100927,20,Young (<25),Male,52400.0,7200,credit_card,2,7,10,0.2121,0,0,0,Month_2
CUST_100928,44,Working Age (25-55),Female,22900.0,4300,debt_consolidation,14,14,5,0.2067,0,0,0,Month_2
CUST_100929,35,Working Age (25-55),Male,40000.0,13200,debt_consolidation,9,12,9,0.3729,0,0,1,Month_2
CUST_100930,36,Working Age (25-55),Female,177600.0,50000,small_business,4,11,8,0.1297,0,2,0,Month_2
CUST_100931,65,Senior (>55),Female,59400.0,6400,credit_card,3,19,7,0.2401,0,0,0,Month_2
CUST_100932,50,Working Age (25-55),Female,64900.0,17600,debt_consolidation,2,13,10,0.2241,0,0,0,Month_2
CUST_100933,49,Working Age (25-55),Female,19500.0,6800,credit_card,10,19,4,0.3948,1,1,0,Month_2
CUST_100934,38,Working Age (25-55),Female,74600.0,29600,debt_consolidation,5,19,8,0.3548,1,0,1,Month_2
CUST_100935,52,Working Age (25-55),Female,77600.0,9900,credit_card,14,17,7,0.1808,0,0,0,Month_2
CUST_100936,63,Senior (>55),Male,64800.0,20700,debt_consolidation,1,24,7,0.2223,0,0,0,Month_2
CUST_100937,44,Working Age (25-55),Female,20600.0,6500,debt_consolidation,5,16,5,0.1555,0,0,0,Month_2
CUST_100938,64,Senior (>55),Female,105600.0,22300,home_improvement,1,22,6,0.1414,0,0,0,Month_2
CUST_100939,33,Working Age (25-55),Female,89300.0,20200,credit_card,1,15,6,0.2465,0,0,0,Month_2
CUST_100940,50,Working Age (25-55),Female,66900.0,21900,credit_card,1,21,9,0.3009,0,1,1,Month_2
CUST_100941,19,Young (<25),Male,43200.0,16700,debt_consolidation,1,9,6,0.1437,0,0,0,Month_2
CUST_100942,36,Working Age (25-55),Male,64400.0,28100,debt_consolidation,13,14,5,0.1495,0,0,0,Month_2
CUST_100943,41,Working Age (25-55),Male,105800.0,43000,debt_consolidation,0,12,8,0.2663,0,3,1,Month_2
CUST_100944,43,Working Age (25-55),Female,29000.0,8700,debt_consolidation,2,15,7,0.1957,0,0,0,Month_2
CUST_100945,34,Working Age (25-55),Male,44300.0,7300,credit_card,2,6,6,0.2028,0,0,0,Month_2
CUST_100946,31,Working Age (25-55),Female,69500.0,31200,home_improvement,3,13,6,0.2647,0,0,1,Month_2
CUST_100947,21,Young (<25),Male,31400.0,8800,home_improvement,1,7,7,0.1085,0,0,0,Month_2
CUST_100948,31,Working Age (25-55),Male,45900.0,5400,credit_card,2,18,11,0.1481,0,0,0,Month_2
CUST_100949,19,Young (<25),Female,98500.0,15000,major_purchase,0,7,8,0.2706,0,0,0,Month_2
CUST_100950,52,Working Age (25-55),Male,87300.0,20800,home_improvement,0,14,8,0.2432,0,0,0,Month_2
CUST_100951,19,Young (<25),Male,48600.0,9000,home_improvement,1,5,6,0.1674,0,0,0,Month_2
CUST_100952,45,Working Age (25-55),Male,64600.0,14500,credit_card,7,13,12,0.322,0,0,0,Month_2
CUST_100953,36,Working Age (25-55),Female,62800.0,26700,debt_consolidation,1,13,7,0.191,0,0,0,Month_2
CUST_100954,42,Working Age (25-55),Male,52100.0,14300,debt_consolidation,11,18,6,0.3547,0,0,0,Month_2
CUST_100955,28,Working Age (25-55),Female,21700.0,7000,medical,10,7,6,0.3074,0,0,0,Month_2
CUST_100956,33,Working Age (25-55),Female,45900.0,20700,debt_consolidation,8,4,3,0.2879,0,0,1,Month_2
CUST_100957,40,Working Age (25-55),Male,39800.0,17200,debt_consolidation,7,14,11,0.3434,0,0,1,Month_2
CUST_100958,19,Young (<25),Female,61200.0,27600,debt_consolidation,1,10,4,0.3747,0,0,1,Month_2
CUST_100959,29,Working Age (25-55),Female,107400.0,49400,debt_consolidation,4,7,8,0.1977,0,0,1,Month_2
CUST_100960,45,Working Age (25-55),Female,17700.0,7700,credit_card,6,17,3,0.2359,0,0,0,Month_2
CUST_100961,49,Working Age (25-55),Male,49400.0,12500,debt_consolidation,7,15,4,0.3256,0,0,0,Month_2
CUST_100962,42,Working Age (25-55),Male,39400.0,4300,debt_consolidation,0,10,4,0.3398,0,0,1,Month_2
CUST_100963,37,Working Age (25-55),Male,18200.0,3500,debt_consolidation,0,10,10,0.4645,1,0,1,Month_2
CUST_100964,41,Working Age (25-55),Male,62000.0,7000,debt_consolidation,4,12,4,0.3256,0,1,0,Month_2
CUST_100965,22,Young (<25),Male,84600.0,15700,debt_consolidation,4,8,5,0.2639,0,0,0,Month_2
CUST_100966,19,Young (<25),Male,55700.0,22900,small_business,0,5,6,0.0798,0,0,0,Month_2
CUST_100967,41,Working Age (25-55),Male,76400.0,35300,credit_card,0,14,6,0.4454,0,0,1,Month_2
CUST_100968,46,Working Age (25-55),Female,43600.0,9400,home_improvement,6,9,7,0.4361,0,1,1,Month_2
CUST_100969,35,Working Age (25-55),Female,26600.0,3800,debt_consolidation,3,11,6,0.1973,0,0,0,Month_2
CUST_100970,47,Working Age (25-55),Female,146100.0,28100,debt_consolidation,19,18,7,0.4947,0,0,0,Month_2
CUST_100971,75,Senior (>55),Male,19700.0,5600,debt_consolidation,8,28,3,0.264,1,0,0,Month_2
CUST_100972,34,Working Age (25-55),Male,127000.0,34700,debt_consolidation,11,15,7,0.3399,0,0,0,Month_2
CUST_100973,49,Working Age (25-55),Male,173300.0,50000,small_business,11,14,6,0.1291,0,2,0,Month_2
CUST_100974,58,Senior (>55),Male,132300.0,14900,credit_card,0,21,9,0.1143,0,2,0,Month_2
CUST_100975,51,Working Age (25-55),Female,71600.0,25900,credit_card,0,22,5,0.123,0,0,0,Month_2
CUST_100976,37,Working Age (25-55),Female,88200.0,14300,credit_card,9,16,8,0.1878,0,1,0,Month_2
CUST_100977,45,Working Age (25-55),Male,48300.0,12900,credit_card,10,16,6,0.3207,0,0,0,Month_2
CUST_100978,46,Working Age (25-55),Female,40400.0,15500,credit_card,11,18,13,0.4721,1,0,0,Month_2
CUST_100979,51,Working Age (25-55),Male,110700.0,35300,debt_consolidation,1,11,12,0.5082,1,0,1,Month_2
CUST_100980,26,Working Age (25-55),Male,69300.0,8400,major_purchase,0,7,6,0.3558,0,0,0,Month_2
CUST_100981,40,Working Age (25-55),Male,126700.0,16800,debt_consolidation,0,11,4,0.3282,0,0,0,Month_2
CUST_100982,52,Working Age (25-55),Male,67200.0,25500,debt_consolidation,2,15,7,0.1919,1,0,1,Month_2
CUST_100983,60,Senior (>55),Male,27700.0,9300,debt_consolidation,5,21,8,0.2638,0,0,0,Month_2
CUST_100984,25,Working Age (25-55),Female,155200.0,33800,major_purchase,7,12,4,0.2189,1,0,0,Month_2
CUST_100985,49,Working Age (25-55),Female,17400.0,5500,home_improvement,10,12,8,0.1991,1,0,1,Month_2
CUST_100986,43,Working Age (25-55),Male,41700.0,10600,debt_consolidation,5,15,6,0.1767,0,1,0,Month_2
CUST_100987,36,Working Age (25-55),Female,52300.0,9800,home_improvement,1,17,7,0.1886,0,0,1,Month_2
CUST_100988,41,Working Age (25-55),Female,35900.0,12700,debt_consolidation,2,12,3,0.0706,0,0,0,Month_2
CUST_100989,32,Working Age (25-55),Female,31600.0,4500,debt_consolidation,2,6,8,0.1794,1,1,1,Month_2
CUST_100990,57,Senior (>55),Male,45500.0,12800,debt_consolidation,8,19,9,0.1897,0,0,0,Month_2
CUST_100991,36,Working Age (25-55),Female,50900.0,21800,debt_consolidation,13,14,4,0.3934,1,1,1,Month_2
CUST_100992,48,Working Age (25-55),Female,164100.0,50000,home_improvement,1,14,5,0.2757,0,0,0,Month_2
CUST_100993,51,Working Age (25-55),Male,31000.0,6200,debt_consolidation,0,20,8,0.218,0,0,0,Month_2
CUST_100994,40,Working Age (25-55),Male,33500.0,14700,debt_consolidation,10,15,9,0.3031,0,0,0,Month_2
CUST_100995,25,Working Age (25-55),Female,38900.0,12900,credit_card,7,8,6,0.2352,0,0,0,Month_2
CUST_100996,40,Working Age (25-55),Female,39100.0,11300,medical,4,17,8,0.2915,0,0,0,Month_2
CUST_100997,37,Working Age (25-55),Male,57600.0,18100,debt_consolidation,10,15,7,0.07,0,0,0,Month_2
CUST_100998,41,Working Age (25-55),Female,29600.0,3800,debt_consolidation,1,11,8,0.2865,0,3,1,Month_2
CUST_100999,41,Working Age (25-55),Female,48500.0,16500,credit_card,10,7,7,0.1479,0,2,0,Month_2
CUST_100000,39,Working Age (25-55),Male,48400.0,20600,debt_consolidation,4,13,10,0.1954,0,1,0,Month_3
CUST_100001,37,Working Age (25-55),Male,56500.0,10600,credit_card,13,11,8,0.3454,0,0,0,Month_3
CUST_100002,29,Working Age (25-55),Male,23100.0,6500,small_business,1,12,10,0.4142,0,0,1,Month_3
CUST_100003,19,Young (<25),Female,56800.0,20000,credit_card,1,10,2,0.2271,0,0,0,Month_3
CUST_100004,37,Working Age (25-55),Male,93800.0,34800,debt_consolidation,1,15,6,0.3015,0,3,1,Month_3
CUST_100005,33,Working Age (25-55),Female,60400.0,23700,debt_consolidation,0,13,10,0.1547,1,1,1,Month_3
CUST_100006,32,Working Age (25-55),Male,116200.0,18400,debt_consolidation,3,9,7,0.1343,0,0,0,Month_3
CUST_100007,46,Working Age (25-55),Male,32000.0,10900,small_business,1,14,13,0.3035,0,0,0,Month_3
CUST_100008,20,Young (<25),Female,129400.0,39300,medical,2,12,3,0.4773,0,0,1,Month_3
CUST_100009,42,Working Age (25-55),Male,40200.0,5800,credit_card,7,13,8,0.3333,0,3,0,Month_3
CUST_100010,63,Senior (>55),Female,58400.0,27300,credit_card,10,21,5,0.214,0,1,1,Month_3
CUST_100011,30,Working Age (25-55),Male,57800.0,25500,home_improvement,3,12,4,0.3894,0,0,1,Month_3
CUST_100012,49,Working Age (25-55),Female,23900.0,5400,small_business,0,20,5,0.3278,0,0,0,Month_3
CUST_100013,37,Working Age (25-55),Male,38600.0,11200,debt_consolidation,2,11,1,0.177,1,0,1,Month_3
CUST_100014,55,Working Age (25-55),Female,83200.0,27300,credit_card,4,18,8,0.3256,0,0,1,Month_3
CUST_100015,51,Working Age (25-55),Male,30700.0,8900,debt_consolidation,3,14,7,0.165,0,0,0,Month_3
CUST_100016,19,Young (<25),Male,28400.0,10700,credit_card,1,11,4,0.3693,1,0,0,Month_3
CUST_100017,53,Working Age (25-55),Male,81000.0,24100,credit_card,0,16,7,0.2938,0,0,0,Month_3
CUST_100018,37,Working Age (25-55),Male,127100.0,36900,debt_consolidation,1,9,8,0.2001,0,0,0,Month_3
CUST_100019,30,Working Age (25-55),Female,51000.0,12000,home_improvement,2,5,8,0.1945,0,1,0,Month_3
CUST_100020,37,Working Age (25-55),Female,77300.0,30600,major_purchase,8,13,9,0.1902,0,0,0,Month_3
CUST_100021,46,Working Age (25-55),Female,56700.0,18700,credit_card,11,8,7,0.3138,0,0,0,Month_3
CUST_100022,32,Working Age (25-55),Female,42500.0,6300,debt_consolidation,8,7,3,0.2132,1,0,0,Month_3
CUST_100023,29,Working Age (25-55),Male,49600.0,17600,credit_card,1,5,9,0.1713,0,0,0,Month_3
CUST_100024,41,Working Age (25-55),Male,22600.0,6200,medical,1,16,8,0.3533,0,0,1,Month_3
CUST_100025,35,Working Age (25-55),Female,52900.0,24500,home_improvement,0,3,4,0.1894,0,0,0,Month_3
CUST_100026,50,Working Age (25-55),Female,35100.0,13700,credit_card,3,16,6,0.1363,0,0,0,Month_3
CUST_100027,33,Working Age (25-55),Male,44500.0,18300,debt_consolidation,0,13,15,0.3096,0,0,1,Month_3
CUST_100028,34,Working Age (25-55),Male,123700.0,50000,credit_card,16,10,2,0.2448,0,0,1,Month_3
CUST_100029,52,Working Age (25-55),Male,73600.0,35200,debt_consolidation,12,18,5,0.17,0,0,0,Month_3
CUST_100030,19,Young (<25),Male,83500.0,31900,major_purchase,0,1,9,0.2167,0,0,1,Month_3
CUST_100031,67,Senior (>55),Female,61700.0,13600,debt_consolidation,2,23,3,0.346,0,0,0,Month_3
CUST_100032,47,Working Age (25-55),Female,61300.0,11200,debt_consolidation,4,19,3,0.1933,0,2,0,Month_3
CUST_100033,19,Young (<25),Male,38000.0,16300,debt_consolidation,1,7,5,0.114,0,0,0,Month_3
CUST_100034,24,Young (<25),Male,69700.0,23900,credit_card,4,5,7,0.1126,0,0,0,Month_3
CUST_100035,23,Young (<25),Male,56400.0,22300,home_improvement,5,11,5,0.3102,0,0,0,Month_3
CUST_100036,32,Working Age (25-55),Male,53400.0,16300,major_purchase,5,11,9,0.1726,0,0,0,Month_3
CUST_100037,34,Working Age (25-55),Male,37500.0,5800,debt_consolidation,3,6,10,0.1617,0,1,0,Month_3
CUST_100038,48,Working Age (25-55),Male,67400.0,32400,debt_consolidation,7,14,15,0.2074,0,2,0,Month_3
CUST_100039,31,Working Age (25-55),Female,26700.0,5000,debt_consolidation,1,9,7,0.2876,0,0,0,Month_3
CUST_100040,44,Working Age (25-55),Female,26700.0,7400,debt_consolidation,1,17,9,0.2909,0,0,0,Month_3
CUST_100041,29,Working Age (25-55),Male,16700.0,6100,home_improvement,4,13,12,0.1144,0,2,0,Month_3
CUST_100042,19,Young (<25),Female,38000.0,13900,credit_card,1,9,10,0.4329,0,0,1,Month_3
CUST_100043,43,Working Age (25-55),Female,93800.0,32600,debt_consolidation,3,15,8,0.242,0,0,0,Month_3
CUST_100044,39,Working Age (25-55),Male,17800.0,3800,small_business,0,11,3,0.2152,0,1,0,Month_3
CUST_100045,43,Working Age (25-55),Male,89900.0,31200,debt_consolidation,7,14,9,0.1703,0,0,0,Month_3
CUST_100046,22,Young (<25),Male,37100.0,14900,home_improvement,4,16,8,0.3558,0,0,1,Month_3
CUST_100047,39,Working Age (25-55),Male,36800.0,9900,debt_consolidation,1,15,7,0.1496,0,0,0,Month_3
CUST_100048,39,Working Age (25-55),Male,117500.0,22200,home_improvement,3,12,11,0.1249,0,0,1,Month_3
CUST_100049,43,Working Age (25-55),Female,79000.0,36300,credit_card,6,18,12,0.4125,1,0,1,Month_3
CUST_100050,42,Working Age (25-55),Male,28700.0,9300,home_improvement,6,9,7,0.194,0,1,0,Month_3
CUST_100051,50,Working Age (25-55),Male,104300.0,49400,debt_consolidation,5,17,13,0.2166,0,1,0,Month_3
CUST_100052,50,Working Age (25-55),Male,62800.0,28200,debt_consolidation,6,19,8,0.3789,0,0,1,Month_3
CUST_100053,44,Working Age (25-55),Male,60000.0,7200,credit_card,3,13,6,0.3917,0,0,0,Month_3
CUST_100054,38,Working Age (25-55),Male,65500.0,19800,debt_consolidation,3,12,4,0.1343,0,1,0,Month_3
CUST_100055,46,Working Age (25-55),Female,71300.0,20300,debt_consolidation,1,15,6,0.3659,0,1,1,Month_3
CUST_100056,25,Working Age (25-55),Male,42800.0,18400,credit_card,7,10,8,0.2246,0,0,0,Month_3
CUST_100057,19,Young (<25),Male,37600.0,17700,credit_card,0,9,7,0.3649,0,0,1,Month_3
CUST_100058,49,Working Age (25-55),Female,86500.0,39600,medical,7,7,7,0.14,1,0,1,Month_3
CUST_100059,19,Young (<25),Male,29600.0,5000,debt_consolidation,1,3,6,0.1622,0,0,0,Month_3
CUST_100060,48,Working Age (25-55),Male,24500.0,5600,major_purchase,6,15,5,0.1559,0,0,0,Month_3
CUST_100061,31,Working Age (25-55),Male,25000.0,9200,home_improvement,2,15,8,0.2392,0,0,0,Month_3
CUST_100062,51,Working Age (25-55),Male,102300.0,25400,debt_consolidation,8,22,5,0.1018,0,0,0,Month_3
CUST_100063,33,Working Age (25-55),Female,68200.0,26400,home_improvement,3,8,14,0.1747,0,0,0,Month_3
CUST_100064,42,Working Age (25-55),Female,62800.0,29600,debt_consolidation,6,17,11,0.3068,0,0,1,Month_3
CUST_100065,28,Working Age (25-55),Female,111400.0,21700,debt_consolidation,2,4,8,0.4669,0,3,1,Month_3
CUST_100066,61,Senior (>55),Female,80800.0,18400,debt_consolidation,5,19,8,0.3555,0,0,0,Month_3
CUST_100067,19,Young (<25),Female,72800.0,13800,debt_consolidation,1,11,14,0.09,1,0,0,Month_3
CUST_100068,62,Senior (>55),Female,54100.0,13200,debt_consolidation,6,23,4,0.2401,0,0,0,Month_3
CUST_100069,39,Working Age (25-55),Male,39900.0,17500,debt_consolidation,2,20,7,0.3711,0,1,1,Month_3
CUST_100070,19,Young (<25),Female,42900.0,14300,debt_consolidation,1,3,12,0.3199,0,0,1,Month_3
CUST_100071,31,Working Age (25-55),Male,29700.0,5900,debt_consolidation,0,9,6,0.2535,0,0,1,Month_3
CUST_100072,21,Young (<25),Male,56000.0,15800,credit_card,3,7,5,0.2302,0,0,0,Month_3
CUST_100073,25,Working Age (25-55),Female,91000.0,23400,debt_consolidation,2,6,8,0.136,1,0,0,Month_3
CUST_100074,22,Young (<25),Female,57200.0,23300,debt_consolidation,2,12,8,0.2693,0,0,0,Month_3
CUST_100075,46,Working Age (25-55),Male,32700.0,9500,debt_consolidation,0,17,8,0.3936,0,0,1,Month_3
CUST_100076,37,Working Age (25-55),Female,19200.0,5400,major_purchase,9,11,6,0.2511,0,0,0,Month_3
CUST_100077,42,Working Age (25-55),Female,150000.0,21800,credit_card,1,10,5,0.2327,0,0,0,Month_3
CUST_100078,37,Working Age (25-55),Female,175400.0,50000,debt_consolidation,0,10,9,0.1476,0,0,0,Month_3
CUST_100079,32,Working Age (25-55),Female,89300.0,20100,major_purchase,2,10,6,0.2284,0,0,0,Month_3
CUST_100080,42,Working Age (25-55),Female,86200.0,11100,debt_consolidation,6,17,6,0.1773,0,0,0,Month_3
CUST_100081,49,Working Age (25-55),Female,16700.0,6400,debt_consolidation,13,19,4,0.2159,0,0,1,Month_3
CUST_100082,44,Working Age (25-55),Male,53500.0,11200,home_improvement,6,19,8,0.3584,0,0,0,Month_3
CUST_100083,43,Working Age (25-55),Female,29700.0,12400,home_improvement,1,15,6,0.4049,0,0,1,Month_3
CUST_100084,45,Working Age (25-55),Male,45100.0,21500,debt_consolidation,11,13,5,0.09,0,1,0,Month_3
CUST_100085,32,Working Age (25-55),Male,39200.0,11900,credit_card,0,4,7,0.3613,0,0,1,Month_3
CUST_100086,67,Senior (>55),Female,59500.0,27500,credit_card,24,23,3,0.246,0,0,0,Month_3
CUST_100087,45,Working Age (25-55),Male,52700.0,17000,credit_card,1,14,9,0.5068,0,0,1,Month_3
CUST_100088,46,Working Age (25-55),Male,158000.0,22100,debt_consolidation,5,15,8,0.2275,0,0,0,Month_3
CUST_100089,45,Working Age (25-55),Female,26900.0,7100,debt_consolidation,10,14,13,0.3853,0,3,1,Month_3
CUST_100090,38,Working Age (25-55),Female,175100.0,50000,debt_consolidation,0,7,7,0.1575,0,0,0,Month_3
CUST_100091,51,Working Age (25-55),Male,37300.0,8700,credit_card,1,13,9,0.2869,0,0,0,Month_3
CUST_100092,19,Young (<25),Male,111000.0,16400,debt_consolidation,1,8,8,0.2603,0,1,1,Month_3
CUST_100093,52,Working Age (25-55),Male,90900.0,37600,home_improvement,13,20,6,0.253,0,1,0,Month_3
CUST_100094,40,Working Age (25-55),Female,58900.0,7000,debt_consolidation,1,8,4,0.4259,0,1,1,Month_3
CUST_100095,48,Working Age (25-55),Female,46800.0,22600,small_business,1,16,9,0.281,0,0,0,Month_3
CUST_100096,44,Working Age (25-55),Male,45700.0,14200,credit_card,1,13,6,0.2969,0,0,0,Month_3
CUST_100097,29,Working Age (25-55),Male,22600.0,3000,major_purchase,11,9,9,0.2571,0,0,0,Month_3
CUST_100098,27,Working Age (25-55),Male,16700.0,6000,debt_consolidation,5,10,3,0.1699,0,0,0,Month_3
CUST_100099,19,Young (<25),Female,72600.0,29200,credit_card,1,8,9,0.1747,1,0,1,Month_3
CUST_100100,43,Working Age (25-55),Female,58600.0,27000,debt_consolidation,17,8,8,0.2451,0,0,0,Month_3
CUST_100101,51,Working Age (25-55),Female,38600.0,13800,debt_consolidation,1,8,10,0.1833,0,0,0,Month_3
CUST_100102,41,Working Age (25-55),Female,89300.0,38800,debt_consolidation,8,13,6,0.2105,0,0,0,Month_3
CUST_100103,23,Young (<25),Male,60900.0,15600,medical,2,11,11,0.1893,0,0,0,Month_3
CUST_100104,33,Working Age (25-55),Male,107400.0,33200,home_improvement,6,17,8,0.3649,0,0,0,Month_3
CUST_100105,45,Working Age (25-55),Male,85600.0,13500,home_improvement,1,21,11,0.3705,0,2,0,Month_3
CUST_100106,59,Senior (>55),Female,51100.0,8800,small_business,7,22,9,0.261,0,0,0,Month_3
CUST_100107,28,Working Age (25-55),Female,91000.0,40400,home_improvement,1,10,5,0.4013,1,0,1,Month_3
CUST_100108,23,Young (<25),Female,88900.0,33400,medical,1,6,11,0.1324,0,0,1,Month_3
CUST_100109,45,Working Age (25-55),Female,39300.0,15100,debt_consolidation,0,11,6,0.1487,0,0,0,Month_3
CUST_100110,55,Working Age (25-55),Female,31400.0,14100,debt_consolidation,2,22,3,0.1794,0,1,0,Month_3
CUST_100111,43,Working Age (25-55),Male,42300.0,12800,credit_card,1,19,9,0.2385,0,0,0,Month_3
CUST_100112,42,Working Age (25-55),Female,16700.0,5000,debt_consolidation,6,12,6,0.2763,0,0,0,Month_3
CUST_100113,33,Working Age (25-55),Female,25800.0,4400,credit_card,1,8,8,0.2199,0,1,0,Month_3
CUST_100114,43,Working Age (25-55),Male,85300.0,10700,debt_consolidation,3,17,8,0.5968,0,0,1,Month_3
CUST_100115,51,Working Age (25-55),Female,168700.0,23600,debt_consolidation,4,17,5,0.1561,0,0,0,Month_3
CUST_100116,40,Working Age (25-55),Female,47600.0,9700,home_improvement,22,14,3,0.3623,0,0,0,Month_3
CUST_100117,35,Working Age (25-55),Male,88700.0,41500,debt_consolidation,5,8,4,0.1994,1,0,1,Month_3
CUST_100118,35,Working Age (25-55),Male,34400.0,13400,debt_consolidation,4,8,4,0.4348,0,1,1,Month_3
CUST_100119,36,Working Age (25-55),Female,117000.0,45300,credit_card,3,7,11,0.1594,1,0,1,Month_3
CUST_100120,41,Working Age (25-55),Male,24600.0,8700,home_improvement,4,11,11,0.1394,0,0,0,Month_3
CUST_100121,28,Working Age (25-55),Female,47200.0,12000,debt_consolidation,1,13,8,0.1901,0,3,0,Month_3
CUST_100122,47,Working Age (25-55),Female,34200.0,16200,debt_consolidation,0,18,11,0.09,1,0,0,Month_3
CUST_100123,40,Working Age (25-55),Male,29400.0,4700,debt_consolidation,0,19,4,0.2565,0,2,0,Month_3
CUST_100124,31,Working Age (25-55),Male,44600.0,7500,debt_consolidation,13,6,7,0.272,0,0,0,Month_3
CUST_100125,20,Young (<25),Female,36000.0,9300,debt_consolidation,2,6,4,0.3931,0,0,1,Month_3
CUST_100126,33,Working Age (25-55),Male,51700.0,13900,medical,0,6,8,0.2457,0,1,1,Month_3
CUST_100127,46,Working Age (25-55),Female,158000.0,30600,debt_consolidation,2,19,4,0.229,0,0,0,Month_3
CUST_100128,37,Working Age (25-55),Female,28000.0,5000,debt_consolidation,17,11,6,0.3202,0,1,0,Month_3
CUST_100129,56,Senior (>55),Female,48500.0,16800,medical,8,14,7,0.2126,0,2,0,Month_3
CUST_100130,38,Working Age (25-55),Male,111800.0,48300,home_improvement,2,12,11,0.1536,0,0,0,Month_3
CUST_100131,48,Working Age (25-55),Female,56100.0,14000,debt_consolidation,1,12,6,0.221,0,0,0,Month_3
CUST_100132,37,Working Age (25-55),Male,24900.0,7000,home_improvement,7,9,6,0.3469,0,0,1,Month_3
CUST_100133,39,Working Age (25-55),Female,38300.0,7800,credit_card,7,12,7,0.2199,0,0,0,Month_3
CUST_100134,57,Senior (>55),Female,44700.0,20100,debt_consolidation,2,21,4,0.3826,0,0,1,Month_3
CUST_100135,54,Working Age (25-55),Female,27600.0,5200,debt_consolidation,2,20,4,0.1747,0,0,0,Month_3
CUST_100136,51,Working Age (25-55),Male,23000.0,2600,debt_consolidation,0,18,7,0.3894,0,0,1,Month_3
CUST_100137,34,Working Age (25-55),Female,51200.0,20900,credit_card,4,9,5,0.24,0,0,0,Month_3
CUST_100138,24,Young (<25),Male,19800.0,5600,debt_consolidation,1,8,8,0.2612,0,0,0,Month_3
CUST_100139,38,Working Age (25-55),Male,60800.0,28100,debt_consolidation,3,11,9,0.4132,1,1,1,Month_3
CUST_100140,25,Working Age (25-55),Female,102700.0,20800,credit_card,7,11,10,0.1283,0,1,0,Month_3
CUST_100141,31,Working Age (25-55),Female,72100.0,34600,medical,1,8,5,0.2584,0,3,1,Month_3
CUST_100142,19,Young (<25),Male,27800.0,5500,debt_consolidation,1,7,4,0.3884,0,0,1,Month_3
CUST_100143,53,Working Age (25-55),Female,51700.0,16600,credit_card,0,23,4,0.09,0,0,0,Month_3
CUST_100144,19,Young (<25),Male,58100.0,7600,credit_card,1,7,6,0.1516,0,0,0,Month_3
CUST_100145,28,Working Age (25-55),Female,71000.0,23900,credit_card,2,9,3,0.09,0,0,1,Month_3
CUST_100146,53,Working Age (25-55),Male,194900.0,50000,credit_card,0,16,11,0.1945,1,1,0,Month_3
CUST_100147,27,Working Age (25-55),Female,16700.0,3600,credit_card,4,10,4,0.2554,0,2,1,Month_3
CUST_100148,46,Working Age (25-55),Male,23500.0,5000,credit_card,2,14,3,0.3208,0,1,1,Month_3
CUST_100149,40,Working Age (25-55),Male,20700.0,4200,debt_consolidation,0,11,9,0.1747,0,0,0,Month_3
CUST_100150,41,Working Age (25-55),Female,55500.0,23900,debt_consolidation,19,13,8,0.149,1,0,0,Month_3
CUST_100151,35,Working Age (25-55),Female,30100.0,3300,small_business,11,9,9,0.3691,0,0,0,Month_3
CUST_100152,27,Working Age (25-55),Female,168200.0,50000,debt_consolidation,9,9,10,0.4115,0,0,1,Month_3
CUST_100153,19,Young (<25),Male,49400.0,20500,small_business,1,7,6,0.2151,0,0,0,Month_3
CUST_100154,39,Working Age (25-55),Female,65900.0,8200,credit_card,0,11,10,0.2071,1,0,0,Month_3
CUST_100155,35,Working Age (25-55),Female,66500.0,17600,debt_consolidation,17,14,9,0.1943,0,0,0,Month_3
CUST_100156,29,Working Age (25-55),Female,37400.0,8900,credit_card,0,10,12,0.1934,0,0,0,Month_3
CUST_100157,34,Working Age (25-55),Male,39500.0,17700,medical,3,6,7,0.4088,1,0,1,Month_3
CUST_100158,45,Working Age (25-55),Male,87100.0,37300,credit_card,7,20,5,0.2251,0,0,0,Month_3
CUST_100159,34,Working Age (25-55),Male,25100.0,5100,small_business,0,13,9,0.2067,0,1,0,Month_3
CUST_100160,37,Working Age (25-55),Female,18900.0,8300,medical,3,8,2,0.5371,0,0,1,Month_3
CUST_100161,63,Senior (>55),Male,27000.0,7600,debt_consolidation,7,17,6,0.1026,0,1,0,Month_3
CUST_100162,33,Working Age (25-55),Male,30300.0,6500,debt_consolidation,10,7,8,0.1952,0,0,0,Month_3
CUST_100163,31,Working Age (25-55),Male,56200.0,23300,debt_consolidation,3,11,2,0.3495,0,0,1,Month_3
CUST_100164,45,Working Age (25-55),Male,40100.0,5500,medical,2,22,7,0.2974,0,0,0,Month_3
CUST_100165,37,Working Age (25-55),Female,64900.0,27700,medical,1,13,2,0.3549,0,0,1,Month_3
CUST_100166,42,Working Age (25-55),Female,52500.0,23300,home_improvement,0,14,8,0.1946,0,0,0,Month_3
CUST_100167,42,Working Age (25-55),Female,49400.0,11600,small_business,1,11,8,0.3975,0,0,1,Month_3
CUST_100168,37,Working Age (25-55),Female,79000.0,35000,debt_consolidation,1,14,4,0.1871,0,2,0,Month_3
CUST_100169,37,Working Age (25-55),Male,67100.0,21400,debt_consolidation,1,13,4,0.4911,0,0,1,Month_3
CUST_100170,33,Working Age (25-55),Female,23400.0,3700,credit_card,9,13,8,0.2462,0,1,0,Month_3
CUST_100171,41,Working Age (25-55),Male,79200.0,10600,debt_consolidation,0,17,5,0.1318,1,0,0,Month_3
CUST_100172,26,Working Age (25-55),Female,66800.0,23700,home_improvement,1,4,5,0.2438,1,0,1,Month_3
CUST_100173,35,Working Age (25-55),Male,37600.0,9000,debt_consolidation,2,14,13,0.4647,1,0,1,Month_3
CUST_100174,30,Working Age (25-55),Female,28900.0,10300,debt_consolidation,0,9,5,0.3187,0,0,1,Month_3
CUST_100175,45,Working Age (25-55),Male,54600.0,15200,home_improvement,1,15,12,0.3504,0,1,1,Month_3
CUST_100176,55,Working Age (25-55),Female,31800.0,4100,home_improvement,4,21,10,0.2366,0,1,0,Month_3
CUST_100177,38,Working Age (25-55),Male,141400.0,50000,debt_consolidation,0,4,9,0.1609,0,1,0,Month_3
CUST_100178,52,Working Age (25-55),Female,80600.0,36800,home_improvement,9,13,12,0.2593,1,0,1,Month_3
CUST_100179,54,Working Age (25-55),Female,39600.0,9700,credit_card,10,15,7,0.434,0,0,0,Month_3
CUST_100180,19,Young (<25),Male,46700.0,6400,debt_consolidation,1,11,4,0.1682,0,2,0,Month_3
CUST_100181,30,Working Age (25-55),Female,57800.0,22500,debt_consolidation,1,10,7,0.2642,0,0,0,Month_3
CUST_100182,55,Working Age (25-55),Female,119600.0,42800,credit_card,4,18,8,0.5758,0,0,1,Month_3
CUST_100183,19,Young (<25),Male,78500.0,35100,home_improvement,1,7,10,0.2288,0,3,1,Month_3
CUST_100184,47,Working Age (25-55),Female,105700.0,35800,credit_card,9,17,9,0.1502,0,0,0,Month_3
CUST_100185,19,Young (<25),Female,30500.0,12800,debt_consolidation,1,10,4,0.3466,0,0,1,Month_3
CUST_100186,24,Young (<25),Male,31900.0,8700,debt_consolidation,5,9,8,0.3183,0,2,1,Month_3
CUST_100187,52,Working Age (25-55),Female,68300.0,16400,credit_card,0,16,8,0.3973,0,1,1,Month_3
CUST_100188,24,Young (<25),Female,63400.0,27400,credit_card,3,8,9,0.2762,1,0,1,Month_3
CUST_100189,53,Working Age (25-55),Female,77800.0,37500,debt_consolidation,8,19,7,0.2622,0,1,0,Month_3
CUST_100190,42,Working Age (25-55),Male,19000.0,6000,medical,5,15,7,0.3352,0,2,1,Month_3
CUST_100191,37,Working Age (25-55),Male,52000.0,16100,credit_card,5,8,7,0.2912,0,2,1,Month_3
CUST_100192,19,Young (<25),Female,26700.0,8500,credit_card,1,8,4,0.2741,0,0,0,Month_3
CUST_100193,42,Working Age (25-55),Male,65400.0,14100,small_business,13,17,8,0.2694,0,1,0,Month_3
CUST_100194,29,Working Age (25-55),Male,44900.0,20800,medical,0,8,8,0.3848,0,0,1,Month_3
CUST_100195,26,Working Age (25-55),Male,46700.0,14300,debt_consolidation,6,2,8,0.2722,0,1,1,Month_3
CUST_100196,56,Senior (>55),Female,81600.0,9600,credit_card,1,18,7,0.1358,0,0,0,Month_3
CUST_100197,26,Working Age (25-55),Male,228000.0,41200,home_improvement,8,10,9,0.1477,0,0,0,Month_3
CUST_100198,38,Working Age (25-55),Male,45700.0,5200,home_improvement,12,9,5,0.3959,0,0,0,Month_3
CUST_100199,32,Working Age (25-55),Male,38200.0,8200,debt_consolidation,13,11,6,0.3705,0,0,0,Month_3
CUST_100200,29,Working Age (25-55),Male,27300.0,3800,home_improvement,0,10,5,0.2109,0,0,0,Month_3
CUST_100201,23,Young (<25),Female,75500.0,16700,small_business,5,8,8,0.2696,0,1,0,Month_3
CUST_100202,43,Working Age (25-55),Male,23200.0,3100,debt_consolidation,12,16,6,0.3772,0,0,0,Month_3
CUST_100203,56,Senior (>55),Male,33900.0,8300,debt_consolidation,16,20,7,0.2336,1,0,0,Month_3
CUST_100204,32,Working Age (25-55),Female,28800.0,9800,credit_card,14,8,5,0.1569,0,1,0,Month_3
CUST_100205,38,Working Age (25-55),Male,36000.0,5700,debt_consolidation,12,14,9,0.2338,0,1,1,Month_3
CUST_100206,44,Working Age (25-55),Female,35500.0,6500,home_improvement,3,12,6,0.5043,1,1,1,Month_3
CUST_100207,39,Working Age (25-55),Male,52500.0,10500,debt_consolidation,0,15,6,0.4539,0,3,1,Month_3
CUST_100208,46,Working Age (25-55),Male,44500.0,7000,debt_consolidation,2,14,8,0.1608,0,0,0,Month_3
CUST_100209,35,Working Age (25-55),Female,62600.0,25800,credit_card,17,12,6,0.39,0,0,1,Month_3
CUST_100210,53,Working Age (25-55),Male,66700.0,25100,debt_consolidation,4,16,14,0.1114,0,2,0,Month_3
CUST_100211,40,Working Age (25-55),Female,143700.0,31500,small_business,5,9,6,0.1649,0,2,0,Month_3
CUST_100212,40,Working Age (25-55),Male,38400.0,16400,credit_card,0,11,9,0.3259,0,0,1,Month_3
CUST_100213,31,Working Age (25-55),Female,50500.0,22400,debt_consolidation,5,9,5,0.3054,0,0,1,Month_3
CUST_100214,31,Working Age (25-55),Male,36200.0,16600,home_improvement,3,16,8,0.4388,0,1,1,Month_3
CUST_100215,66,Senior (>55),Male,100600.0,17400,home_improvement,6,20,10,0.1064,1,1,0,Month_3
CUST_100216,46,Working Age (25-55),Female,47300.0,12300,debt_consolidation,8,11,7,0.3194,0,0,0,Month_3
CUST_100217,45,Working Age (25-55),Male,52500.0,11900,debt_consolidation,0,15,9,0.4202,1,0,1,Month_3
CUST_100218,36,Working Age (25-55),Male,33300.0,14700,small_business,18,11,2,0.4674,1,2,1,Month_3
CUST_100219,41,Working Age (25-55),Male,21900.0,5200,home_improvement,11,14,5,0.1237,0,0,0,Month_3
CUST_100220,38,Working Age (25-55),Male,30000.0,13200,debt_consolidation,8,14,9,0.2298,1,0,1,Month_3
CUST_100221,45,Working Age (25-55),Female,16700.0,4000,credit_card,1,18,6,0.1801,0,0,0,Month_3
CUST_100222,50,Working Age (25-55),Female,64200.0,29700,debt_consolidation,5,17,3,0.3364,0,0,0,Month_3
CUST_100223,33,Working Age (25-55),Female,22700.0,2500,debt_consolidation,4,8,2,0.4409,0,0,1,Month_3
CUST_100224,38,Working Age (25-55),Female,43800.0,6100,debt_consolidation,3,16,10,0.1806,0,0,0,Month_3
CUST_100225,34,Working Age (25-55),Female,129400.0,16500,debt_consolidation,0,10,8,0.148,0,0,1,Month_3
CUST_100226,44,Working Age (25-55),Male,28600.0,9000,major_purchase,0,18,7,0.4414,0,0,0,Month_3
CUST_100227,37,Working Age (25-55),Male,100000.0,48100,credit_card,11,19,6,0.2168,0,0,0,Month_3
CUST_100228,31,Working Age (25-55),Male,49800.0,11300,home_improvement,13,12,5,0.2234,0,0,0,Month_3
CUST_100229,39,Working Age (25-55),Male,132200.0,17900,credit_card,2,16,9,0.2863,0,0,0,Month_3
CUST_100230,41,Working Age (25-55),Female,65800.0,28800,medical,1,14,5,0.4764,0,0,1,Month_3
CUST_100231,19,Young (<25),Male,80600.0,18700,debt_consolidation,1,10,8,0.3857,1,1,1,Month_3
CUST_100232,19,Young (<25),Female,43500.0,11400,debt_consolidation,1,2,11,0.112,0,0,0,Month_3
CUST_100233,22,Young (<25),Male,34400.0,8200,debt_consolidation,4,7,4,0.2671,0,1,1,Month_3
CUST_100234,32,Working Age (25-55),Female,78400.0,12900,debt_consolidation,1,14,4,0.1413,1,0,0,Month_3
CUST_100235,51,Working Age (25-55),Male,27400.0,9900,credit_card,1,14,7,0.2488,0,0,0,Month_3
CUST_100236,36,Working Age (25-55),Female,34200.0,12400,credit_card,7,13,4,0.117,0,0,0,Month_3
CUST_100237,49,Working Age (25-55),Male,55200.0,21100,credit_card,6,13,5,0.2229,0,0,0,Month_3
CUST_100238,47,Working Age (25-55),Male,56000.0,25700,credit_card,0,16,13,0.374,0,1,1,Month_3
CUST_100239,29,Working Age (25-55),Male,38500.0,16600,debt_consolidation,6,6,4,0.2434,0,0,0,Month_3
CUST_100240,19,Young (<25),Male,66700.0,9600,debt_consolidation,1,8,9,0.4455,0,2,1,Month_3
CUST_100241,24,Young (<25),Female,43800.0,15500,credit_card,6,10,7,0.2651,0,1,1,Month_3
CUST_100242,33,Working Age (25-55),Male,16700.0,6900,debt_consolidation,0,14,7,0.2778,0,0,0,Month_3
CUST_100243,48,Working Age (25-55),Male,93600.0,22500,debt_consolidation,8,16,8,0.2627,0,0,0,Month_3
CUST_100244,36,Working Age (25-55),Female,32800.0,10300,debt_consolidation,1,14,6,0.4999,0,0,1,Month_3
CUST_100245,30,Working Age (25-55),Male,49700.0,13100,small_business,0,9,8,0.2963,0,0,0,Month_3
CUST_100246,50,Working Age (25-55),Male,51500.0,16800,medical,1,22,8,0.261,0,0,0,Month_3
CUST_100247,32,Working Age (25-55),Female,111500.0,26000,credit_card,0,12,6,0.4634,0,1,1,Month_3
CUST_100248,36,Working Age (25-55),Female,55700.0,6900,credit_card,2,11,3,0.1918,0,1,0,Month_3
CUST_100249,51,Working Age (25-55),Male,39200.0,13800,debt_consolidation,2,25,3,0.1633,0,0,0,Month_3
CUST_100250,28,Working Age (25-55),Male,109000.0,49600,debt_consolidation,10,8,6,0.2186,0,1,1,Month_3
CUST_100251,34,Working Age (25-55),Female,22300.0,8100,debt_consolidation,0,16,5,0.1976,1,0,1,Month_3
CUST_100252,48,Working Age (25-55),Male,95300.0,36800,credit_card,1,15,8,0.09,0,0,0,Month_3
CUST_100253,40,Working Age (25-55),Male,54200.0,13100,debt_consolidation,2,15,3,0.4301,0,0,1,Month_3
CUST_100254,31,Working Age (25-55),Female,48600.0,13700,debt_consolidation,0,13,5,0.2167,0,0,0,Month_3
CUST_100255,35,Working Age (25-55),Female,46200.0,8900,credit_card,2,14,8,0.328,0,0,0,Month_3
CUST_100256,44,Working Age (25-55),Male,158200.0,41300,small_business,8,15,6,0.1434,0,1,0,Month_3
CUST_100257,27,Working Age (25-55),Female,40200.0,13900,debt_consolidation,3,9,7,0.3392,1,0,1,Month_3
CUST_100258,25,Working Age (25-55),Female,65800.0,27800,debt_consolidation,2,13,6,0.2603,0,0,0,Month_3
CUST_100259,46,Working Age (25-55),Female,57800.0,11200,small_business,4,15,4,0.1918,0,0,0,Month_3
CUST_100260,34,Working Age (25-55),Male,73800.0,34100,small_business,10,12,7,0.1423,0,0,0,Month_3
CUST_100261,21,Young (<25),Male,134600.0,44900,credit_card,3,8,8,0.3804,0,1,1,Month_3
CUST_100262,37,Working Age (25-55),Male,68300.0,15500,debt_consolidation,12,10,4,0.3283,0,1,0,Month_3
CUST_100263,32,Working Age (25-55),Male,45100.0,15200,home_improvement,2,8,6,0.3051,1,0,1,Month_3
CUST_100264,33,Working Age (25-55),Female,22100.0,6700,debt_consolidation,0,11,7,0.1938,1,0,1,Month_3
CUST_100265,36,Working Age (25-55),Male,36400.0,8700,debt_consolidation,10,16,8,0.2334,0,0,0,Month_3
CUST_100266,23,Young (<25),Male,59500.0,21800,debt_consolidation,1,9,8,0.2909,0,0,1,Month_3
CUST_100267,40,Working Age (25-55),Male,29900.0,11200,major_purchase,6,11,9,0.1438,0,0,0,Month_3
CUST_100268,48,Working Age (25-55),Male,50400.0,13700,debt_consolidation,4,19,8,0.3034,0,1,0,Month_3
CUST_100269,48,Working Age (25-55),Female,120700.0,34500,home_improvement,0,13,10,0.1424,0,1,0,Month_3
CUST_100270,30,Working Age (25-55),Female,34900.0,4700,debt_consolidation,1,6,2,0.1633,0,3,0,Month_3
CUST_100271,32,Working Age (25-55),Female,53700.0,8900,debt_consolidation,2,11,3,0.2098,0,0,0,Month_3
CUST_100272,26,Working Age (25-55),Male,105200.0,39400,debt_consolidation,0,5,11,0.1651,0,0,0,Month_3
CUST_100273,31,Working Age (25-55),Female,35200.0,13000,small_business,13,15,8,0.1943,0,0,0,Month_3
CUST_100274,60,Senior (>55),Female,85700.0,11000,credit_card,6,23,4,0.3325,0,0,0,Month_3
CUST_100275,42,Working Age (25-55),Female,36600.0,7000,home_improvement,1,12,5,0.3373,0,0,0,Month_3
CUST_100276,49,Working Age (25-55),Female,51300.0,7100,debt_consolidation,10,23,7,0.1275,1,3,0,Month_3
CUST_100277,48,Working Age (25-55),Male,33500.0,6400,credit_card,1,16,11,0.1084,0,2,0,Month_3
CUST_100278,60,Senior (>55),Female,133700.0,23200,debt_consolidation,1,24,5,0.3245,0,0,0,Month_3
CUST_100279,26,Working Age (25-55),Female,53300.0,23700,debt_consolidation,8,8,9,0.2642,1,0,1,Month_3
CUST_100280,19,Young (<25),Male,73000.0,12800,credit_card,0,8,3,0.3303,0,0,0,Month_3
CUST_100281,41,Working Age (25-55),Female,52500.0,13600,credit_card,0,12,10,0.2711,0,1,1,Month_3
CUST_100282,19,Young (<25),Female,26300.0,6600,major_purchase,1,9,4,0.1636,0,0,0,Month_3
CUST_100283,38,Working Age (25-55),Female,48700.0,16200,small_business,3,20,9,0.2647,0,0,0,Month_3
CUST_100284,35,Working Age (25-55),Male,76400.0,11200,small_business,0,12,11,0.2224,0,0,0,Month_3
CUST_100285,31,Working Age (25-55),Female,43600.0,12500,debt_consolidation,1,7,11,0.5312,0,0,1,Month_3
CUST_100286,43,Working Age (25-55),Male,30200.0,4500,debt_consolidation,7,12,5,0.2795,0,0,0,Month_3
CUST_100287,35,Working Age (25-55),Male,98200.0,45100,home_improvement,13,13,6,0.2585,1,0,1,Month_3
CUST_100288,33,Working Age (25-55),Male,45100.0,12500,credit_card,4,14,4,0.292,0,3,0,Month_3
CUST_100289,27,Working Age (25-55),Male,114100.0,22800,debt_consolidation,4,14,6,0.2572,0,0,0,Month_3
CUST_100290,50,Working Age (25-55),Male,25200.0,8600,credit_card,17,21,4,0.1334,0,0,1,Month_3
CUST_100291,45,Working Age (25-55),Female,66100.0,23500,credit_card,8,11,5,0.3191,0,0,0,Month_3
CUST_100292,34,Working Age (25-55),Male,53200.0,13800,debt_consolidation,2,9,8,0.3915,1,1,1,Month_3
CUST_100293,44,Working Age (25-55),Male,25800.0,9500,credit_card,3,19,7,0.1801,0,0,0,Month_3
CUST_100294,48,Working Age (25-55),Male,31300.0,3500,debt_consolidation,0,15,10,0.3105,0,0,0,Month_3
CUST_100295,47,Working Age (25-55),Female,29700.0,5900,home_improvement,0,13,7,0.09,0,0,0,Month_3
CUST_100296,22,Young (<25),Female,23200.0,7200,credit_card,4,5,6,0.1086,0,0,0,Month_3
CUST_100297,34,Working Age (25-55),Male,53400.0,18400,debt_consolidation,4,8,7,0.09,0,0,0,Month_3
CUST_100298,37,Working Age (25-55),Male,23800.0,3300,home_improvement,10,11,5,0.1814,0,0,0,Month_3
CUST_100299,33,Working Age (25-55),Male,40700.0,8300,debt_consolidation,0,7,9,0.2691,0,0,0,Month_3
CUST_100300,48,Working Age (25-55),Male,91600.0,36800,credit_card,7,17,5,0.2362,0,0,0,Month_3
CUST_100301,49,Working Age (25-55),Male,49800.0,7200,credit_card,0,16,8,0.1033,0,0,0,Month_3
CUST_100302,38,Working Age (25-55),Female,119000.0,50000,debt_consolidation,4,11,7,0.2283,0,0,1,Month_3
CUST_100303,34,Working Age (25-55),Male,61800.0,20100,major_purchase,3,8,8,0.2418,0,2,1,Month_3
CUST_100304,42,Working Age (25-55),Female,66700.0,18200,debt_consolidation,1,9,10,0.4322,0,3,1,Month_3
CUST_100305,29,Working Age (25-55),Male,34700.0,14800,debt_consolidation,10,7,12,0.2513,1,0,1,Month_3
CUST_100306,41,Working Age (25-55),Male,49400.0,22700,credit_card,17,15,3,0.1335,0,0,0,Month_3
CUST_100307,40,Working Age (25-55),Male,65000.0,12900,debt_consolidation,2,17,1,0.1395,0,2,0,Month_3
CUST_100308,42,Working Age (25-55),Female,27900.0,5700,major_purchase,11,12,6,0.4543,0,0,1,Month_3
CUST_100309,39,Working Age (25-55),Female,108700.0,33500,debt_consolidation,0,12,5,0.1394,0,0,0,Month_3
CUST_100310,49,Working Age (25-55),Male,50600.0,20400,major_purchase,5,18,5,0.2525,0,0,0,Month_3
CUST_100311,46,Working Age (25-55),Female,34300.0,9500,credit_card,3,18,9,0.2917,0,0,0,Month_3
CUST_100312,57,Senior (>55),Female,35700.0,12200,debt_consolidation,0,17,5,0.2141,0,0,0,Month_3
CUST_100313,43,Working Age (25-55),Male,52900.0,7100,credit_card,1,15,9,0.3248,0,0,0,Month_3
CUST_100314,49,Working Age (25-55),Female,94700.0,13100,debt_consolidation,2,16,4,0.3832,0,0,0,Month_3
CUST_100315,32,Working Age (25-55),Male,62200.0,9800,credit_card,0,10,4,0.373,0,1,1,Month_3
CUST_100316,58,Senior (>55),Male,90800.0,14900,major_purchase,4,20,10,0.152,0,0,0,Month_3
CUST_100317,31,Working Age (25-55),Female,86900.0,39000,debt_consolidation,0,8,1,0.4305,0,0,1,Month_3
CUST_100318,44,Working Age (25-55),Male,24500.0,8900,small_business,1,12,4,0.4457,0,0,1,Month_3
CUST_100319,45,Working Age (25-55),Female,30800.0,12300,debt_consolidation,7,14,10,0.1774,0,0,0,Month_3
CUST_100320,30,Working Age (25-55),Male,26900.0,10600,debt_consolidation,5,9,7,0.1495,0,1,0,Month_3
CUST_100321,47,Working Age (25-55),Male,74100.0,35300,credit_card,17,17,7,0.4565,1,0,1,Month_3
CUST_100322,39,Working Age (25-55),Female,72000.0,19600,debt_consolidation,6,13,12,0.2788,0,0,0,Month_3
CUST_100323,44,Working Age (25-55),Male,53200.0,15300,debt_consolidation,2,18,10,0.4015,0,1,1,Month_3
CUST_100324,24,Young (<25),Female,41700.0,16500,debt_consolidation,1,4,9,0.4938,1,0,1,Month_3
CUST_100325,26,Working Age (25-55),Male,121800.0,50000,debt_consolidation,0,6,8,0.1159,0,0,0,Month_3
CUST_100326,35,Working Age (25-55),Male,84500.0,26000,small_business,6,8,4,0.2542,0,0,0,Month_3
CUST_100327,61,Senior (>55),Female,96400.0,18200,major_purchase,1,21,15,0.2466,0,0,0,Month_3
CUST_100328,33,Working Age (25-55),Male,49800.0,9100,debt_consolidation,1,11,9,0.1092,0,0,0,Month_3
CUST_100329,56,Senior (>55),Female,46100.0,21700,debt_consolidation,3,19,4,0.1321,0,1,0,Month_3
CUST_100330,54,Working Age (25-55),Female,96800.0,20500,credit_card,2,18,7,0.6561,0,0,1,Month_3
CUST_100331,66,Senior (>55),Male,48200.0,13800,home_improvement,0,20,8,0.188,0,1,0,Month_3
CUST_100332,59,Senior (>55),Male,33700.0,7800,credit_card,4,20,10,0.2018,1,0,0,Month_3
CUST_100333,49,Working Age (25-55),Female,86000.0,40500,credit_card,7,13,8,0.2055,0,1,0,Month_3
CUST_100334,24,Young (<25),Male,142000.0,50000,debt_consolidation,6,15,8,0.1126,0,0,0,Month_3
CUST_100335,31,Working Age (25-55),Male,43600.0,17200,debt_consolidation,1,9,7,0.1711,0,0,0,Month_3
CUST_100336,43,Working Age (25-55),Male,22900.0,3900,debt_consolidation,5,14,4,0.1284,0,0,0,Month_3
CUST_100337,56,Senior (>55),Male,84200.0,39000,major_purchase,0,20,9,0.2243,0,0,1,Month_3
CUST_100338,34,Working Age (25-55),Male,29600.0,5500,major_purchase,1,11,8,0.2328,1,0,1,Month_3
CUST_100339,52,Working Age (25-55),Male,241800.0,50000,credit_card,2,18,4,0.3667,0,0,0,Month_3
CUST_100340,47,Working Age (25-55),Female,16700.0,6100,home_improvement,2,14,5,0.5647,1,0,1,Month_3
CUST_100341,46,Working Age (25-55),Female,60400.0,11700,debt_consolidation,2,19,13,0.2273,0,0,0,Month_3
CUST_100342,52,Working Age (25-55),Male,117500.0,43000,debt_consolidation,11,15,6,0.301,0,0,1,Month_3
CUST_100343,50,Working Age (25-55),Male,33800.0,6300,small_business,9,19,3,0.1501,1,0,0,Month_3
CUST_100344,24,Young (<25),Female,41300.0,6500,home_improvement,1,12,3,0.1567,0,0,0,Month_3
CUST_100345,38,Working Age (25-55),Male,76900.0,26400,home_improvement,0,11,6,0.2194,0,0,0,Month_3
CUST_100346,47,Working Age (25-55),Female,31100.0,11200,medical,4,11,11,0.1465,1,0,0,Month_3
CUST_100347,25,Working Age (25-55),Male,49100.0,13400,small_business,1,12,6,0.5044,0,0,1,Month_3
CUST_100348,50,Working Age (25-55),Female,27300.0,4800,debt_consolidation,10,16,5,0.4051,0,0,0,Month_3
CUST_100349,31,Working Age (25-55),Male,32100.0,6900,home_improvement,1,11,3,0.1309,1,0,1,Month_3
CUST_100350,49,Working Age (25-55),Male,83500.0,11900,debt_consolidation,0,14,7,0.5332,0,0,1,Month_3
CUST_100351,55,Working Age (25-55),Male,86300.0,24800,credit_card,8,15,3,0.2925,0,0,0,Month_3
CUST_100352,37,Working Age (25-55),Male,105500.0,32000,small_business,2,8,13,0.2137,0,1,0,Month_3
CUST_100353,46,Working Age (25-55),Male,67300.0,15900,credit_card,1,17,8,0.2041,0,2,0,Month_3
CUST_100354,37,Working Age (25-55),Male,43800.0,12300,debt_consolidation,6,17,11,0.2729,0,0,0,Month_3
CUST_100355,32,Working Age (25-55),Female,58600.0,9900,credit_card,8,10,12,0.1727,0,0,0,Month_3
CUST_100356,34,Working Age (25-55),Male,59100.0,8100,small_business,4,8,4,0.2698,0,0,0,Month_3
CUST_100357,33,Working Age (25-55),Male,88400.0,34900,debt_consolidation,1,8,5,0.1109,0,1,0,Month_3
CUST_100358,41,Working Age (25-55),Female,38200.0,13900,major_purchase,0,13,8,0.3377,0,0,1,Month_3
CUST_100359,46,Working Age (25-55),Male,57800.0,10300,home_improvement,7,20,10,0.2128,1,0,0,Month_3
CUST_100360,36,Working Age (25-55),Female,42200.0,19900,debt_consolidation,0,16,5,0.1082,1,0,0,Month_3
CUST_100361,39,Working Age (25-55),Female,68700.0,31000,credit_card,8,11,11,0.3994,0,0,1,Month_3
CUST_100362,32,Working Age (25-55),Male,48300.0,7200,debt_consolidation,0,14,8,0.3018,1,0,1,Month_3
CUST_100363,30,Working Age (25-55),Female,45600.0,19100,home_improvement,7,7,6,0.3173,0,0,1,Month_3
CUST_100364,46,Working Age (25-55),Male,48800.0,6200,debt_consolidation,3,15,6,0.4863,1,0,1,Month_3
CUST_100365,46,Working Age (25-55),Female,131000.0,21800,home_improvement,1,18,3,0.1039,0,1,0,Month_3
CUST_100366,30,Working Age (25-55),Female,35900.0,12100,debt_consolidation,7,14,4,0.345,0,0,0,Month_3
CUST_100367,41,Working Age (25-55),Female,73800.0,25500,debt_consolidation,3,18,5,0.3995,0,2,1,Month_3
CUST_100368,67,Senior (>55),Female,31700.0,9100,debt_consolidation,6,25,13,0.4063,0,0,0,Month_3
CUST_100369,41,Working Age (25-55),Male,42800.0,13400,home_improvement,1,11,11,0.1977,1,0,1,Month_3
CUST_100370,42,Working Age (25-55),Female,83700.0,36400,debt_consolidation,1,16,4,0.4422,1,0,1,Month_3
CUST_100371,29,Working Age (25-55),Male,18000.0,5100,credit_card,6,7,12,0.296,0,0,0,Month_3
CUST_100372,43,Working Age (25-55),Female,16700.0,4900,major_purchase,9,13,6,0.1417,0,1,0,Month_3
CUST_100373,19,Young (<25),Male,23200.0,5800,credit_card,1,8,8,0.4558,1,0,1,Month_3
CUST_100374,35,Working Age (25-55),Female,30000.0,13700,credit_card,5,14,9,0.3025,0,0,0,Month_3
CUST_100375,36,Working Age (25-55),Male,35100.0,12400,debt_consolidation,3,13,7,0.1403,0,0,0,Month_3
CUST_100376,39,Working Age (25-55),Male,23100.0,8300,credit_card,5,12,4,0.1725,0,0,0,Month_3
CUST_100377,33,Working Age (25-55),Female,95000.0,35000,small_business,1,9,11,0.3949,1,0,1,Month_3
CUST_100378,43,Working Age (25-55),Male,138800.0,37200,debt_consolidation,1,15,7,0.2344,0,1,0,Month_3
CUST_100379,26,Working Age (25-55),Female,62400.0,18400,small_business,4,10,7,0.2432,0,0,0,Month_3
CUST_100380,44,Working Age (25-55),Male,27800.0,12900,debt_consolidation,0,10,10,0.3914,0,0,1,Month_3
CUST_100381,63,Senior (>55),Female,139700.0,49300,debt_consolidation,1,28,13,0.2041,0,0,0,Month_3
CUST_100382,41,Working Age (25-55),Male,103000.0,47300,debt_consolidation,0,14,12,0.4144,0,1,1,Month_3
CUST_100383,42,Working Age (25-55),Male,50600.0,23800,small_business,12,14,4,0.1534,1,0,0,Month_3
CUST_100384,22,Young (<25),Female,155500.0,39000,credit_card,4,8,8,0.2828,0,0,0,Month_3
CUST_100385,19,Young (<25),Female,18000.0,2800,debt_consolidation,1,6,11,0.3537,0,0,1,Month_3
CUST_100386,42,Working Age (25-55),Male,38000.0,10800,small_business,2,18,10,0.2985,0,0,0,Month_3
CUST_100387,60,Senior (>55),Male,33900.0,12700,debt_consolidation,0,26,9,0.2343,0,0,0,Month_3
CUST_100388,47,Working Age (25-55),Female,45800.0,15500,debt_consolidation,0,15,3,0.1265,0,0,0,Month_3
CUST_100389,42,Working Age (25-55),Male,117800.0,45500,debt_consolidation,2,19,4,0.2475,1,0,1,Month_3
CUST_100390,58,Senior (>55),Male,18000.0,4800,credit_card,1,18,8,0.1679,0,0,0,Month_3
CUST_100391,35,Working Age (25-55),Male,45400.0,14900,major_purchase,2,10,9,0.4036,0,0,1,Month_3
CUST_100392,19,Young (<25),Female,32100.0,4900,debt_consolidation,0,8,5,0.224,0,0,0,Month_3
CUST_100393,42,Working Age (25-55),Female,50800.0,20600,home_improvement,1,11,10,0.123,0,0,0,Month_3
CUST_100394,30,Working Age (25-55),Male,41400.0,6000,debt_consolidation,0,8,3,0.3237,0,0,0,Month_3
CUST_100395,28,Working Age (25-55),Male,44100.0,18500,credit_card,0,12,7,0.193,0,0,0,Month_3
CUST_100396,26,Working Age (25-55),Male,52500.0,20600,debt_consolidation,6,8,4,0.0958,1,0,0,Month_3
CUST_100397,32,Working Age (25-55),Female,52000.0,11000,credit_card,2,9,8,0.2505,0,0,0,Month_3
CUST_100398,47,Working Age (25-55),Female,24500.0,3100,debt_consolidation,2,15,8,0.3206,0,1,1,Month_3
CUST_100399,40,Working Age (25-55),Female,29400.0,7600,credit_card,0,16,4,0.157,0,0,0,Month_3
CUST_100400,55,Working Age (25-55),Male,31100.0,5600,major_purchase,3,17,7,0.2456,0,2,0,Month_3
CUST_100401,45,Working Age (25-55),Male,25200.0,8300,major_purchase,0,15,9,0.3847,0,0,1,Month_3
CUST_100402,27,Working Age (25-55),Female,36400.0,16700,credit_card,0,8,8,0.4242,0,0,1,Month_3
CUST_100403,38,Working Age (25-55),Female,39200.0,13300,debt_consolidation,2,15,12,0.3311,0,0,0,Month_3
CUST_100404,45,Working Age (25-55),Female,127700.0,50000,debt_consolidation,1,12,6,0.4531,0,3,1,Month_3
CUST_100405,19,Young (<25),Male,61000.0,8900,debt_consolidation,1,12,5,0.2421,0,0,0,Month_3
CUST_100406,37,Working Age (25-55),Male,64100.0,11600,debt_consolidation,5,13,4,0.1665,0,0,0,Month_3
CUST_100407,33,Working Age (25-55),Male,50300.0,20100,home_improvement,14,12,8,0.2248,0,0,0,Month_3
CUST_100408,51,Working Age (25-55),Male,48500.0,18900,debt_consolidation,0,18,6,0.268,0,0,0,Month_3
CUST_100409,57,Senior (>55),Male,42000.0,7200,debt_consolidation,4,22,6,0.5883,1,0,0,Month_3
CUST_100410,51,Working Age (25-55),Male,38700.0,11000,credit_card,8,17,11,0.1369,0,0,0,Month_3
CUST_100411,48,Working Age (25-55),Male,64800.0,31300,small_business,6,14,6,0.3715,0,0,1,Month_3
CUST_100412,41,Working Age (25-55),Female,19300.0,7300,debt_consolidation,2,12,6,0.2071,0,3,0,Month_3
CUST_100413,43,Working Age (25-55),Female,101500.0,20600,debt_consolidation,2,16,7,0.5109,0,0,1,Month_3
CUST_100414,46,Working Age (25-55),Female,34100.0,7200,credit_card,0,17,9,0.2426,0,0,0,Month_3
CUST_100415,51,Working Age (25-55),Female,103200.0,20300,debt_consolidation,4,23,11,0.5283,1,0,1,Month_3
CUST_100416,32,Working Age (25-55),Female,95200.0,18700,credit_card,14,10,7,0.2073,0,2,0,Month_3
CUST_100417,19,Young (<25),Female,42500.0,16500,debt_consolidation,1,7,6,0.1165,0,1,0,Month_3
CUST_100418,41,Working Age (25-55),Female,64000.0,19400,credit_card,1,13,10,0.1504,0,2,0,Month_3
CUST_100419,48,Working Age (25-55),Female,64000.0,10100,debt_consolidation,4,14,8,0.274,0,0,0,Month_3
CUST_100420,39,Working Age (25-55),Male,89200.0,22800,home_improvement,6,17,6,0.3028,0,0,0,Month_3
CUST_100421,51,Working Age (25-55),Male,45300.0,17300,credit_card,9,21,7,0.3645,1,1,1,Month_3
CUST_100422,29,Working Age (25-55),Female,39600.0,18500,debt_consolidation,1,10,5,0.2953,0,1,1,Month_3
CUST_100423,55,Working Age (25-55),Female,106800.0,31500,credit_card,2,16,7,0.3296,0,0,0,Month_3
CUST_100424,25,Working Age (25-55),Male,75100.0,23000,debt_consolidation,7,9,7,0.1909,0,0,0,Month_3
CUST_100425,30,Working Age (25-55),Male,55500.0,19700,debt_consolidation,2,8,2,0.4858,0,1,1,Month_3
CUST_100426,39,Working Age (25-55),Female,41700.0,11400,major_purchase,6,12,2,0.1383,1,0,1,Month_3
CUST_100427,46,Working Age (25-55),Female,36600.0,13800,debt_consolidation,3,22,13,0.1996,0,0,0,Month_3
CUST_100428,37,Working Age (25-55),Male,58500.0,26600,debt_consolidation,1,12,13,0.3594,0,1,1,Month_3
CUST_100429,43,Working Age (25-55),Female,51200.0,5500,debt_consolidation,1,17,5,0.374,0,0,0,Month_3
CUST_100430,28,Working Age (25-55),Male,17900.0,5100,credit_card,9,15,7,0.1458,1,0,0,Month_3
CUST_100431,42,Working Age (25-55),Female,156100.0,50000,debt_consolidation,1,14,8,0.1975,0,1,0,Month_3
CUST_100432,46,Working Age (25-55),Female,61000.0,21200,debt_consolidation,2,16,9,0.374,0,1,1,Month_3
CUST_100433,52,Working Age (25-55),Male,108700.0,27100,major_purchase,1,22,12,0.2378,0,1,0,Month_3
CUST_100434,55,Working Age (25-55),Male,52900.0,10100,credit_card,2,15,7,0.2945,0,0,0,Month_3
CUST_100435,41,Working Age (25-55),Male,40500.0,15800,debt_consolidation,4,17,7,0.3833,0,0,1,Month_3
CUST_100436,40,Working Age (25-55),Female,45100.0,9600,debt_consolidation,2,17,10,0.3449,0,0,0,Month_3
CUST_100437,23,Young (<25),Female,65900.0,29500,credit_card,5,2,8,0.1882,0,1,1,Month_3
CUST_100438,38,Working Age (25-55),Female,41000.0,10500,credit_card,3,14,7,0.3905,1,0,1,Month_3
CUST_100439,44,Working Age (25-55),Female,102100.0,24100,credit_card,7,15,7,0.2885,0,1,0,Month_3
CUST_100440,39,Working Age (25-55),Male,32000.0,15300,debt_consolidation,10,14,9,0.1686,0,0,0,Month_3
CUST_100441,19,Young (<25),Female,22800.0,9800,debt_consolidation,1,6,12,0.4341,0,1,1,Month_3
CUST_100442,41,Working Age (25-55),Male,16700.0,3700,major_purchase,1,10,11,0.1841,0,0,1,Month_3
CUST_100443,47,Working Age (25-55),Male,77600.0,35600,credit_card,8,13,4,0.2378,0,1,0,Month_3
CUST_100444,51,Working Age (25-55),Female,24500.0,8200,credit_card,2,18,5,0.1165,0,3,0,Month_3
CUST_100445,48,Working Age (25-55),Female,19300.0,7100,credit_card,1,15,4,0.281,0,1,1,Month_3
CUST_100446,34,Working Age (25-55),Female,58400.0,20200,debt_consolidation,2,10,8,0.2896,0,0,1,Month_3
CUST_100447,52,Working Age (25-55),Male,33100.0,4000,debt_consolidation,13,18,14,0.298,0,0,0,Month_3
CUST_100448,46,Working Age (25-55),Male,29400.0,9900,debt_consolidation,1,14,8,0.3473,0,0,1,Month_3
CUST_100449,38,Working Age (25-55),Female,53800.0,18100,medical,6,12,17,0.5676,0,0,1,Month_3
CUST_100450,49,Working Age (25-55),Female,37500.0,4200,credit_card,0,14,7,0.5438,0,0,1,Month_3
CUST_100451,19,Young (<25),Female,35800.0,9500,debt_consolidation,1,6,5,0.3276,0,0,1,Month_3
CUST_100452,42,Working Age (25-55),Male,46600.0,8600,home_improvement,2,16,4,0.1993,0,2,0,Month_3
CUST_100453,47,Working Age (25-55),Female,148700.0,50000,credit_card,5,14,8,0.1334,0,1,0,Month_3
CUST_100454,54,Working Age (25-55),Male,41300.0,5200,debt_consolidation,19,18,9,0.3739,0,0,0,Month_3
CUST_100455,53,Working Age (25-55),Female,30300.0,9000,debt_consolidation,9,13,4,0.2528,0,0,0,Month_3
CUST_100456,49,Working Age (25-55),Female,80700.0,22500,debt_consolidation,2,18,6,0.2084,0,0,0,Month_3
CUST_100457,26,Working Age (25-55),Female,32800.0,4800,home_improvement,5,8,5,0.2513,0,0,0,Month_3
CUST_100458,47,Working Age (25-55),Male,38300.0,7200,debt_consolidation,7,20,4,0.1306,1,0,0,Month_3
CUST_100459,53,Working Age (25-55),Female,91100.0,43000,credit_card,5,13,5,0.1805,0,0,0,Month_3
CUST_100460,19,Young (<25),Male,25700.0,10700,debt_consolidation,1,3,5,0.2257,0,0,0,Month_3
CUST_100461,55,Working Age (25-55),Female,42500.0,17200,debt_consolidation,16,21,8,0.2817,0,0,0,Month_3
CUST_100462,29,Working Age (25-55),Female,43200.0,12300,home_improvement,3,5,7,0.162,0,0,0,Month_3
CUST_100463,19,Young (<25),Female,17500.0,7800,major_purchase,1,5,10,0.2348,1,0,1,Month_3
CUST_100464,47,Working Age (25-55),Female,47700.0,13000,debt_consolidation,1,16,6,0.3531,0,0,0,Month_3
CUST_100465,38,Working Age (25-55),Female,43100.0,12600,small_business,5,10,9,0.1357,0,0,0,Month_3
CUST_100466,43,Working Age (25-55),Male,43600.0,17400,debt_consolidation,4,17,4,0.1561,0,0,0,Month_3
CUST_100467,41,Working Age (25-55),Female,16700.0,4600,debt_consolidation,0,15,10,0.3063,0,0,0,Month_3
CUST_100468,27,Working Age (25-55),Male,21900.0,5000,debt_consolidation,2,14,4,0.3744,1,3,1,Month_3
CUST_100469,38,Working Age (25-55),Male,68000.0,24400,debt_consolidation,5,15,6,0.3411,0,0,0,Month_3
CUST_100470,32,Working Age (25-55),Female,16700.0,5200,credit_card,4,9,6,0.482,0,1,1,Month_3
CUST_100471,30,Working Age (25-55),Female,59500.0,26500,home_improvement,3,12,5,0.4035,0,3,1,Month_3
CUST_100472,33,Working Age (25-55),Female,31900.0,11900,debt_consolidation,0,11,1,0.1957,1,1,1,Month_3
CUST_100473,51,Working Age (25-55),Male,17400.0,6600,debt_consolidation,2,28,3,0.3756,0,0,0,Month_3
CUST_100474,45,Working Age (25-55),Male,68000.0,23600,debt_consolidation,13,16,9,0.3783,0,0,0,Month_3
CUST_100475,43,Working Age (25-55),Male,28200.0,9500,home_improvement,4,13,7,0.2139,0,0,0,Month_3
CUST_100476,29,Working Age (25-55),Male,58600.0,19600,debt_consolidation,3,13,13,0.149,0,0,0,Month_3
CUST_100477,23,Young (<25),Female,68900.0,30900,credit_card,2,9,8,0.2327,0,1,1,Month_3
CUST_100478,57,Senior (>55),Female,32900.0,14300,credit_card,9,15,10,0.1031,1,0,0,Month_3
CUST_100479,27,Working Age (25-55),Female,70100.0,28200,debt_consolidation,4,11,9,0.2513,0,0,0,Month_3
CUST_100480,41,Working Age (25-55),Female,81400.0,39100,debt_consolidation,2,10,8,0.1795,0,0,0,Month_3
CUST_100481,29,Working Age (25-55),Male,59500.0,19700,debt_consolidation,4,15,8,0.2524,0,0,0,Month_3
CUST_100482,36,Working Age (25-55),Female,112800.0,16500,debt_consolidation,2,11,8,0.1913,0,0,0,Month_3
CUST_100483,19,Young (<25),Female,111600.0,22200,major_purchase,1,7,6,0.1068,0,0,0,Month_3
CUST_100484,46,Working Age (25-55),Female,52600.0,5900,credit_card,15,15,10,0.3878,0,0,0,Month_3
CUST_100485,37,Working Age (25-55),Male,23800.0,3000,debt_consolidation,0,17,5,0.1575,0,0,0,Month_3
CUST_100486,37,Working Age (25-55),Female,26300.0,4600,debt_consolidation,2,10,1,0.341,0,0,1,Month_3
CUST_100487,42,Working Age (25-55),Female,37900.0,7000,debt_consolidation,3,10,9,0.3804,0,0,1,Month_3
CUST_100488,58,Senior (>55),Male,24100.0,10100,credit_card,4,16,4,0.1362,1,1,1,Month_3
CUST_100489,42,Working Age (25-55),Female,45600.0,20600,credit_card,19,14,8,0.2458,0,2,0,Month_3
CUST_100490,27,Working Age (25-55),Male,54500.0,9200,debt_consolidation,0,6,4,0.3065,0,0,0,Month_3
CUST_100491,19,Young (<25),Female,52500.0,21400,credit_card,1,7,5,0.3766,0,2,1,Month_3
CUST_100492,32,Working Age (25-55),Female,24900.0,8600,debt_consolidation,1,11,3,0.2325,0,0,0,Month_3
CUST_100493,36,Working Age (25-55),Female,38700.0,6400,medical,3,15,9,0.2002,1,0,0,Month_3
CUST_100494,42,Working Age (25-55),Male,36500.0,4300,debt_consolidation,1,14,7,0.3046,0,0,0,Month_3
CUST_100495,32,Working Age (25-55),Male,45600.0,20900,debt_consolidation,6,10,6,0.1625,0,0,0,Month_3
CUST_100496,23,Young (<25),Female,28800.0,6600,debt_consolidation,1,5,6,0.1463,0,0,0,Month_3
CUST_100497,52,Working Age (25-55),Female,203600.0,44300,debt_consolidation,5,22,9,0.1387,0,0,0,Month_3
CUST_100498,48,Working Age (25-55),Male,47900.0,10600,debt_consolidation,0,18,8,0.2339,0,0,0,Month_3
CUST_100499,33,Working Age (25-55),Female,66100.0,31900,debt_consolidation,2,10,3,0.1755,0,0,0,Month_3
CUST_100500,46,Working Age (25-55),Female,64600.0,18800,debt_consolidation,2,19,6,0.1515,0,0,0,Month_3
CUST_100501,41,Working Age (25-55),Female,19300.0,5300,major_purchase,4,14,7,0.2533,0,0,0,Month_3
CUST_100502,26,Working Age (25-55),Male,66100.0,31200,credit_card,0,8,3,0.154,0,0,0,Month_3
CUST_100503,30,Working Age (25-55),Female,18600.0,2900,debt_consolidation,0,4,5,0.1895,0,0,0,Month_3
CUST_100504,55,Working Age (25-55),Male,58200.0,25000,medical,0,26,10,0.1367,0,1,0,Month_3
CUST_100505,37,Working Age (25-55),Male,35100.0,9000,major_purchase,19,16,6,0.09,0,2,0,Month_3
CUST_100506,38,Working Age (25-55),Male,36000.0,13600,credit_card,5,11,10,0.2963,0,2,1,Month_3
CUST_100507,40,Working Age (25-55),Male,52800.0,12100,small_business,6,13,7,0.2444,0,0,0,Month_3
CUST_100508,46,Working Age (25-55),Female,46600.0,20400,debt_consolidation,1,14,5,0.3146,0,0,1,Month_3
CUST_100509,48,Working Age (25-55),Female,94400.0,37800,small_business,0,16,3,0.3367,0,0,1,Month_3
CUST_100510,52,Working Age (25-55),Male,27800.0,8900,credit_card,0,17,5,0.3286,0,0,0,Month_3
CUST_100511,28,Working Age (25-55),Male,77600.0,26100,credit_card,2,13,5,0.1274,0,0,0,Month_3
CUST_100512,51,Working Age (25-55),Male,52600.0,13600,credit_card,5,15,8,0.3303,0,0,0,Month_3
CUST_100513,37,Working Age (25-55),Female,114700.0,47300,home_improvement,0,15,8,0.4417,0,0,1,Month_3
CUST_100514,19,Young (<25),Female,71100.0,17300,major_purchase,1,8,12,0.2923,0,0,0,Month_3
CUST_100515,51,Working Age (25-55),Female,29300.0,8900,medical,1,15,1,0.4698,0,0,1,Month_3
CUST_100516,58,Senior (>55),Female,91100.0,16700,credit_card,0,23,4,0.3237,0,0,0,Month_3
CUST_100517,36,Working Age (25-55),Female,36000.0,6000,debt_consolidation,1,12,5,0.1568,0,0,0,Month_3
CUST_100518,39,Working Age (25-55),Female,37900.0,5600,debt_consolidation,1,9,5,0.2041,0,3,0,Month_3
CUST_100519,59,Senior (>55),Male,24300.0,8900,major_purchase,0,19,3,0.383,0,1,1,Month_3
CUST_100520,19,Young (<25),Male,45800.0,8600,debt_consolidation,1,3,8,0.1977,0,1,0,Month_3
CUST_100521,34,Working Age (25-55),Male,79900.0,18800,debt_consolidation,2,10,9,0.2831,1,1,1,Month_3
CUST_100522,51,Working Age (25-55),Female,36600.0,13500,home_improvement,3,19,9,0.2703,0,1,1,Month_3
CUST_100523,45,Working Age (25-55),Male,81800.0,24900,debt_consolidation,1,12,5,0.4181,1,0,1,Month_3
CUST_100524,37,Working Age (25-55),Male,49300.0,19900,credit_card,9,12,11,0.3729,0,0,1,Month_3
CUST_100525,43,Working Age (25-55),Female,50000.0,18700,home_improvement,0,13,8,0.3131,0,1,1,Month_3
CUST_100526,34,Working Age (25-55),Female,92800.0,18200,debt_consolidation,9,12,6,0.1876,0,0,0,Month_3
CUST_100527,38,Working Age (25-55),Male,58600.0,25100,debt_consolidation,8,7,5,0.185,0,0,0,Month_3
CUST_100528,40,Working Age (25-55),Male,35700.0,4600,credit_card,0,9,6,0.591,0,0,1,Month_3
CUST_100529,37,Working Age (25-55),Male,61400.0,14000,credit_card,0,17,8,0.3837,0,0,0,Month_3
CUST_100530,67,Senior (>55),Male,25300.0,10400,debt_consolidation,2,22,3,0.2945,0,0,0,Month_3
CUST_100531,56,Senior (>55),Female,87000.0,32900,debt_consolidation,7,20,7,0.1263,0,0,0,Month_3
CUST_100532,19,Young (<25),Female,56300.0,24800,medical,1,4,4,0.2538,0,2,1,Month_3
CUST_100533,40,Working Age (25-55),Male,48100.0,8000,home_improvement,21,16,4,0.4637,0,0,0,Month_3
CUST_100534,22,Young (<25),Male,137500.0,50000,debt_consolidation,4,1,11,0.2748,0,0,1,Month_3
CUST_100535,25,Working Age (25-55),Female,22800.0,6700,credit_card,0,7,10,0.2186,0,0,0,Month_3
CUST_100536,41,Working Age (25-55),Female,129800.0,50000,debt_consolidation,2,10,4,0.2696,1,0,1,Month_3
CUST_100537,26,Working Age (25-55),Male,21900.0,10100,credit_card,8,13,6,0.3013,0,0,0,Month_3
CUST_100538,54,Working Age (25-55),Male,43600.0,16600,debt_consolidation,0,15,7,0.215,0,0,0,Month_3
CUST_100539,33,Working Age (25-55),Male,58100.0,25500,debt_consolidation,3,14,2,0.2339,0,0,0,Month_3
CUST_100540,41,Working Age (25-55),Male,16700.0,2200,major_purchase,1,11,5,0.2364,1,2,1,Month_3
CUST_100541,35,Working Age (25-55),Male,22700.0,10400,credit_card,17,12,7,0.4435,0,1,1,Month_3
CUST_100542,33,Working Age (25-55),Female,76500.0,10000,credit_card,2,14,6,0.1832,0,0,1,Month_3
CUST_100543,46,Working Age (25-55),Female,60200.0,9900,home_improvement,2,18,7,0.1664,0,0,0,Month_3
CUST_100544,57,Senior (>55),Female,31400.0,10300,credit_card,16,18,6,0.1448,0,0,0,Month_3
CUST_100545,33,Working Age (25-55),Male,131400.0,29400,small_business,7,6,7,0.3781,0,0,0,Month_3
CUST_100546,49,Working Age (25-55),Male,51200.0,6300,debt_consolidation,5,15,7,0.1268,0,0,0,Month_3
CUST_100547,47,Working Age (25-55),Male,66000.0,31100,debt_consolidation,1,14,12,0.4335,0,0,1,Month_3
CUST_100548,32,Working Age (25-55),Male,77700.0,33000,debt_consolidation,10,14,3,0.299,0,0,0,Month_3
CUST_100549,29,Working Age (25-55),Male,31300.0,12400,credit_card,0,12,7,0.1451,0,0,0,Month_3
CUST_100550,49,Working Age (25-55),Male,59400.0,10000,debt_consolidation,2,15,8,0.2081,0,0,1,Month_3
CUST_100551,19,Young (<25),Male,37000.0,6600,major_purchase,1,11,4,0.2694,0,0,0,Month_3
CUST_100552,23,Young (<25),Male,78000.0,10600,debt_consolidation,2,4,7,0.09,0,1,0,Month_3
CUST_100553,38,Working Age (25-55),Female,55100.0,19700,small_business,0,8,3,0.2069,0,0,0,Month_3
CUST_100554,31,Working Age (25-55),Female,198700.0,50000,debt_consolidation,1,13,6,0.1914,0,0,0,Month_3
CUST_100555,28,Working Age (25-55),Female,107800.0,19700,debt_consolidation,6,4,9,0.2942,0,1,0,Month_3
CUST_100556,33,Working Age (25-55),Female,194400.0,50000,small_business,1,9,12,0.3085,0,0,0,Month_3
CUST_100557,46,Working Age (25-55),Female,80800.0,26000,major_purchase,1,18,3,0.3208,0,1,1,Month_3
CUST_100558,37,Working Age (25-55),Female,54600.0,25000,debt_consolidation,2,18,8,0.3146,1,0,1,Month_3
CUST_100559,25,Working Age (25-55),Male,54700.0,16300,debt_consolidation,1,7,7,0.2245,0,3,1,Month_3
CUST_100560,19,Young (<25),Female,36400.0,12300,major_purchase,1,6,10,0.4637,1,1,1,Month_3
CUST_100561,27,Working Age (25-55),Female,118200.0,49100,debt_consolidation,4,8,5,0.2237,0,2,1,Month_3
CUST_100562,39,Working Age (25-55),Male,76600.0,20600,credit_card,6,14,8,0.2858,0,0,0,Month_3
CUST_100563,32,Working Age (25-55),Female,43400.0,7200,credit_card,3,13,8,0.3256,0,0,0,Month_3
CUST_100564,45,Working Age (25-55),Female,45000.0,21000,small_business,7,10,10,0.3824,0,1,1,Month_3
CUST_100565,28,Working Age (25-55),Female,34200.0,7800,medical,10,6,5,0.2102,0,0,0,Month_3
CUST_100566,48,Working Age (25-55),Male,123000.0,22800,medical,6,20,6,0.1745,0,0,0,Month_3
CUST_100567,56,Senior (>55),Male,34400.0,5100,debt_consolidation,0,19,7,0.366,0,0,0,Month_3
CUST_100568,53,Working Age (25-55),Female,32400.0,5800,major_purchase,3,11,4,0.2491,0,0,0,Month_3
CUST_100569,39,Working Age (25-55),Male,109500.0,12200,credit_card,0,10,5,0.1479,1,0,1,Month_3
CUST_100570,19,Young (<25),Male,239800.0,49600,debt_consolidation,0,3,4,0.1397,0,0,0,Month_3
CUST_100571,22,Young (<25),Male,84000.0,33400,credit_card,1,6,5,0.0984,0,0,0,Month_3
CUST_100572,36,Working Age (25-55),Female,34200.0,10300,credit_card,4,11,5,0.1351,1,0,0,Month_3
CUST_100573,22,Young (<25),Female,19200.0,5400,small_business,4,10,11,0.2589,0,0,1,Month_3
CUST_100574,47,Working Age (25-55),Female,56000.0,13500,debt_consolidation,0,16,8,0.384,1,0,1,Month_3
CUST_100575,50,Working Age (25-55),Female,67100.0,9800,debt_consolidation,2,16,4,0.2882,0,0,0,Month_3
CUST_100576,40,Working Age (25-55),Male,54300.0,12000,debt_consolidation,0,9,9,0.09,0,0,0,Month_3
CUST_100577,34,Working Age (25-55),Female,80200.0,18600,debt_consolidation,2,14,4,0.1955,0,0,0,Month_3
CUST_100578,19,Young (<25),Male,113500.0,50000,debt_consolidation,1,1,6,0.4926,0,0,1,Month_3
CUST_100579,36,Working Age (25-55),Male,65500.0,30600,credit_card,8,9,5,0.2239,0,0,0,Month_3
CUST_100580,35,Working Age (25-55),Male,79000.0,20800,credit_card,2,13,7,0.2809,1,0,1,Month_3
CUST_100581,26,Working Age (25-55),Male,92900.0,43500,debt_consolidation,4,11,13,0.1972,0,0,0,Month_3
CUST_100582,49,Working Age (25-55),Male,92100.0,27000,debt_consolidation,0,18,3,0.1466,0,0,0,Month_3
CUST_100583,31,Working Age (25-55),Female,22100.0,6700,debt_consolidation,0,10,9,0.2127,0,0,0,Month_3
CUST_100584,44,Working Age (25-55),Female,33500.0,4900,debt_consolidation,2,16,4,0.3565,0,3,1,Month_3
CUST_100585,31,Working Age (25-55),Female,31200.0,14700,debt_consolidation,0,12,9,0.3248,0,0,1,Month_3
CUST_100586,49,Working Age (25-55),Female,75500.0,22600,small_business,1,17,7,0.15,0,2,0,Month_3
CUST_100587,32,Working Age (25-55),Male,64400.0,29300,major_purchase,1,9,9,0.2956,0,1,1,Month_3
CUST_100588,35,Working Age (25-55),Male,36000.0,4700,small_business,0,13,8,0.2432,0,2,0,Month_3
CUST_100589,22,Young (<25),Male,42300.0,13700,credit_card,4,10,5,0.2845,0,0,0,Month_3
CUST_100590,65,Senior (>55),Male,27700.0,4600,home_improvement,2,26,5,0.4428,0,3,1,Month_3
CUST_100591,60,Senior (>55),Female,36900.0,17600,home_improvement,2,21,2,0.1499,0,0,0,Month_3
CUST_100592,54,Working Age (25-55),Male,38500.0,13900,debt_consolidation,4,15,7,0.2247,0,1,0,Month_3
CUST_100593,55,Working Age (25-55),Female,65800.0,9100,debt_consolidation,2,22,6,0.3769,0,0,0,Month_3
CUST_100594,68,Senior (>55),Female,76500.0,33200,home_improvement,1,23,1,0.367,0,1,1,Month_3
CUST_100595,54,Working Age (25-55),Male,51000.0,20700,small_business,3,17,15,0.2809,0,1,1,Month_3
CUST_100596,23,Young (<25),Male,81200.0,26700,credit_card,2,11,4,0.3516,0,0,1,Month_3
CUST_100597,43,Working Age (25-55),Female,70900.0,24600,small_business,0,12,10,0.3443,0,0,1,Month_3
CUST_100598,42,Working Age (25-55),Female,74300.0,14900,credit_card,1,13,7,0.4663,0,0,1,Month_3
CUST_100599,51,Working Age (25-55),Female,67900.0,19000,small_business,5,17,5,0.3625,0,1,1,Month_3
CUST_100600,28,Working Age (25-55),Male,41700.0,5400,home_improvement,2,12,4,0.3778,0,0,0,Month_3
CUST_100601,45,Working Age (25-55),Male,60700.0,26600,debt_consolidation,2,16,3,0.1462,0,0,0,Month_3
CUST_100602,43,Working Age (25-55),Female,50900.0,14600,small_business,4,12,2,0.1754,0,2,0,Month_3
CUST_100603,51,Working Age (25-55),Male,24200.0,3900,major_purchase,5,18,8,0.3643,1,0,1,Month_3
CUST_100604,41,Working Age (25-55),Female,49900.0,19400,major_purchase,0,12,6,0.305,0,0,1,Month_3
CUST_100605,51,Working Age (25-55),Female,34300.0,5300,credit_card,4,16,6,0.1703,0,0,0,Month_3
CUST_100606,33,Working Age (25-55),Male,211900.0,50000,debt_consolidation,5,11,7,0.4063,0,0,0,Month_3
CUST_100607,41,Working Age (25-55),Female,40700.0,15900,credit_card,3,16,5,0.2624,0,1,0,Month_3
CUST_100608,22,Young (<25),Female,33900.0,15800,credit_card,3,6,7,0.3666,0,0,1,Month_3
CUST_100609,48,Working Age (25-55),Male,148500.0,20800,credit_card,0,13,9,0.2317,0,0,0,Month_3
CUST_100610,43,Working Age (25-55),Female,70200.0,21400,debt_consolidation,4,9,6,0.1237,0,0,1,Month_3
CUST_100611,50,Working Age (25-55),Female,87900.0,19400,home_improvement,0,19,2,0.246,0,0,0,Month_3
CUST_100612,27,Working Age (25-55),Male,138600.0,33200,debt_consolidation,6,11,8,0.1706,0,2,0,Month_3
CUST_100613,19,Young (<25),Female,44600.0,6300,home_improvement,1,1,6,0.1748,0,0,0,Month_3
CUST_100614,55,Working Age (25-55),Male,28700.0,6000,credit_card,16,18,7,0.2694,1,1,1,Month_3
CUST_100615,42,Working Age (25-55),Female,109600.0,12400,credit_card,3,15,7,0.1538,0,0,0,Month_3
CUST_100616,38,Working Age (25-55),Male,80800.0,30200,small_business,5,13,10,0.182,1,1,1,Month_3
CUST_100617,23,Young (<25),Male,139700.0,40600,debt_consolidation,5,5,14,0.3226,0,1,1,Month_3
CUST_100618,53,Working Age (25-55),Male,66700.0,10900,home_improvement,10,20,8,0.3213,0,0,0,Month_3
CUST_100619,59,Senior (>55),Female,67600.0,7800,credit_card,11,16,1,0.3548,0,0,0,Month_3
CUST_100620,38,Working Age (25-55),Male,41800.0,12900,debt_consolidation,4,10,5,0.2087,1,3,1,Month_3
CUST_100621,38,Working Age (25-55),Female,56100.0,23200,debt_consolidation,12,12,4,0.1436,0,0,0,Month_3
CUST_100622,65,Senior (>55),Female,62200.0,26500,debt_consolidation,0,24,3,0.2132,0,0,0,Month_3
CUST_100623,45,Working Age (25-55),Male,28500.0,10200,debt_consolidation,3,13,5,0.3998,0,0,1,Month_3
CUST_100624,46,Working Age (25-55),Male,16700.0,4100,debt_consolidation,0,16,5,0.3432,0,0,1,Month_3
CUST_100625,38,Working Age (25-55),Female,73500.0,24500,home_improvement,5,16,6,0.3965,0,0,1,Month_3
CUST_100626,44,Working Age (25-55),Female,51200.0,11500,credit_card,1,11,9,0.4291,1,0,1,Month_3
CUST_100627,52,Working Age (25-55),Male,73700.0,10300,credit_card,5,21,2,0.4358,0,3,1,Month_3
CUST_100628,38,Working Age (25-55),Female,37700.0,11800,credit_card,0,13,11,0.3376,0,0,1,Month_3
CUST_100629,63,Senior (>55),Female,49400.0,6000,debt_consolidation,12,23,3,0.1901,0,0,0,Month_3
CUST_100630,26,Working Age (25-55),Male,30900.0,10600,debt_consolidation,8,7,2,0.2704,0,0,0,Month_3
CUST_100631,34,Working Age (25-55),Female,66400.0,14600,debt_consolidation,1,15,7,0.1853,0,0,0,Month_3
CUST_100632,47,Working Age (25-55),Male,28900.0,4900,debt_consolidation,3,21,7,0.3248,0,0,0,Month_3
CUST_100633,42,Working Age (25-55),Female,89800.0,32400,debt_consolidation,0,12,9,0.2581,0,0,0,Month_3
CUST_100634,59,Senior (>55),Male,52200.0,12200,debt_consolidation,1,21,6,0.2122,0,2,0,Month_3
CUST_100635,44,Working Age (25-55),Male,55400.0,12500,debt_consolidation,4,11,6,0.3077,0,0,0,Month_3
CUST_100636,45,Working Age (25-55),Male,62800.0,27100,home_improvement,1,11,10,0.1212,0,0,0,Month_3
CUST_100637,43,Working Age (25-55),Female,29000.0,6900,debt_consolidation,2,14,4,0.1654,0,0,1,Month_3
CUST_100638,45,Working Age (25-55),Male,34200.0,5800,debt_consolidation,7,14,7,0.0927,0,0,0,Month_3
CUST_100639,52,Working Age (25-55),Male,41200.0,17400,debt_consolidation,4,15,7,0.2584,0,2,1,Month_3
CUST_100640,33,Working Age (25-55),Male,53800.0,22400,medical,1,5,5,0.09,0,0,0,Month_3
CUST_100641,29,Working Age (25-55),Male,57500.0,23400,debt_consolidation,2,7,5,0.3004,0,0,1,Month_3
CUST_100642,32,Working Age (25-55),Male,19800.0,9100,debt_consolidation,4,13,14,0.2852,0,1,1,Month_3
CUST_100643,55,Working Age (25-55),Male,79500.0,26700,debt_consolidation,3,18,15,0.0934,0,0,0,Month_3
CUST_100644,37,Working Age (25-55),Male,44500.0,17000,debt_consolidation,0,8,5,0.4695,1,0,1,Month_3
CUST_100645,51,Working Age (25-55),Female,147100.0,50000,home_improvement,0,17,9,0.3084,0,0,0,Month_3
CUST_100646,40,Working Age (25-55),Female,38000.0,12000,credit_card,0,11,6,0.2458,0,0,0,Month_3
CUST_100647,43,Working Age (25-55),Male,21800.0,5300,debt_consolidation,2,15,7,0.2673,0,2,0,Month_3
CUST_100648,52,Working Age (25-55),Female,57500.0,10700,debt_consolidation,0,15,5,0.2338,0,0,0,Month_3
CUST_100649,51,Working Age (25-55),Male,38800.0,12600,debt_consolidation,15,17,9,0.2777,0,0,0,Month_3
CUST_100650,48,Working Age (25-55),Female,33200.0,12300,debt_consolidation,1,12,10,0.2265,0,0,1,Month_3
CUST_100651,42,Working Age (25-55),Female,107500.0,15900,home_improvement,9,15,7,0.2253,0,0,0,Month_3
CUST_100652,54,Working Age (25-55),Male,45800.0,6800,debt_consolidation,0,27,4,0.1876,1,0,0,Month_3
CUST_100653,38,Working Age (25-55),Male,65800.0,17000,credit_card,1,10,7,0.3708,1,0,1,Month_3
CUST_100654,52,Working Age (25-55),Female,85400.0,31100,credit_card,7,16,10,0.3562,0,0,0,Month_3
CUST_100655,46,Working Age (25-55),Male,57200.0,23100,debt_consolidation,2,11,10,0.4179,1,0,1,Month_3
CUST_100656,27,Working Age (25-55),Male,49800.0,6500,home_improvement,0,8,2,0.3729,0,0,0,Month_3
CUST_100657,27,Working Age (25-55),Female,20900.0,8600,debt_consolidation,9,4,14,0.3357,0,1,1,Month_3
CUST_100658,52,Working Age (25-55),Female,36800.0,15100,credit_card,1,20,11,0.3633,0,0,1,Month_3
CUST_100659,60,Senior (>55),Male,58500.0,20500,credit_card,3,23,2,0.4061,0,2,1,Month_3
CUST_100660,66,Senior (>55),Female,59600.0,21600,home_improvement,4,23,10,0.3425,0,0,0,Month_3
CUST_100661,41,Working Age (25-55),Female,42100.0,4800,credit_card,5,19,5,0.4188,0,0,1,Month_3
CUST_100662,29,Working Age (25-55),Female,68900.0,23600,major_purchase,3,10,7,0.2814,0,0,0,Month_3
CUST_100663,37,Working Age (25-55),Female,55200.0,7100,debt_consolidation,1,13,10,0.1792,0,0,0,Month_3
CUST_100664,25,Working Age (25-55),Male,69200.0,27100,debt_consolidation,7,9,6,0.2238,0,1,0,Month_3
CUST_100665,20,Young (<25),Male,69800.0,21900,major_purchase,2,9,5,0.2649,0,0,0,Month_3
CUST_100666,34,Working Age (25-55),Female,189300.0,50000,credit_card,2,11,5,0.3367,0,0,0,Month_3
CUST_100667,44,Working Age (25-55),Male,110400.0,50000,small_business,7,20,8,0.2335,0,0,0,Month_3
CUST_100668,42,Working Age (25-55),Male,19300.0,5100,debt_consolidation,0,17,7,0.4088,0,0,1,Month_3
CUST_100669,40,Working Age (25-55),Male,67400.0,18900,credit_card,7,12,11,0.2422,0,1,0,Month_3
CUST_100670,38,Working Age (25-55),Female,26300.0,8800,credit_card,20,13,1,0.1811,0,0,0,Month_3
CUST_100671,24,Young (<25),Female,50000.0,8800,credit_card,0,14,4,0.162,0,0,0,Month_3
CUST_100672,69,Senior (>55),Female,19000.0,4500,debt_consolidation,11,22,10,0.399,0,0,0,Month_3
CUST_100673,31,Working Age (25-55),Female,230400.0,50000,debt_consolidation,13,12,10,0.2526,0,0,0,Month_3
CUST_100674,31,Working Age (25-55),Male,41000.0,8900,debt_consolidation,0,8,10,0.1294,0,0,0,Month_3
CUST_100675,48,Working Age (25-55),Male,155800.0,50000,credit_card,1,17,5,0.1233,0,1,0,Month_3
CUST_100676,46,Working Age (25-55),Male,58700.0,13100,medical,0,11,7,0.09,0,0,0,Month_3
CUST_100677,38,Working Age (25-55),Female,57500.0,22700,home_improvement,4,12,6,0.3096,0,0,0,Month_3
CUST_100678,30,Working Age (25-55),Male,101800.0,37900,debt_consolidation,3,4,7,0.2141,0,0,0,Month_3
CUST_100679,48,Working Age (25-55),Male,54700.0,22300,debt_consolidation,7,14,4,0.2778,0,0,0,Month_3
CUST_100680,43,Working Age (25-55),Male,35800.0,4400,credit_card,5,15,3,0.2487,0,3,0,Month_3
CUST_100681,33,Working Age (25-55),Female,108200.0,50000,debt_consolidation,15,13,8,0.2292,1,0,1,Month_3
CUST_100682,40,Working Age (25-55),Female,46100.0,11500,credit_card,1,15,8,0.158,0,0,0,Month_3
CUST_100683,55,Working Age (25-55),Female,37900.0,6800,debt_consolidation,4,17,7,0.4513,1,0,1,Month_3
CUST_100684,23,Young (<25),Male,16700.0,3000,debt_consolidation,5,10,4,0.3421,0,3,1,Month_3
CUST_100685,37,Working Age (25-55),Female,56300.0,27100,debt_consolidation,1,17,9,0.2049,0,0,0,Month_3
CUST_100686,31,Working Age (25-55),Male,52900.0,20300,credit_card,0,16,3,0.4105,1,1,0,Month_3
CUST_100687,65,Senior (>55),Male,29500.0,4300,debt_consolidation,2,28,11,0.09,0,0,0,Month_3
CUST_100688,29,Working Age (25-55),Male,23000.0,10700,credit_card,11,12,4,0.1872,0,0,0,Month_3
CUST_100689,32,Working Age (25-55),Male,105700.0,28200,credit_card,1,11,5,0.1814,1,1,1,Month_3
CUST_100690,32,Working Age (25-55),Female,86500.0,12000,credit_card,3,9,4,0.1566,0,2,0,Month_3
CUST_100691,57,Senior (>55),Male,95300.0,39300,credit_card,1,18,7,0.2264,1,0,1,Month_3
CUST_100692,65,Senior (>55),Female,60700.0,10700,debt_consolidation,1,22,3,0.2152,1,0,0,Month_3
CUST_100693,43,Working Age (25-55),Male,21700.0,4100,debt_consolidation,3,11,9,0.0905,0,1,0,Month_3
CUST_100694,57,Senior (>55),Male,166000.0,20600,debt_consolidation,8,15,8,0.37,0,0,0,Month_3
CUST_100695,54,Working Age (25-55),Male,47800.0,15400,home_improvement,3,22,3,0.338,0,0,0,Month_3
CUST_100696,55,Working Age (25-55),Male,64600.0,15900,small_business,3,18,4,0.2954,0,3,0,Month_3
CUST_100697,44,Working Age (25-55),Female,92100.0,26100,medical,2,17,5,0.3731,0,0,0,Month_3
CUST_100698,43,Working Age (25-55),Male,139000.0,49900,medical,2,15,7,0.4564,1,0,1,Month_3
CUST_100699,33,Working Age (25-55),Male,52500.0,24100,debt_consolidation,0,9,9,0.2154,1,0,1,Month_3
CUST_100700,51,Working Age (25-55),Female,113600.0,23100,debt_consolidation,5,20,4,0.323,0,1,0,Month_3
CUST_100701,41,Working Age (25-55),Female,46800.0,14200,credit_card,11,13,12,0.2099,0,1,0,Month_3
CUST_100702,46,Working Age (25-55),Female,27400.0,5500,debt_consolidation,5,16,5,0.3371,1,0,1,Month_3
CUST_100703,47,Working Age (25-55),Male,68900.0,22200,home_improvement,12,13,5,0.2806,1,0,1,Month_3
CUST_100704,28,Working Age (25-55),Male,101800.0,49000,medical,0,5,12,0.439,0,0,1,Month_3
CUST_100705,31,Working Age (25-55),Female,27800.0,9700,debt_consolidation,4,12,9,0.1386,0,0,0,Month_3
CUST_100706,44,Working Age (25-55),Female,37600.0,6800,debt_consolidation,7,16,7,0.1869,0,0,0,Month_3
CUST_100707,31,Working Age (25-55),Male,82300.0,12400,credit_card,8,13,11,0.2936,0,2,0,Month_3
CUST_100708,33,Working Age (25-55),Female,105200.0,38200,home_improvement,0,11,8,0.3085,0,2,1,Month_3
CUST_100709,36,Working Age (25-55),Male,48900.0,20300,debt_consolidation,4,15,4,0.2352,0,0,0,Month_3
CUST_100710,19,Young (<25),Male,20000.0,9000,debt_consolidation,1,7,6,0.3306,0,0,1,Month_3
CUST_100711,33,Working Age (25-55),Female,97000.0,41000,home_improvement,13,15,8,0.2917,0,0,1,Month_3
CUST_100712,40,Working Age (25-55),Male,27400.0,5300,medical,3,15,9,0.1909,0,0,0,Month_3
CUST_100713,35,Working Age (25-55),Female,115800.0,34700,medical,0,14,5,0.1084,0,0,0,Month_3
CUST_100714,30,Working Age (25-55),Male,22000.0,8300,debt_consolidation,1,10,9,0.1598,0,0,0,Month_3
CUST_100715,51,Working Age (25-55),Male,52700.0,6700,small_business,23,14,8,0.1421,0,0,0,Month_3
CUST_100716,60,Senior (>55),Male,115100.0,35600,small_business,2,21,9,0.3024,0,0,0,Month_3
CUST_100717,24,Young (<25),Female,16700.0,4800,debt_consolidation,1,7,4,0.4544,1,0,1,Month_3
CUST_100718,40,Working Age (25-55),Female,20400.0,9600,credit_card,3,9,8,0.2707,0,3,1,Month_3
CUST_100719,47,Working Age (25-55),Male,98400.0,36600,debt_consolidation,16,14,4,0.2663,0,0,0,Month_3
CUST_100720,24,Young (<25),Male,73000.0,26700,debt_consolidation,6,11,9,0.2485,1,0,0,Month_3
CUST_100721,51,Working Age (25-55),Female,92300.0,15200,small_business,0,15,6,0.2131,1,2,0,Month_3
CUST_100722,54,Working Age (25-55),Female,38500.0,7700,debt_consolidation,2,19,6,0.3743,0,2,1,Month_3
CUST_100723,54,Working Age (25-55),Female,45200.0,7700,medical,0,21,14,0.4085,1,0,1,Month_3
CUST_100724,46,Working Age (25-55),Female,45100.0,17700,major_purchase,6,15,12,0.4523,0,0,1,Month_3
CUST_100725,32,Working Age (25-55),Female,25100.0,9000,home_improvement,2,14,5,0.2806,0,3,1,Month_3
CUST_100726,58,Senior (>55),Female,99000.0,36300,debt_consolidation,5,19,3,0.3748,0,0,0,Month_3
CUST_100727,71,Senior (>55),Male,177700.0,46200,credit_card,3,23,2,0.312,0,1,0,Month_3
CUST_100728,41,Working Age (25-55),Female,68400.0,9700,debt_consolidation,0,12,10,0.2589,0,0,0,Month_3
CUST_100729,33,Working Age (25-55),Female,56100.0,6400,major_purchase,3,12,7,0.2054,0,0,1,Month_3
CUST_100730,31,Working Age (25-55),Female,37900.0,17000,credit_card,0,10,4,0.5379,0,0,1,Month_3
CUST_100731,35,Working Age (25-55),Male,34000.0,8200,debt_consolidation,5,11,10,0.2702,0,0,1,Month_3
CUST_100732,46,Working Age (25-55),Female,48600.0,18200,debt_consolidation,14,19,7,0.2539,0,1,0,Month_3
CUST_100733,39,Working Age (25-55),Male,58700.0,18000,credit_card,1,13,10,0.2039,0,0,0,Month_3
CUST_100734,23,Young (<25),Male,27200.0,8600,credit_card,5,1,7,0.2372,0,2,1,Month_3
CUST_100735,33,Working Age (25-55),Female,32700.0,14500,credit_card,1,12,12,0.4158,0,2,1,Month_3
CUST_100736,45,Working Age (25-55),Female,78100.0,35100,major_purchase,7,14,7,0.2399,0,0,0,Month_3
CUST_100737,42,Working Age (25-55),Male,19300.0,4300,credit_card,0,16,13,0.4317,0,0,1,Month_3
CUST_100738,67,Senior (>55),Male,42300.0,14500,credit_card,7,19,4,0.4905,0,0,1,Month_3
CUST_100739,21,Young (<25),Male,42900.0,19400,home_improvement,3,1,9,0.3877,0,0,1,Month_3
CUST_100740,35,Working Age (25-55),Female,83500.0,35300,debt_consolidation,9,19,7,0.3128,0,2,0,Month_3
CUST_100741,46,Working Age (25-55),Female,48200.0,14300,debt_consolidation,0,20,7,0.1531,0,0,0,Month_3
CUST_100742,29,Working Age (25-55),Female,45200.0,21100,debt_consolidation,11,6,10,0.1438,0,0,0,Month_3
CUST_100743,22,Young (<25),Male,36600.0,15100,small_business,4,10,10,0.2913,1,0,1,Month_3
CUST_100744,25,Working Age (25-55),Female,50200.0,13800,credit_card,0,2,2,0.3647,0,0,1,Month_3
CUST_100745,31,Working Age (25-55),Male,79100.0,35300,credit_card,5,12,8,0.2102,0,1,0,Month_3
CUST_100746,36,Working Age (25-55),Male,133200.0,48900,medical,0,14,3,0.2373,0,0,0,Month_3
CUST_100747,46,Working Age (25-55),Male,51200.0,9000,major_purchase,0,17,9,0.2775,0,2,0,Month_3
CUST_100748,25,Working Age (25-55),Male,20100.0,2900,home_improvement,0,7,2,0.3341,0,0,1,Month_3
CUST_100749,27,Working Age (25-55),Female,36600.0,10100,debt_consolidation,0,13,5,0.1355,1,1,1,Month_3
CUST_100750,45,Working Age (25-55),Female,87900.0,18300,debt_consolidation,1,11,7,0.134,1,0,0,Month_3
CUST_100751,46,Working Age (25-55),Male,54400.0,15600,credit_card,0,17,12,0.1083,0,1,0,Month_3
CUST_100752,44,Working Age (25-55),Female,69200.0,20400,major_purchase,0,17,5,0.2573,1,1,1,Month_3
CUST_100753,62,Senior (>55),Female,26800.0,8800,small_business,4,24,10,0.2361,0,0,0,Month_3
CUST_100754,30,Working Age (25-55),Female,74200.0,25600,credit_card,0,5,9,0.3542,0,1,1,Month_3
CUST_100755,35,Working Age (25-55),Female,61900.0,22600,debt_consolidation,0,11,6,0.1149,0,0,0,Month_3
CUST_100756,47,Working Age (25-55),Female,38700.0,14800,debt_consolidation,1,14,7,0.2112,0,1,0,Month_3
CUST_100757,40,Working Age (25-55),Female,58000.0,9700,debt_consolidation,1,11,7,0.1572,0,0,0,Month_3
CUST_100758,29,Working Age (25-55),Female,74400.0,19400,home_improvement,2,9,9,0.09,0,1,0,Month_3
CUST_100759,65,Senior (>55),Male,88100.0,16900,debt_consolidation,2,25,7,0.1331,0,0,0,Month_3
CUST_100760,62,Senior (>55),Female,65000.0,11600,medical,10,19,7,0.5013,0,2,1,Month_3
CUST_100761,46,Working Age (25-55),Female,82800.0,34800,major_purchase,0,15,8,0.2508,1,0,1,Month_3
CUST_100762,31,Working Age (25-55),Male,28900.0,6500,home_improvement,0,8,7,0.3815,0,2,1,Month_3
CUST_100763,32,Working Age (25-55),Male,45400.0,16700,medical,6,9,5,0.1997,1,0,1,Month_3
CUST_100764,57,Senior (>55),Male,32500.0,7400,debt_consolidation,24,19,8,0.1318,0,0,0,Month_3
CUST_100765,48,Working Age (25-55),Female,16700.0,2000,debt_consolidation,7,13,7,0.3142,1,0,1,Month_3
CUST_100766,51,Working Age (25-55),Female,63100.0,25600,home_improvement,21,17,4,0.3043,0,0,0,Month_3
CUST_100767,41,Working Age (25-55),Male,44400.0,21100,debt_consolidation,18,11,11,0.3199,1,0,1,Month_3
CUST_100768,40,Working Age (25-55),Female,52100.0,18300,home_improvement,1,11,6,0.3079,0,0,0,Month_3
CUST_100769,58,Senior (>55),Male,69700.0,21100,credit_card,2,20,7,0.1261,0,0,0,Month_3
CUST_100770,26,Working Age (25-55),Female,80000.0,9700,small_business,8,3,6,0.2188,0,1,0,Month_3
CUST_100771,45,Working Age (25-55),Male,85700.0,18600,debt_consolidation,5,13,7,0.2815,0,0,0,Month_3
CUST_100772,73,Senior (>55),Female,29700.0,13600,credit_card,4,22,7,0.3742,0,0,1,Month_3
CUST_100773,40,Working Age (25-55),Male,43100.0,14500,home_improvement,1,13,11,0.2352,0,1,0,Month_3
CUST_100774,33,Working Age (25-55),Female,158500.0,50000,debt_consolidation,15,9,14,0.1403,0,0,0,Month_3
CUST_100775,47,Working Age (25-55),Male,29300.0,4100,small_business,3,18,9,0.354,0,1,1,Month_3
CUST_100776,30,Working Age (25-55),Female,241800.0,42900,debt_consolidation,5,14,5,0.3034,0,0,0,Month_3
CUST_100777,54,Working Age (25-55),Male,37500.0,6800,home_improvement,2,12,15,0.3928,1,0,1,Month_3
CUST_100778,48,Working Age (25-55),Male,37900.0,7200,credit_card,1,19,7,0.5462,0,0,1,Month_3
CUST_100779,58,Senior (>55),Female,28900.0,11500,debt_consolidation,3,20,6,0.3102,0,0,0,Month_3
CUST_100780,48,Working Age (25-55),Male,16700.0,3900,debt_consolidation,5,16,5,0.2778,0,1,0,Month_3
CUST_100781,34,Working Age (25-55),Female,85300.0,38300,debt_consolidation,3,16,6,0.2976,0,0,0,Month_3
CUST_100782,48,Working Age (25-55),Male,24500.0,5900,debt_consolidation,2,18,9,0.4844,1,0,1,Month_3
CUST_100783,36,Working Age (25-55),Female,51200.0,11700,credit_card,1,10,5,0.3319,0,0,0,Month_3
CUST_100784,29,Working Age (25-55),Female,39200.0,17600,credit_card,2,10,8,0.4355,1,0,1,Month_3
CUST_100785,40,Working Age (25-55),Male,32700.0,3600,credit_card,7,15,7,0.3792,1,0,1,Month_3
CUST_100786,46,Working Age (25-55),Female,73300.0,28900,debt_consolidation,4,15,4,0.2151,0,1,0,Month_3
CUST_100787,42,Working Age (25-55),Male,36400.0,8400,credit_card,2,18,8,0.1353,0,1,0,Month_3
CUST_100788,32,Working Age (25-55),Male,16700.0,3700,debt_consolidation,2,12,5,0.3182,0,0,0,Month_3
CUST_100789,46,Working Age (25-55),Male,51400.0,19000,home_improvement,0,19,6,0.2334,0,0,0,Month_3
CUST_100790,47,Working Age (25-55),Male,33800.0,11800,debt_consolidation,2,15,6,0.2594,0,0,0,Month_3
CUST_100791,42,Working Age (25-55),Female,84100.0,30500,home_improvement,8,10,13,0.3098,0,0,0,Month_3
CUST_100792,24,Young (<25),Male,43200.0,12800,debt_consolidation,1,13,7,0.1956,0,0,0,Month_3
CUST_100793,30,Working Age (25-55),Female,30100.0,4100,debt_consolidation,2,5,6,0.2526,1,0,1,Month_3
CUST_100794,43,Working Age (25-55),Male,71200.0,23000,debt_consolidation,5,11,10,0.2146,0,1,0,Month_3
CUST_100795,33,Working Age (25-55),Female,30800.0,9000,credit_card,4,10,6,0.1806,0,0,0,Month_3
CUST_100796,40,Working Age (25-55),Female,42800.0,15800,debt_consolidation,22,12,1,0.3756,1,0,1,Month_3
CUST_100797,56,Senior (>55),Male,75200.0,30000,home_improvement,0,20,9,0.3145,0,0,0,Month_3
CUST_100798,34,Working Age (25-55),Male,84300.0,11400,credit_card,5,7,5,0.4356,0,0,0,Month_3
CUST_100799,19,Young (<25),Female,25800.0,3700,credit_card,1,9,7,0.3228,0,0,0,Month_3
CUST_100800,36,Working Age (25-55),Female,41800.0,19700,credit_card,3,20,13,0.2698,0,1,0,Month_3
CUST_100801,41,Working Age (25-55),Male,23200.0,8500,credit_card,6,13,5,0.2936,0,0,0,Month_3
CUST_100802,45,Working Age (25-55),Female,27500.0,12000,home_improvement,1,20,7,0.0976,0,0,0,Month_3
CUST_100803,50,Working Age (25-55),Male,139000.0,50000,credit_card,0,20,6,0.1229,0,0,0,Month_3
CUST_100804,30,Working Age (25-55),Male,146400.0,23300,credit_card,1,14,8,0.2464,0,0,0,Month_3
CUST_100805,55,Working Age (25-55),Female,55400.0,6400,home_improvement,2,21,7,0.4106,0,0,0,Month_3
CUST_100806,50,Working Age (25-55),Female,47600.0,12700,home_improvement,4,17,7,0.2258,0,1,0,Month_3
CUST_100807,35,Working Age (25-55),Female,43800.0,5100,credit_card,1,14,2,0.5028,1,0,1,Month_3
CUST_100808,60,Senior (>55),Female,45500.0,17600,medical,3,22,6,0.2389,0,1,0,Month_3
CUST_100809,40,Working Age (25-55),Female,31800.0,14700,debt_consolidation,2,13,5,0.1649,0,0,0,Month_3
CUST_100810,59,Senior (>55),Female,62000.0,19800,debt_consolidation,1,21,4,0.322,0,0,0,Month_3
CUST_100811,42,Working Age (25-55),Male,45200.0,20300,credit_card,13,12,5,0.1067,0,0,0,Month_3
CUST_100812,24,Young (<25),Female,38300.0,15900,credit_card,6,8,10,0.3177,0,3,1,Month_3
CUST_100813,70,Senior (>55),Male,38800.0,12900,major_purchase,1,25,8,0.1622,0,0,0,Month_3
CUST_100814,42,Working Age (25-55),Male,57400.0,14900,credit_card,7,18,5,0.4004,0,0,0,Month_3
CUST_100815,33,Working Age (25-55),Male,58700.0,21600,home_improvement,1,13,6,0.1848,0,0,0,Month_3
CUST_100816,49,Working Age (25-55),Female,50800.0,8400,credit_card,6,19,8,0.1416,0,0,0,Month_3
CUST_100817,36,Working Age (25-55),Female,47000.0,14700,debt_consolidation,0,15,8,0.359,1,0,1,Month_3
CUST_100818,29,Working Age (25-55),Female,33900.0,8400,debt_consolidation,2,10,6,0.2533,0,2,1,Month_3
CUST_100819,20,Young (<25),Male,46200.0,12400,debt_consolidation,2,6,11,0.444,0,0,1,Month_3
CUST_100820,46,Working Age (25-55),Male,51600.0,23900,small_business,0,13,4,0.2614,0,1,1,Month_3
CUST_100821,30,Working Age (25-55),Male,40600.0,15300,credit_card,0,14,6,0.4744,1,0,1,Month_3
CUST_100822,39,Working Age (25-55),Male,94700.0,31500,credit_card,1,16,7,0.4462,0,0,0,Month_3
CUST_100823,42,Working Age (25-55),Male,112300.0,44400,small_business,5,12,9,0.1377,0,0,0,Month_3
CUST_100824,54,Working Age (25-55),Female,59300.0,13200,debt_consolidation,4,19,10,0.314,0,0,0,Month_3
CUST_100825,56,Senior (>55),Male,35200.0,8700,debt_consolidation,0,17,7,0.1859,0,0,0,Month_3
CUST_100826,27,Working Age (25-55),Female,16700.0,2400,debt_consolidation,9,14,6,0.4878,0,0,1,Month_3
CUST_100827,37,Working Age (25-55),Male,46900.0,18200,home_improvement,0,5,6,0.2662,0,0,1,Month_3
CUST_100828,43,Working Age (25-55),Male,148100.0,50000,small_business,6,8,2,0.2251,0,0,0,Month_3
CUST_100829,26,Working Age (25-55),Female,41900.0,6300,major_purchase,5,6,7,0.2525,0,3,0,Month_3
CUST_100830,32,Working Age (25-55),Female,70000.0,8100,credit_card,7,15,5,0.4211,0,0,0,Month_3
CUST_100831,38,Working Age (25-55),Female,95400.0,30900,debt_consolidation,4,10,8,0.2397,0,0,0,Month_3
CUST_100832,42,Working Age (25-55),Male,28600.0,13700,credit_card,0,12,8,0.1889,1,0,1,Month_3
CUST_100833,44,Working Age (25-55),Male,51700.0,10300,credit_card,4,14,4,0.2289,0,0,0,Month_3
CUST_100834,30,Working Age (25-55),Female,31900.0,7600,debt_consolidation,8,14,4,0.2958,0,1,0,Month_3
CUST_100835,37,Working Age (25-55),Female,36800.0,10400,debt_consolidation,6,11,8,0.2394,1,1,1,Month_3
CUST_100836,29,Working Age (25-55),Female,56300.0,18200,debt_consolidation,0,9,10,0.2962,0,0,0,Month_3
CUST_100837,25,Working Age (25-55),Female,80900.0,11100,debt_consolidation,0,16,11,0.2162,0,1,0,Month_3
CUST_100838,31,Working Age (25-55),Male,16700.0,2000,debt_consolidation,1,7,7,0.1517,0,2,0,Month_3
CUST_100839,25,Working Age (25-55),Female,41500.0,8100,home_improvement,2,8,5,0.2726,0,0,0,Month_3
CUST_100840,34,Working Age (25-55),Female,54900.0,20000,debt_consolidation,12,11,2,0.3,0,2,0,Month_3
CUST_100841,28,Working Age (25-55),Male,140800.0,50000,debt_consolidation,4,11,6,0.1866,0,0,0,Month_3
CUST_100842,37,Working Age (25-55),Female,62100.0,17300,debt_consolidation,3,10,11,0.4212,0,0,1,Month_3
CUST_100843,47,Working Age (25-55),Female,32900.0,8100,home_improvement,11,13,8,0.3487,0,1,1,Month_3
CUST_100844,32,Working Age (25-55),Female,25700.0,7800,debt_consolidation,1,11,11,0.2414,1,0,0,Month_3
CUST_100845,45,Working Age (25-55),Female,57500.0,19100,debt_consolidation,1,20,6,0.1407,0,0,0,Month_3
CUST_100846,43,Working Age (25-55),Male,46700.0,12200,credit_card,2,19,8,0.1882,0,0,0,Month_3
CUST_100847,54,Working Age (25-55),Female,91000.0,23000,debt_consolidation,0,19,4,0.3507,0,0,0,Month_3
CUST_100848,30,Working Age (25-55),Female,56300.0,8400,debt_consolidation,2,12,4,0.2125,0,0,0,Month_3
CUST_100849,26,Working Age (25-55),Male,87400.0,18000,major_purchase,0,4,10,0.1103,0,0,0,Month_3
CUST_100850,64,Senior (>55),Female,53400.0,21400,debt_consolidation,1,19,7,0.256,0,0,0,Month_3
CUST_100851,37,Working Age (25-55),Female,65500.0,13300,debt_consolidation,0,11,7,0.2677,0,1,0,Month_3
CUST_100852,44,Working Age (25-55),Male,31200.0,6400,debt_consolidation,0,15,9,0.3509,0,0,0,Month_3
CUST_100853,25,Working Age (25-55),Female,94200.0,35600,debt_consolidation,7,7,9,0.3079,1,0,1,Month_3
CUST_100854,37,Working Age (25-55),Female,20500.0,8400,debt_consolidation,0,18,6,0.6201,0,0,1,Month_3
CUST_100855,34,Working Age (25-55),Male,26700.0,10500,credit_card,0,12,4,0.2846,0,0,0,Month_3
CUST_100856,27,Working Age (25-55),Male,114800.0,46100,debt_consolidation,5,12,5,0.4221,0,0,1,Month_3
CUST_100857,23,Young (<25),Female,58700.0,14000,debt_consolidation,0,5,5,0.1368,0,0,0,Month_3
CUST_100858,44,Working Age (25-55),Male,31600.0,4500,debt_consolidation,0,13,10,0.3182,1,0,1,Month_3
CUST_100859,30,Working Age (25-55),Male,23700.0,5500,debt_consolidation,2,10,7,0.09,0,0,0,Month_3
CUST_100860,40,Working Age (25-55),Female,42500.0,10800,credit_card,5,11,9,0.1495,0,0,0,Month_3
CUST_100861,39,Working Age (25-55),Male,29700.0,6200,home_improvement,9,15,8,0.0934,0,0,0,Month_3
CUST_100862,47,Working Age (25-55),Female,70400.0,15900,small_business,2,16,7,0.3439,0,0,0,Month_3
CUST_100863,36,Working Age (25-55),Female,105900.0,26500,credit_card,2,15,4,0.2899,0,1,0,Month_3
CUST_100864,52,Working Age (25-55),Female,38600.0,10800,small_business,18,26,7,0.427,0,0,1,Month_3
CUST_100865,44,Working Age (25-55),Male,47800.0,10400,credit_card,5,19,3,0.3757,1,0,1,Month_3
CUST_100866,49,Working Age (25-55),Male,29900.0,11900,major_purchase,0,11,5,0.3149,0,0,1,Month_3
CUST_100867,34,Working Age (25-55),Female,124200.0,42800,debt_consolidation,13,8,1,0.3251,0,1,0,Month_3
CUST_100868,58,Senior (>55),Male,94500.0,12500,home_improvement,1,20,6,0.4853,1,2,1,Month_3
CUST_100869,44,Working Age (25-55),Male,75800.0,35900,debt_consolidation,2,12,8,0.1191,0,0,1,Month_3
CUST_100870,37,Working Age (25-55),Male,44000.0,5400,debt_consolidation,0,9,6,0.1958,0,0,0,Month_3
CUST_100871,59,Senior (>55),Female,61100.0,29500,small_business,4,19,9,0.3176,0,0,0,Month_3
CUST_100872,54,Working Age (25-55),Female,98800.0,25400,debt_consolidation,14,15,5,0.4713,0,0,0,Month_3
CUST_100873,58,Senior (>55),Male,29800.0,4700,credit_card,11,26,6,0.2505,0,0,0,Month_3
CUST_100874,34,Working Age (25-55),Male,44300.0,13600,home_improvement,10,9,5,0.2901,0,0,0,Month_3
CUST_100875,39,Working Age (25-55),Male,76400.0,14600,credit_card,0,15,6,0.4317,0,2,1,Month_3
CUST_100876,56,Senior (>55),Female,35200.0,16600,credit_card,0,22,7,0.3406,1,0,1,Month_3
CUST_100877,35,Working Age (25-55),Female,31200.0,7700,small_business,5,11,1,0.389,0,0,1,Month_3
CUST_100878,19,Young (<25),Male,33500.0,15500,major_purchase,1,7,10,0.3165,0,0,1,Month_3
CUST_100879,45,Working Age (25-55),Male,137200.0,27200,debt_consolidation,2,16,11,0.3294,0,1,0,Month_3
CUST_100880,19,Young (<25),Female,34700.0,11600,debt_consolidation,1,6,6,0.1868,0,0,0,Month_3
CUST_100881,44,Working Age (25-55),Male,47500.0,9200,credit_card,9,18,8,0.3761,0,0,0,Month_3
CUST_100882,47,Working Age (25-55),Female,52600.0,7700,debt_consolidation,2,10,8,0.5371,0,0,0,Month_3
CUST_100883,48,Working Age (25-55),Male,43400.0,11700,debt_consolidation,5,13,6,0.277,1,1,1,Month_3
CUST_100884,38,Working Age (25-55),Female,17100.0,3700,credit_card,5,10,6,0.3941,0,0,1,Month_3
CUST_100885,22,Young (<25),Female,25700.0,4000,debt_consolidation,2,13,14,0.2727,0,0,0,Month_3
CUST_100886,26,Working Age (25-55),Male,78600.0,24900,debt_consolidation,8,11,7,0.1953,0,0,0,Month_3
CUST_100887,38,Working Age (25-55),Female,85000.0,9400,debt_consolidation,6,7,9,0.354,0,1,0,Month_3
CUST_100888,57,Senior (>55),Male,62800.0,22000,debt_consolidation,0,18,10,0.3981,0,0,1,Month_3
CUST_100889,41,Working Age (25-55),Female,46200.0,11200,credit_card,1,16,12,0.3685,0,0,0,Month_3
CUST_100890,33,Working Age (25-55),Female,40800.0,7600,home_improvement,13,9,8,0.2071,0,0,0,Month_3
CUST_100891,39,Working Age (25-55),Male,54800.0,7400,credit_card,0,17,8,0.3044,1,0,1,Month_3
CUST_100892,22,Young (<25),Female,16700.0,3400,debt_consolidation,4,8,9,0.5138,0,0,1,Month_3
CUST_100893,57,Senior (>55),Male,42600.0,12000,debt_consolidation,6,22,5,0.3878,1,0,1,Month_3
CUST_100894,19,Young (<25),Male,16700.0,2600,small_business,1,10,2,0.3962,0,0,1,Month_3
CUST_100895,29,Working Age (25-55),Male,33400.0,12800,debt_consolidation,4,8,9,0.2723,0,0,0,Month_3
CUST_100896,53,Working Age (25-55),Female,119700.0,39600,debt_consolidation,3,14,8,0.3685,0,0,0,Month_3
CUST_100897,35,Working Age (25-55),Female,39400.0,12600,credit_card,4,17,2,0.5192,0,0,1,Month_3
CUST_100898,42,Working Age (25-55),Male,17700.0,3400,credit_card,1,16,2,0.352,0,0,0,Month_3
CUST_100899,54,Working Age (25-55),Female,36900.0,14100,credit_card,4,18,8,0.3488,0,0,0,Month_3
CUST_100900,42,Working Age (25-55),Female,40900.0,8300,debt_consolidation,9,16,5,0.3526,0,1,0,Month_3
CUST_100901,52,Working Age (25-55),Female,48000.0,17300,credit_card,6,20,3,0.1449,0,0,0,Month_3
CUST_100902,43,Working Age (25-55),Female,30800.0,6900,debt_consolidation,4,12,3,0.3017,0,1,1,Month_3
CUST_100903,49,Working Age (25-55),Female,108100.0,37000,debt_consolidation,9,23,4,0.1488,0,0,0,Month_3
CUST_100904,59,Senior (>55),Male,66300.0,7600,credit_card,9,20,6,0.1053,0,0,0,Month_3
CUST_100905,47,Working Age (25-55),Female,29300.0,6700,debt_consolidation,5,20,6,0.3238,0,0,0,Month_3
CUST_100906,28,Working Age (25-55),Male,99900.0,11600,debt_consolidation,0,8,10,0.475,0,0,1,Month_3
CUST_100907,53,Working Age (25-55),Female,32900.0,4200,small_business,13,15,6,0.1116,0,2,0,Month_3
CUST_100908,31,Working Age (25-55),Female,34100.0,9400,credit_card,9,10,8,0.3171,0,0,0,Month_3
CUST_100909,44,Working Age (25-55),Female,87000.0,27000,credit_card,0,12,2,0.3535,0,1,1,Month_3
CUST_100910,53,Working Age (25-55),Male,46600.0,16400,medical,4,15,5,0.3174,0,1,1,Month_3
CUST_100911,38,Working Age (25-55),Male,65900.0,16500,credit_card,8,10,2,0.1879,0,1,0,Month_3
CUST_100912,21,Young (<25),Female,30600.0,5700,major_purchase,2,5,9,0.255,1,1,1,Month_3
CUST_100913,58,Senior (>55),Male,52500.0,15800,credit_card,0,23,8,0.1152,0,3,0,Month_3
CUST_100914,33,Working Age (25-55),Female,32700.0,14600,credit_card,4,14,3,0.6006,0,0,1,Month_3
CUST_100915,25,Working Age (25-55),Female,28200.0,8500,debt_consolidation,3,5,5,0.2132,0,2,1,Month_3
CUST_100916,44,Working Age (25-55),Male,61200.0,9800,credit_card,1,16,4,0.4122,0,0,0,Month_3
CUST_100917,29,Working Age (25-55),Female,57900.0,17200,credit_card,3,11,2,0.4074,0,0,1,Month_3
CUST_100918,37,Working Age (25-55),Male,21500.0,5700,debt_consolidation,2,16,6,0.358,0,0,0,Month_3
CUST_100919,40,Working Age (25-55),Male,35200.0,11100,credit_card,1,17,8,0.4834,1,0,1,Month_3
CUST_100920,52,Working Age (25-55),Female,96300.0,10700,home_improvement,2,19,13,0.3783,0,0,0,Month_3
CUST_100921,54,Working Age (25-55),Female,44500.0,7800,debt_consolidation,0,16,10,0.2043,0,1,0,Month_3
CUST_100922,37,Working Age (25-55),Male,28400.0,6400,debt_consolidation,5,15,5,0.3047,1,1,1,Month_3
CUST_100923,36,Working Age (25-55),Male,41000.0,16100,credit_card,2,15,7,0.302,0,0,0,Month_3
CUST_100924,48,Working Age (25-55),Male,82600.0,22500,credit_card,8,14,7,0.2535,0,0,0,Month_3
CUST_100925,28,Working Age (25-55),Male,68700.0,16900,credit_card,6,7,6,0.4192,0,0,1,Month_3
CUST_100926,39,Working Age (25-55),Female,75100.0,35200,major_purchase,6,17,7,0.1815,0,0,0,Month_3
CUST_100927,40,Working Age (25-55),Female,49500.0,18000,debt_consolidation,0,16,7,0.3076,0,1,1,Month_3
CUST_100928,58,Senior (>55),Male,38800.0,8500,credit_card,0,17,11,0.1016,0,0,0,Month_3
CUST_100929,47,Working Age (25-55),Female,67000.0,31700,small_business,0,19,5,0.2253,0,0,0,Month_3
CUST_100930,41,Working Age (25-55),Female,54600.0,17900,debt_consolidation,0,11,2,0.2393,0,0,0,Month_3
CUST_100931,19,Young (<25),Male,53300.0,5800,debt_consolidation,1,12,6,0.1727,0,1,0,Month_3
CUST_100932,33,Working Age (25-55),Male,44600.0,7700,debt_consolidation,5,12,7,0.3086,0,0,0,Month_3
CUST_100933,19,Young (<25),Male,31700.0,14300,credit_card,0,6,5,0.2982,0,0,1,Month_3
CUST_100934,58,Senior (>55),Female,93500.0,15400,debt_consolidation,0,17,16,0.1282,0,3,0,Month_3
CUST_100935,50,Working Age (25-55),Male,241800.0,44200,debt_consolidation,3,21,8,0.2968,0,0,0,Month_3
CUST_100936,27,Working Age (25-55),Female,81600.0,26100,debt_consolidation,0,8,6,0.1213,0,0,0,Month_3
CUST_100937,42,Working Age (25-55),Female,78400.0,9200,debt_consolidation,2,11,6,0.3292,0,1,0,Month_3
CUST_100938,21,Young (<25),Male,147400.0,50000,debt_consolidation,3,7,9,0.3205,0,0,0,Month_3
CUST_100939,39,Working Age (25-55),Male,157400.0,50000,debt_consolidation,6,12,10,0.2525,0,0,0,Month_3
CUST_100940,39,Working Age (25-55),Male,52200.0,15100,credit_card,1,15,4,0.3865,0,0,1,Month_3
CUST_100941,60,Senior (>55),Male,30300.0,7200,debt_consolidation,2,23,7,0.1994,0,0,0,Month_3
CUST_100942,22,Young (<25),Male,31300.0,5800,home_improvement,0,5,2,0.2268,0,0,1,Month_3
CUST_100943,48,Working Age (25-55),Male,18500.0,7200,debt_consolidation,1,15,6,0.3682,0,0,1,Month_3
CUST_100944,39,Working Age (25-55),Male,58700.0,17100,debt_consolidation,9,13,5,0.5356,0,0,1,Month_3
CUST_100945,31,Working Age (25-55),Male,68500.0,27800,small_business,1,11,9,0.2847,0,2,1,Month_3
CUST_100946,58,Senior (>55),Male,58400.0,19000,credit_card,4,25,7,0.3129,0,0,0,Month_3
CUST_100947,35,Working Age (25-55),Female,23300.0,4900,debt_consolidation,1,9,9,0.2021,0,1,0,Month_3
CUST_100948,52,Working Age (25-55),Female,96400.0,11300,major_purchase,8,15,5,0.2641,0,1,0,Month_3
CUST_100949,51,Working Age (25-55),Male,47700.0,18400,debt_consolidation,7,14,11,0.1105,0,0,0,Month_3
CUST_100950,28,Working Age (25-55),Male,56300.0,10000,credit_card,0,16,5,0.249,0,1,0,Month_3
CUST_100951,52,Working Age (25-55),Male,124200.0,49800,debt_consolidation,6,18,9,0.3009,0,0,0,Month_3
CUST_100952,31,Working Age (25-55),Male,22900.0,6500,debt_consolidation,1,15,3,0.1957,0,1,0,Month_3
CUST_100953,36,Working Age (25-55),Male,70100.0,26500,debt_consolidation,0,15,9,0.3439,0,0,1,Month_3
CUST_100954,41,Working Age (25-55),Female,34200.0,4700,debt_consolidation,4,12,5,0.6214,0,0,1,Month_3
CUST_100955,58,Senior (>55),Female,45900.0,20600,credit_card,0,19,10,0.1899,0,0,0,Month_3
CUST_100956,30,Working Age (25-55),Male,44000.0,12800,debt_consolidation,0,5,8,0.097,0,0,1,Month_3
CUST_100957,44,Working Age (25-55),Male,38100.0,13400,credit_card,0,16,7,0.1529,1,0,0,Month_3
CUST_100958,37,Working Age (25-55),Male,175500.0,50000,credit_card,10,12,10,0.1046,0,0,0,Month_3
CUST_100959,42,Working Age (25-55),Female,82200.0,23400,credit_card,4,11,6,0.1544,1,1,1,Month_3
CUST_100960,48,Working Age (25-55),Male,181800.0,50000,major_purchase,8,18,8,0.2828,0,1,0,Month_3
CUST_100961,26,Working Age (25-55),Male,28700.0,11400,credit_card,8,14,4,0.5017,1,0,1,Month_3
CUST_100962,43,Working Age (25-55),Male,59000.0,19500,credit_card,4,9,10,0.4753,0,0,1,Month_3
CUST_100963,48,Working Age (25-55),Female,46500.0,13800,debt_consolidation,0,11,8,0.4158,0,0,1,Month_3
CUST_100964,20,Young (<25),Female,34200.0,7400,debt_consolidation,2,2,7,0.3615,0,0,1,Month_3
CUST_100965,49,Working Age (25-55),Female,140700.0,50000,credit_card,10,14,11,0.3192,0,0,0,Month_3
CUST_100966,61,Senior (>55),Male,54100.0,14100,debt_consolidation,1,17,5,0.3109,0,0,0,Month_3
CUST_100967,45,Working Age (25-55),Male,49700.0,21200,home_improvement,0,16,7,0.3619,1,0,1,Month_3
CUST_100968,27,Working Age (25-55),Male,39000.0,10600,credit_card,8,5,6,0.3945,0,0,1,Month_3
CUST_100969,41,Working Age (25-55),Male,36900.0,7600,debt_consolidation,4,8,2,0.5088,0,0,1,Month_3
CUST_100970,53,Working Age (25-55),Male,16700.0,8100,debt_consolidation,4,20,9,0.2948,0,0,0,Month_3
CUST_100971,37,Working Age (25-55),Female,80700.0,12700,debt_consolidation,5,10,5,0.3883,0,0,0,Month_3
CUST_100972,53,Working Age (25-55),Female,25500.0,6300,medical,0,16,8,0.1331,0,0,0,Month_3
CUST_100973,28,Working Age (25-55),Male,70100.0,32500,debt_consolidation,3,12,8,0.2232,0,2,1,Month_3
CUST_100974,29,Working Age (25-55),Male,52900.0,18400,debt_consolidation,1,7,6,0.4899,1,0,1,Month_3
CUST_100975,49,Working Age (25-55),Female,47700.0,12600,debt_consolidation,0,13,7,0.258,0,0,0,Month_3
CUST_100976,38,Working Age (25-55),Male,55000.0,7000,credit_card,2,13,6,0.2946,0,0,0,Month_3
CUST_100977,24,Young (<25),Female,41600.0,18300,credit_card,3,9,8,0.4683,0,0,1,Month_3
CUST_100978,39,Working Age (25-55),Male,105200.0,37000,debt_consolidation,2,14,9,0.2107,0,0,0,Month_3
CUST_100979,19,Young (<25),Male,21200.0,4200,medical,1,6,13,0.09,0,0,0,Month_3
CUST_100980,29,Working Age (25-55),Male,43300.0,16000,home_improvement,5,10,3,0.0989,0,0,0,Month_3
CUST_100981,50,Working Age (25-55),Male,52100.0,7600,medical,0,19,8,0.2953,0,0,0,Month_3
CUST_100982,39,Working Age (25-55),Male,57300.0,13800,major_purchase,4,14,13,0.4541,0,0,1,Month_3
CUST_100983,65,Senior (>55),Female,43700.0,14100,home_improvement,3,25,11,0.1929,0,2,0,Month_3
CUST_100984,51,Working Age (25-55),Female,63000.0,22500,debt_consolidation,19,18,7,0.4082,0,2,1,Month_3
CUST_100985,25,Working Age (25-55),Male,35500.0,11500,major_purchase,7,11,6,0.1971,0,0,0,Month_3
CUST_100986,23,Young (<25),Male,40800.0,12500,debt_consolidation,5,11,6,0.2493,0,0,0,Month_3
CUST_100987,46,Working Age (25-55),Female,33900.0,8500,debt_consolidation,0,14,10,0.5333,0,0,1,Month_3
CUST_100988,59,Senior (>55),Female,23000.0,4700,home_improvement,2,21,8,0.1635,0,0,0,Month_3
CUST_100989,31,Working Age (25-55),Male,37800.0,4100,credit_card,6,10,12,0.1735,0,0,0,Month_3
CUST_100990,35,Working Age (25-55),Male,32700.0,11700,major_purchase,12,7,4,0.4808,0,2,1,Month_3
CUST_100991,54,Working Age (25-55),Male,58600.0,9000,small_business,2,13,3,0.1892,1,2,1,Month_3
CUST_100992,29,Working Age (25-55),Male,71000.0,28400,debt_consolidation,2,12,4,0.3901,0,0,1,Month_3
CUST_100993,61,Senior (>55),Male,86500.0,38700,major_purchase,9,16,4,0.2292,0,0,0,Month_3
CUST_100994,35,Working Age (25-55),Male,52900.0,24600,debt_consolidation,2,13,9,0.09,0,0,1,Month_3
CUST_100995,34,Working Age (25-55),Female,44500.0,11900,credit_card,7,15,3,0.3289,0,0,0,Month_3
CUST_100996,33,Working Age (25-55),Male,39300.0,8200,major_purchase,12,9,14,0.2096,0,0,0,Month_3
CUST_100997,42,Working Age (25-55),Female,64000.0,28300,debt_consolidation,2,10,12,0.1578,1,0,1,Month_3
CUST_100998,19,Young (<25),Male,40300.0,18800,credit_card,1,1,9,0.2405,0,0,1,Month_3
CUST_100999,19,Young (<25),Female,34700.0,10600,debt_consolidation,1,1,7,0.3616,0,0,1,Month_3
CUST_100000,47,Working Age (25-55),Male,31400.0,12700,credit_card,18,10,9,0.115,0,0,0,Month_4
CUST_100001,43,Working Age (25-55),Male,28400.0,12500,credit_card,7,19,8,0.115,0,0,0,Month_4
CUST_100002,33,Working Age (25-55),Male,37500.0,8000,debt_consolidation,2,7,5,0.1544,1,0,0,Month_4
CUST_100003,42,Working Age (25-55),Male,80000.0,21900,home_improvement,2,12,10,0.4865,0,0,1,Month_4
CUST_100004,48,Working Age (25-55),Female,44000.0,10800,debt_consolidation,5,24,6,0.2083,0,0,0,Month_4
CUST_100005,39,Working Age (25-55),Male,18100.0,7700,credit_card,0,15,9,0.2239,0,0,0,Month_4
CUST_100006,58,Senior (>55),Male,92700.0,21400,home_improvement,16,15,3,0.1693,0,0,0,Month_4
CUST_100007,31,Working Age (25-55),Female,107300.0,12900,credit_card,0,20,6,0.4506,0,0,0,Month_4
CUST_100008,28,Working Age (25-55),Male,47700.0,23400,debt_consolidation,1,10,11,0.1671,0,0,0,Month_4
CUST_100009,19,Young (<25),Female,62800.0,14300,debt_consolidation,0,6,3,0.4772,1,0,1,Month_4
CUST_100010,44,Working Age (25-55),Female,40500.0,15000,credit_card,2,17,4,0.4582,0,0,1,Month_4
CUST_100011,25,Working Age (25-55),Male,40400.0,5500,credit_card,7,6,8,0.2927,0,0,0,Month_4
CUST_100012,31,Working Age (25-55),Male,74200.0,17300,credit_card,3,11,9,0.2595,0,0,0,Month_4
CUST_100013,30,Working Age (25-55),Male,56400.0,27900,medical,4,14,3,0.2234,0,0,0,Month_4
CUST_100014,24,Young (<25),Male,88200.0,34100,debt_consolidation,6,9,4,0.2289,0,0,0,Month_4
CUST_100015,36,Working Age (25-55),Female,33800.0,5400,debt_consolidation,13,9,7,0.2348,0,1,0,Month_4
CUST_100016,45,Working Age (25-55),Male,48900.0,24200,debt_consolidation,2,17,8,0.2445,1,2,0,Month_4
CUST_100017,35,Working Age (25-55),Female,42600.0,20100,major_purchase,0,7,8,0.3019,0,0,1,Month_4
CUST_100018,37,Working Age (25-55),Female,16100.0,6800,debt_consolidation,0,13,6,0.3709,0,0,1,Month_4
CUST_100019,47,Working Age (25-55),Male,52700.0,17700,home_improvement,6,16,7,0.4789,0,0,1,Month_4
CUST_100020,32,Working Age (25-55),Female,107500.0,45000,credit_card,14,11,7,0.1871,0,0,0,Month_4
CUST_100021,48,Working Age (25-55),Male,49100.0,7000,major_purchase,0,19,7,0.2029,0,0,0,Month_4
CUST_100022,37,Working Age (25-55),Female,68900.0,8100,home_improvement,8,3,7,0.1918,0,2,0,Month_4
CUST_100023,47,Working Age (25-55),Male,117200.0,28400,debt_consolidation,1,15,6,0.2934,0,0,0,Month_4
CUST_100024,39,Working Age (25-55),Female,160600.0,32000,home_improvement,0,17,1,0.3909,0,0,0,Month_4
CUST_100025,37,Working Age (25-55),Male,68400.0,21200,debt_consolidation,3,15,8,0.1535,0,1,0,Month_4
CUST_100026,24,Young (<25),Female,21000.0,2700,credit_card,6,9,4,0.2402,0,1,0,Month_4
CUST_100027,36,Working Age (25-55),Male,38800.0,15700,debt_consolidation,7,16,8,0.2159,0,0,0,Month_4
CUST_100028,48,Working Age (25-55),Male,45100.0,13600,credit_card,1,16,7,0.1815,0,1,0,Month_4
CUST_100029,36,Working Age (25-55),Female,26700.0,4700,debt_consolidation,0,16,6,0.3782,1,1,1,Month_4
CUST_100030,30,Working Age (25-55),Male,25300.0,9800,debt_consolidation,9,15,11,0.4666,0,1,1,Month_4
CUST_100031,45,Working Age (25-55),Male,63600.0,18900,debt_consolidation,0,14,5,0.5017,0,3,1,Month_4
CUST_100032,35,Working Age (25-55),Male,36900.0,5000,debt_consolidation,1,13,12,0.3552,0,1,1,Month_4
CUST_100033,42,Working Age (25-55),Female,95900.0,12100,medical,7,17,9,0.2106,0,0,0,Month_4
CUST_100034,28,Working Age (25-55),Female,26700.0,8800,debt_consolidation,10,4,8,0.1537,0,0,0,Month_4
CUST_100035,37,Working Age (25-55),Male,49600.0,19800,debt_consolidation,6,8,5,0.1573,0,0,0,Month_4
CUST_100036,19,Young (<25),Female,19000.0,3300,small_business,1,6,14,0.1517,1,0,1,Month_4
CUST_100037,41,Working Age (25-55),Male,106500.0,22700,debt_consolidation,0,12,6,0.4128,0,1,1,Month_4
CUST_100038,19,Young (<25),Female,47300.0,21300,debt_consolidation,1,9,5,0.2883,0,0,1,Month_4
CUST_100039,41,Working Age (25-55),Female,43000.0,19600,debt_consolidation,8,14,10,0.3589,0,0,0,Month_4
CUST_100040,51,Working Age (25-55),Female,57400.0,28400,credit_card,2,20,8,0.4838,0,0,1,Month_4
CUST_100041,71,Senior (>55),Female,55800.0,9400,debt_consolidation,10,22,9,0.4943,1,0,1,Month_4
CUST_100042,48,Working Age (25-55),Female,33900.0,13700,debt_consolidation,2,14,8,0.1953,0,0,0,Month_4
CUST_100043,19,Young (<25),Female,71400.0,16400,debt_consolidation,0,6,8,0.2081,0,0,0,Month_4
CUST_100044,55,Working Age (25-55),Female,23400.0,4400,debt_consolidation,0,20,7,0.4101,1,0,1,Month_4
CUST_100045,32,Working Age (25-55),Female,55500.0,26700,credit_card,0,10,1,0.2761,1,0,1,Month_4
CUST_100046,44,Working Age (25-55),Female,46000.0,8100,debt_consolidation,4,18,3,0.2766,0,0,0,Month_4
CUST_100047,37,Working Age (25-55),Female,108200.0,23500,debt_consolidation,3,12,8,0.185,0,1,0,Month_4
CUST_100048,42,Working Age (25-55),Male,16100.0,6900,debt_consolidation,6,18,7,0.3556,0,0,0,Month_4
CUST_100049,61,Senior (>55),Female,16100.0,7600,debt_consolidation,6,20,8,0.115,1,0,1,Month_4
CUST_100050,27,Working Age (25-55),Female,37300.0,9400,small_business,0,9,7,0.5258,0,0,1,Month_4
CUST_100051,33,Working Age (25-55),Female,18800.0,5500,debt_consolidation,2,10,10,0.2011,1,0,1,Month_4
CUST_100052,65,Senior (>55),Female,32200.0,13800,credit_card,0,25,5,0.2781,0,2,0,Month_4
CUST_100053,42,Working Age (25-55),Male,43400.0,18500,debt_consolidation,5,17,10,0.2196,0,1,0,Month_4
CUST_100054,42,Working Age (25-55),Male,55200.0,10400,debt_consolidation,3,15,9,0.3298,0,0,0,Month_4
CUST_100055,34,Working Age (25-55),Female,17400.0,4000,credit_card,0,11,5,0.2354,0,0,0,Month_4
CUST_100056,41,Working Age (25-55),Male,68600.0,10400,home_improvement,1,20,8,0.2464,0,1,0,Month_4
CUST_100057,45,Working Age (25-55),Male,43000.0,19700,home_improvement,0,21,5,0.3075,0,1,1,Month_4
CUST_100058,36,Working Age (25-55),Female,25200.0,9700,credit_card,18,13,6,0.4184,0,0,1,Month_4
CUST_100059,41,Working Age (25-55),Male,59300.0,27100,major_purchase,4,16,8,0.3021,0,0,0,Month_4
CUST_100060,23,Young (<25),Male,72600.0,26900,credit_card,2,8,10,0.3841,0,0,1,Month_4
CUST_100061,19,Young (<25),Female,62100.0,12000,debt_consolidation,1,4,11,0.3128,0,1,1,Month_4
CUST_100062,35,Working Age (25-55),Male,56100.0,11300,home_improvement,4,11,7,0.1923,0,0,0,Month_4
CUST_100063,44,Working Age (25-55),Male,16100.0,3500,home_improvement,0,14,10,0.521,1,2,1,Month_4
CUST_100064,36,Working Age (25-55),Male,46400.0,19400,debt_consolidation,9,9,8,0.3764,0,0,1,Month_4
CUST_100065,55,Working Age (25-55),Male,24400.0,8500,major_purchase,7,18,6,0.2461,1,0,0,Month_4
CUST_100066,34,Working Age (25-55),Female,26300.0,5800,debt_consolidation,16,11,3,0.3053,0,0,0,Month_4
CUST_100067,68,Senior (>55),Female,143700.0,33800,home_improvement,1,23,6,0.2228,0,1,0,Month_4
CUST_100068,31,Working Age (25-55),Male,48300.0,20500,debt_consolidation,3,11,6,0.2693,0,1,1,Month_4
CUST_100069,29,Working Age (25-55),Male,64200.0,20300,home_improvement,1,10,5,0.2423,0,0,0,Month_4
CUST_100070,58,Senior (>55),Male,29600.0,9100,major_purchase,1,24,3,0.2999,1,0,1,Month_4
CUST_100071,33,Working Age (25-55),Female,93500.0,12700,small_business,7,9,4,0.22,0,0,0,Month_4
CUST_100072,41,Working Age (25-55),Male,39000.0,19200,debt_consolidation,19,13,9,0.4725,0,0,0,Month_4
CUST_100073,40,Working Age (25-55),Male,45600.0,10400,home_improvement,1,16,4,0.1797,0,0,0,Month_4
CUST_100074,39,Working Age (25-55),Female,59700.0,22100,credit_card,3,14,6,0.3901,0,0,1,Month_4
CUST_100075,28,Working Age (25-55),Male,16700.0,2400,small_business,0,7,8,0.2874,0,1,1,Month_4
CUST_100076,43,Working Age (25-55),Male,34200.0,14700,debt_consolidation,4,13,9,0.2722,0,1,0,Month_4
CUST_100077,44,Working Age (25-55),Male,54900.0,22600,debt_consolidation,9,19,9,0.1982,0,0,0,Month_4
CUST_100078,19,Young (<25),Male,62600.0,20500,debt_consolidation,1,6,5,0.3019,0,0,0,Month_4
CUST_100079,60,Senior (>55),Female,146100.0,49800,credit_card,0,21,8,0.1564,1,0,0,Month_4
CUST_100080,50,Working Age (25-55),Male,33600.0,10100,debt_consolidation,0,16,7,0.3343,0,0,0,Month_4
CUST_100081,23,Young (<25),Female,24500.0,8400,debt_consolidation,5,12,13,0.2597,0,0,0,Month_4
CUST_100082,39,Working Age (25-55),Female,19900.0,3800,credit_card,3,18,8,0.3619,0,0,0,Month_4
CUST_100083,38,Working Age (25-55),Female,47100.0,15700,debt_consolidation,5,15,9,0.3267,0,3,1,Month_4
CUST_100084,23,Young (<25),Male,18900.0,7600,credit_card,3,12,7,0.3525,0,0,1,Month_4
CUST_100085,33,Working Age (25-55),Male,66000.0,29200,major_purchase,1,12,12,0.2869,1,0,1,Month_4
CUST_100086,37,Working Age (25-55),Female,62600.0,13100,home_improvement,1,6,3,0.1728,0,0,0,Month_4
CUST_100087,21,Young (<25),Female,33100.0,9000,credit_card,3,5,7,0.3446,0,0,1,Month_4
CUST_100088,38,Working Age (25-55),Female,35400.0,9100,debt_consolidation,2,12,4,0.3532,0,1,1,Month_4
CUST_100089,53,Working Age (25-55),Female,106500.0,50000,home_improvement,3,22,13,0.3032,0,0,0,Month_4
CUST_100090,32,Working Age (25-55),Male,30400.0,6600,credit_card,6,6,11,0.1912,1,0,0,Month_4
CUST_100091,43,Working Age (25-55),Female,84800.0,15600,debt_consolidation,0,16,10,0.378,0,0,0,Month_4
CUST_100092,51,Working Age (25-55),Female,76900.0,33400,debt_consolidation,1,15,9,0.3927,0,0,1,Month_4
CUST_100093,40,Working Age (25-55),Female,62800.0,12000,debt_consolidation,3,13,4,0.4342,1,1,1,Month_4
CUST_100094,26,Working Age (25-55),Male,63500.0,27600,debt_consolidation,4,8,9,0.422,0,0,1,Month_4
CUST_100095,23,Young (<25),Male,68900.0,29000,home_improvement,5,6,9,0.417,0,1,1,Month_4
CUST_100096,26,Working Age (25-55),Male,34000.0,6500,debt_consolidation,0,12,5,0.1232,0,0,0,Month_4
CUST_100097,34,Working Age (25-55),Male,63600.0,11400,major_purchase,0,14,7,0.3692,0,0,0,Month_4
CUST_100098,51,Working Age (25-55),Female,50800.0,6000,debt_consolidation,0,23,8,0.3409,0,0,0,Month_4
CUST_100099,41,Working Age (25-55),Male,32900.0,11200,credit_card,16,12,11,0.2923,1,0,0,Month_4
CUST_100100,45,Working Age (25-55),Female,62700.0,16900,credit_card,7,21,7,0.3691,0,0,0,Month_4
CUST_100101,58,Senior (>55),Male,25700.0,4900,small_business,8,20,6,0.1667,0,0,0,Month_4
CUST_100102,36,Working Age (25-55),Female,38800.0,8800,debt_consolidation,2,11,6,0.3125,0,0,0,Month_4
CUST_100103,51,Working Age (25-55),Female,100200.0,36600,medical,6,17,5,0.2891,0,0,0,Month_4
CUST_100104,34,Working Age (25-55),Female,81500.0,26700,credit_card,6,14,11,0.2075,1,2,1,Month_4
CUST_100105,51,Working Age (25-55),Male,59200.0,8200,debt_consolidation,21,17,8,0.446,0,0,1,Month_4
CUST_100106,46,Working Age (25-55),Male,34300.0,8300,credit_card,2,21,14,0.4838,0,0,1,Month_4
CUST_100107,34,Working Age (25-55),Male,71200.0,14500,debt_consolidation,4,10,4,0.4857,0,0,1,Month_4
CUST_100108,39,Working Age (25-55),Female,86600.0,20500,small_business,5,12,7,0.2331,0,3,0,Month_4
CUST_100109,44,Working Age (25-55),Female,82000.0,31600,credit_card,1,13,10,0.4032,0,1,1,Month_4
CUST_100110,56,Senior (>55),Male,34700.0,6400,debt_consolidation,1,26,6,0.368,0,0,0,Month_4
CUST_100111,58,Senior (>55),Male,40700.0,15800,home_improvement,7,19,7,0.2915,0,0,0,Month_4
CUST_100112,20,Young (<25),Female,22600.0,6900,major_purchase,2,2,7,0.1609,1,1,1,Month_4
CUST_100113,19,Young (<25),Female,102300.0,38000,home_improvement,1,1,9,0.3015,0,1,0,Month_4
CUST_100114,21,Young (<25),Female,31100.0,8400,credit_card,3,8,3,0.1777,0,0,0,Month_4
CUST_100115,51,Working Age (25-55),Female,19500.0,5000,home_improvement,8,15,4,0.2842,0,0,0,Month_4
CUST_100116,59,Senior (>55),Male,60400.0,24500,debt_consolidation,2,26,8,0.2497,0,2,0,Month_4
CUST_100117,28,Working Age (25-55),Female,44800.0,13600,small_business,10,13,5,0.1887,0,2,0,Month_4
CUST_100118,39,Working Age (25-55),Male,82300.0,14000,debt_consolidation,8,14,6,0.3216,0,0,0,Month_4
CUST_100119,50,Working Age (25-55),Female,61500.0,11700,small_business,0,14,9,0.2559,0,0,0,Month_4
CUST_100120,52,Working Age (25-55),Female,30900.0,14000,debt_consolidation,18,15,11,0.3919,0,2,1,Month_4
CUST_100121,38,Working Age (25-55),Female,31300.0,6700,credit_card,14,13,10,0.2709,0,0,0,Month_4
CUST_100122,33,Working Age (25-55),Female,60300.0,23100,debt_consolidation,13,11,2,0.158,0,0,0,Month_4
CUST_100123,36,Working Age (25-55),Female,40500.0,13900,credit_card,3,10,15,0.3801,0,0,1,Month_4
CUST_100124,60,Senior (>55),Male,29700.0,5400,debt_consolidation,1,26,10,0.4933,0,1,1,Month_4
CUST_100125,51,Working Age (25-55),Female,29200.0,7900,credit_card,5,18,6,0.1683,0,1,0,Month_4
CUST_100126,53,Working Age (25-55),Male,73600.0,13700,medical,5,15,4,0.1348,1,0,0,Month_4
CUST_100127,63,Senior (>55),Male,80800.0,37700,major_purchase,2,17,8,0.1187,1,0,0,Month_4
CUST_100128,38,Working Age (25-55),Male,94600.0,24900,credit_card,4,13,10,0.3835,0,0,0,Month_4
CUST_100129,56,Senior (>55),Female,37000.0,11600,debt_consolidation,12,19,6,0.2879,0,0,0,Month_4
CUST_100130,43,Working Age (25-55),Male,48200.0,22500,debt_consolidation,12,14,5,0.4459,1,2,1,Month_4
CUST_100131,40,Working Age (25-55),Female,26900.0,5700,major_purchase,9,12,9,0.1322,0,1,0,Month_4
CUST_100132,37,Working Age (25-55),Male,207600.0,50000,credit_card,13,15,6,0.4328,1,0,1,Month_4
CUST_100133,53,Working Age (25-55),Female,98000.0,42100,home_improvement,3,17,5,0.2325,0,0,0,Month_4
CUST_100134,49,Working Age (25-55),Male,16100.0,3400,debt_consolidation,0,12,9,0.251,0,0,0,Month_4
CUST_100135,47,Working Age (25-55),Male,39300.0,16100,debt_consolidation,1,17,6,0.2789,0,1,0,Month_4
CUST_100136,35,Working Age (25-55),Female,41300.0,12300,small_business,16,13,5,0.1862,1,0,0,Month_4
CUST_100137,19,Young (<25),Male,28600.0,9300,debt_consolidation,1,7,7,0.2405,1,0,1,Month_4
CUST_100138,23,Young (<25),Female,91400.0,32800,credit_card,0,2,7,0.247,0,0,0,Month_4
CUST_100139,27,Working Age (25-55),Female,40500.0,12400,debt_consolidation,9,11,8,0.1976,0,0,0,Month_4
CUST_100140,40,Working Age (25-55),Male,32900.0,15600,credit_card,5,12,3,0.1662,0,0,0,Month_4
CUST_100141,31,Working Age (25-55),Male,58200.0,12200,debt_consolidation,1,13,8,0.191,0,0,0,Month_4
CUST_100142,34,Working Age (25-55),Female,102200.0,34800,credit_card,1,9,10,0.1753,0,0,0,Month_4
CUST_100143,34,Working Age (25-55),Female,53700.0,24300,credit_card,5,12,8,0.1323,0,0,0,Month_4
CUST_100144,36,Working Age (25-55),Female,33400.0,14100,debt_consolidation,3,13,7,0.1567,0,0,0,Month_4
CUST_100145,33,Working Age (25-55),Female,54100.0,20200,credit_card,4,10,5,0.1314,0,0,1,Month_4
CUST_100146,44,Working Age (25-55),Female,59600.0,9600,credit_card,6,12,10,0.3802,0,3,0,Month_4
CUST_100147,34,Working Age (25-55),Male,32300.0,13000,debt_consolidation,9,11,7,0.115,0,0,0,Month_4
CUST_100148,31,Working Age (25-55),Female,81900.0,9800,debt_consolidation,4,12,8,0.2744,1,1,0,Month_4
CUST_100149,52,Working Age (25-55),Male,141100.0,40100,debt_consolidation,0,23,5,0.2095,0,1,0,Month_4
CUST_100150,35,Working Age (25-55),Male,68700.0,20600,medical,13,12,11,0.5166,0,0,1,Month_4
CUST_100151,35,Working Age (25-55),Male,51900.0,7200,home_improvement,0,17,6,0.3697,0,0,0,Month_4
CUST_100152,30,Working Age (25-55),Female,49600.0,14300,credit_card,0,10,6,0.2596,0,0,0,Month_4
CUST_100153,54,Working Age (25-55),Male,43500.0,9500,credit_card,0,18,11,0.3011,0,2,0,Month_4
CUST_100154,37,Working Age (25-55),Male,41700.0,5800,credit_card,8,14,5,0.2344,1,1,1,Month_4
CUST_100155,41,Working Age (25-55),Male,110400.0,38100,major_purchase,9,14,7,0.4358,0,0,1,Month_4
CUST_100156,31,Working Age (25-55),Male,16100.0,3800,credit_card,3,6,5,0.2439,0,0,0,Month_4
CUST_100157,50,Working Age (25-55),Male,28500.0,7700,credit_card,5,17,8,0.3973,0,0,0,Month_4
CUST_100158,55,Working Age (25-55),Female,146700.0,50000,credit_card,3,18,12,0.282,1,0,0,Month_4
CUST_100159,42,Working Age (25-55),Male,98000.0,46100,small_business,4,17,5,0.2633,1,0,1,Month_4
CUST_100160,37,Working Age (25-55),Male,48500.0,9100,debt_consolidation,2,13,8,0.2431,1,0,0,Month_4
CUST_100161,19,Young (<25),Female,154700.0,50000,credit_card,1,3,4,0.5501,1,0,1,Month_4
CUST_100162,52,Working Age (25-55),Female,68600.0,20400,debt_consolidation,2,13,8,0.3348,0,0,0,Month_4
CUST_100163,54,Working Age (25-55),Female,39600.0,13800,debt_consolidation,5,16,11,0.3037,0,0,0,Month_4
CUST_100164,43,Working Age (25-55),Male,32900.0,10900,debt_consolidation,10,12,4,0.2281,0,0,0,Month_4
CUST_100165,36,Working Age (25-55),Male,72300.0,22700,debt_consolidation,2,15,10,0.3336,0,0,0,Month_4
CUST_100166,43,Working Age (25-55),Male,32300.0,9300,debt_consolidation,3,17,7,0.2468,0,0,0,Month_4
CUST_100167,24,Young (<25),Male,50900.0,18400,home_improvement,6,5,9,0.1795,0,3,0,Month_4
CUST_100168,61,Senior (>55),Female,62300.0,27400,credit_card,5,15,9,0.2904,0,0,0,Month_4
CUST_100169,34,Working Age (25-55),Female,27000.0,10800,medical,0,13,3,0.3526,0,0,1,Month_4
CUST_100170,37,Working Age (25-55),Female,44700.0,16100,debt_consolidation,2,10,6,0.3414,0,0,1,Month_4
CUST_100171,34,Working Age (25-55),Male,56100.0,25700,credit_card,3,14,3,0.1987,0,0,0,Month_4
CUST_100172,57,Senior (>55),Male,26700.0,7000,credit_card,3,19,2,0.1301,0,0,0,Month_4
CUST_100173,58,Senior (>55),Female,46900.0,6900,debt_consolidation,8,22,9,0.1796,0,0,0,Month_4
CUST_100174,27,Working Age (25-55),Female,34600.0,5200,small_business,0,8,8,0.22,1,0,1,Month_4
CUST_100175,55,Working Age (25-55),Female,28500.0,5200,credit_card,3,20,5,0.3942,0,0,0,Month_4
CUST_100176,25,Working Age (25-55),Male,21100.0,7000,home_improvement,5,10,11,0.365,1,0,1,Month_4
CUST_100177,24,Young (<25),Male,18900.0,7200,credit_card,4,6,7,0.115,1,1,1,Month_4
CUST_100178,48,Working Age (25-55),Female,129100.0,50000,credit_card,3,17,4,0.3048,0,2,0,Month_4
CUST_100179,42,Working Age (25-55),Male,54100.0,13100,home_improvement,0,13,6,0.4838,0,0,1,Month_4
CUST_100180,46,Working Age (25-55),Male,51200.0,14900,debt_consolidation,0,11,10,0.4787,0,0,1,Month_4
CUST_100181,33,Working Age (25-55),Female,232700.0,32000,medical,0,11,5,0.2626,0,0,0,Month_4
CUST_100182,39,Working Age (25-55),Female,181800.0,50000,credit_card,0,11,8,0.3094,0,0,0,Month_4
CUST_100183,27,Working Age (25-55),Male,54600.0,16300,debt_consolidation,3,4,2,0.1767,0,0,0,Month_4
CUST_100184,32,Working Age (25-55),Female,33800.0,15900,debt_consolidation,14,10,6,0.2816,0,0,0,Month_4
CUST_100185,43,Working Age (25-55),Female,45900.0,17700,credit_card,1,14,3,0.4406,0,0,1,Month_4
CUST_100186,49,Working Age (25-55),Female,32600.0,6800,small_business,3,16,5,0.191,1,2,1,Month_4
CUST_100187,19,Young (<25),Male,40600.0,14400,debt_consolidation,1,8,5,0.2609,0,0,0,Month_4
CUST_100188,55,Working Age (25-55),Male,57400.0,24600,credit_card,0,20,9,0.3369,1,0,1,Month_4
CUST_100189,25,Working Age (25-55),Female,25100.0,11800,debt_consolidation,0,3,5,0.3423,0,1,1,Month_4
CUST_100190,56,Senior (>55),Male,33000.0,8700,debt_consolidation,2,22,10,0.3145,0,0,1,Month_4
CUST_100191,40,Working Age (25-55),Male,57100.0,11600,debt_consolidation,0,15,8,0.1823,0,0,0,Month_4
CUST_100192,23,Young (<25),Male,42000.0,5300,debt_consolidation,1,8,7,0.3855,1,0,1,Month_4
CUST_100193,31,Working Age (25-55),Male,33400.0,10600,debt_consolidation,0,7,6,0.2318,0,2,1,Month_4
CUST_100194,29,Working Age (25-55),Male,16100.0,5600,small_business,4,17,11,0.338,0,0,0,Month_4
CUST_100195,31,Working Age (25-55),Female,50700.0,19800,debt_consolidation,5,11,6,0.2856,0,2,1,Month_4
CUST_100196,36,Working Age (25-55),Male,83600.0,26800,debt_consolidation,18,14,7,0.2976,0,0,0,Month_4
CUST_100197,41,Working Age (25-55),Female,125700.0,50000,debt_consolidation,9,16,11,0.3404,0,3,0,Month_4
CUST_100198,46,Working Age (25-55),Female,58900.0,10200,debt_consolidation,1,18,7,0.3331,0,0,0,Month_4
CUST_100199,32,Working Age (25-55),Male,35400.0,8800,debt_consolidation,0,7,7,0.221,0,1,0,Month_4
CUST_100200,32,Working Age (25-55),Female,64400.0,7600,home_improvement,6,9,11,0.2885,0,0,0,Month_4
CUST_100201,30,Working Age (25-55),Male,29300.0,11300,credit_card,0,11,8,0.1831,0,1,0,Month_4
CUST_100202,19,Young (<25),Male,89700.0,43700,debt_consolidation,1,1,8,0.2292,1,0,1,Month_4
CUST_100203,31,Working Age (25-55),Female,73900.0,18100,debt_consolidation,5,13,9,0.329,0,0,0,Month_4
CUST_100204,48,Working Age (25-55),Female,65600.0,15500,debt_consolidation,0,11,6,0.2214,0,0,0,Month_4
CUST_100205,47,Working Age (25-55),Female,54600.0,24800,debt_consolidation,4,16,5,0.2736,1,1,1,Month_4
CUST_100206,19,Young (<25),Male,51900.0,18400,credit_card,0,7,9,0.3548,0,0,1,Month_4
CUST_100207,47,Working Age (25-55),Female,169400.0,41400,debt_consolidation,0,21,3,0.319,1,3,0,Month_4
CUST_100208,28,Working Age (25-55),Male,58300.0,21400,debt_consolidation,4,5,8,0.3466,0,0,1,Month_4
CUST_100209,56,Senior (>55),Male,37900.0,12900,debt_consolidation,12,18,6,0.1966,0,0,0,Month_4
CUST_100210,45,Working Age (25-55),Male,60600.0,19900,debt_consolidation,16,14,3,0.236,0,0,0,Month_4
CUST_100211,28,Working Age (25-55),Female,110500.0,45200,home_improvement,0,9,7,0.1187,0,0,0,Month_4
CUST_100212,39,Working Age (25-55),Female,92400.0,42100,debt_consolidation,5,11,10,0.3109,0,0,0,Month_4
CUST_100213,46,Working Age (25-55),Female,19600.0,3500,debt_consolidation,0,15,6,0.2467,1,0,1,Month_4
CUST_100214,45,Working Age (25-55),Male,115800.0,41900,credit_card,3,15,3,0.3346,1,0,1,Month_4
CUST_100215,35,Working Age (25-55),Male,35100.0,6900,debt_consolidation,2,13,6,0.318,0,0,0,Month_4
CUST_100216,60,Senior (>55),Female,54700.0,20600,debt_consolidation,3,25,11,0.3669,0,0,0,Month_4
CUST_100217,75,Senior (>55),Male,56400.0,28000,debt_consolidation,7,26,9,0.1963,0,2,0,Month_4
CUST_100218,53,Working Age (25-55),Male,74600.0,17500,credit_card,2,21,5,0.3754,1,0,1,Month_4
CUST_100219,30,Working Age (25-55),Male,69200.0,22900,credit_card,1,7,8,0.2719,0,0,0,Month_4
CUST_100220,41,Working Age (25-55),Male,35600.0,6500,debt_consolidation,0,15,10,0.222,0,0,0,Month_4
CUST_100221,28,Working Age (25-55),Male,76300.0,36800,debt_consolidation,0,11,5,0.1282,0,0,0,Month_4
CUST_100222,51,Working Age (25-55),Female,46100.0,8000,credit_card,2,21,7,0.3865,1,1,1,Month_4
CUST_100223,57,Senior (>55),Female,19200.0,5500,home_improvement,2,21,13,0.2658,0,0,0,Month_4
CUST_100224,22,Young (<25),Female,37000.0,15500,medical,4,2,7,0.3718,0,0,1,Month_4
CUST_100225,50,Working Age (25-55),Male,53100.0,24400,debt_consolidation,2,16,9,0.2128,0,0,0,Month_4
CUST_100226,52,Working Age (25-55),Female,93600.0,43500,major_purchase,14,17,8,0.2061,0,0,0,Month_4
CUST_100227,48,Working Age (25-55),Female,23100.0,3700,debt_consolidation,6,15,7,0.3798,0,0,0,Month_4
CUST_100228,32,Working Age (25-55),Female,68600.0,25100,debt_consolidation,6,7,11,0.3051,0,0,0,Month_4
CUST_100229,35,Working Age (25-55),Male,38300.0,12300,home_improvement,1,13,9,0.3733,0,2,1,Month_4
CUST_100230,37,Working Age (25-55),Female,86500.0,28200,home_improvement,2,13,5,0.2344,0,0,0,Month_4
CUST_100231,41,Working Age (25-55),Female,162300.0,50000,debt_consolidation,1,13,4,0.3117,0,0,0,Month_4
CUST_100232,29,Working Age (25-55),Female,55800.0,14700,home_improvement,6,10,8,0.2114,0,0,0,Month_4
CUST_100233,38,Working Age (25-55),Male,149500.0,46600,credit_card,2,12,6,0.2964,0,0,0,Month_4
CUST_100234,51,Working Age (25-55),Male,87100.0,35400,major_purchase,0,13,5,0.4396,0,0,1,Month_4
CUST_100235,41,Working Age (25-55),Female,90600.0,32800,debt_consolidation,1,15,4,0.3389,0,0,0,Month_4
CUST_100236,23,Young (<25),Female,88600.0,34500,debt_consolidation,4,5,7,0.4692,1,0,1,Month_4
CUST_100237,70,Senior (>55),Male,41900.0,5900,medical,17,21,11,0.1876,0,0,0,Month_4
CUST_100238,20,Young (<25),Female,61800.0,12600,credit_card,2,4,2,0.3377,0,0,0,Month_4
CUST_100239,37,Working Age (25-55),Female,99000.0,47500,home_improvement,3,15,6,0.2576,0,0,0,Month_4
CUST_100240,36,Working Age (25-55),Male,67400.0,27500,credit_card,6,8,5,0.2202,0,1,0,Month_4
CUST_100241,47,Working Age (25-55),Male,28000.0,13200,major_purchase,1,12,7,0.2731,0,1,1,Month_4
CUST_100242,40,Working Age (25-55),Male,31500.0,9400,debt_consolidation,4,12,2,0.2637,0,0,0,Month_4
CUST_100243,36,Working Age (25-55),Female,47000.0,10100,home_improvement,0,8,5,0.1826,0,0,0,Month_4
CUST_100244,47,Working Age (25-55),Male,69100.0,34400,credit_card,5,14,11,0.1317,0,0,0,Month_4
CUST_100245,58,Senior (>55),Female,17400.0,3400,home_improvement,9,19,6,0.4068,1,0,1,Month_4
CUST_100246,24,Young (<25),Male,53100.0,18400,home_improvement,1,6,3,0.1895,0,0,0,Month_4
CUST_100247,30,Working Age (25-55),Male,34800.0,4700,major_purchase,8,18,4,0.2007,0,2,0,Month_4
CUST_100248,28,Working Age (25-55),Female,71000.0,33900,credit_card,10,12,8,0.2331,1,0,1,Month_4
CUST_100249,31,Working Age (25-55),Female,40400.0,19700,debt_consolidation,10,12,4,0.1988,0,0,0,Month_4
CUST_100250,38,Working Age (25-55),Female,77600.0,27100,major_purchase,0,14,10,0.2888,0,0,0,Month_4
CUST_100251,48,Working Age (25-55),Female,37700.0,14100,major_purchase,7,15,7,0.1265,0,0,0,Month_4
CUST_100252,20,Young (<25),Male,39400.0,15500,debt_consolidation,2,3,5,0.3624,1,0,1,Month_4
CUST_100253,38,Working Age (25-55),Male,129200.0,26700,credit_card,2,11,10,0.2278,0,0,0,Month_4
CUST_100254,37,Working Age (25-55),Male,37100.0,18600,credit_card,13,12,10,0.2558,0,0,0,Month_4
CUST_100255,35,Working Age (25-55),Male,62600.0,28200,debt_consolidation,11,8,7,0.2957,0,0,0,Month_4
CUST_100256,52,Working Age (25-55),Female,80100.0,23900,home_improvement,7,18,7,0.1595,0,0,0,Month_4
CUST_100257,37,Working Age (25-55),Male,45800.0,6700,debt_consolidation,19,14,9,0.3286,0,2,0,Month_4
CUST_100258,19,Young (<25),Male,193800.0,50000,debt_consolidation,1,6,4,0.4158,0,0,0,Month_4
CUST_100259,48,Working Age (25-55),Male,52400.0,18800,debt_consolidation,0,17,7,0.1787,0,0,1,Month_4
CUST_100260,32,Working Age (25-55),Male,29400.0,10400,debt_consolidation,4,10,4,0.4726,0,2,1,Month_4
CUST_100261,19,Young (<25),Male,48800.0,23900,credit_card,1,6,6,0.5007,0,0,1,Month_4
CUST_100262,19,Young (<25),Male,124000.0,14500,debt_consolidation,1,4,7,0.2204,0,0,0,Month_4
CUST_100263,31,Working Age (25-55),Male,87800.0,12500,medical,4,12,8,0.1624,0,0,0,Month_4
CUST_100264,36,Working Age (25-55),Male,63400.0,14500,debt_consolidation,2,14,9,0.1917,0,0,0,Month_4
CUST_100265,46,Working Age (25-55),Female,108700.0,19800,medical,4,14,10,0.2847,0,0,0,Month_4
CUST_100266,50,Working Age (25-55),Female,49700.0,23400,debt_consolidation,0,16,5,0.4423,0,1,0,Month_4
CUST_100267,36,Working Age (25-55),Male,44500.0,16200,debt_consolidation,15,15,8,0.1606,0,2,0,Month_4
CUST_100268,52,Working Age (25-55),Female,50400.0,24700,debt_consolidation,2,16,1,0.4498,1,0,1,Month_4
CUST_100269,38,Working Age (25-55),Male,96100.0,39500,debt_consolidation,0,15,9,0.2084,1,0,1,Month_4
CUST_100270,37,Working Age (25-55),Male,41800.0,15700,credit_card,2,11,5,0.1625,0,1,1,Month_4
CUST_100271,40,Working Age (25-55),Female,28900.0,5000,credit_card,5,11,10,0.316,0,1,0,Month_4
CUST_100272,69,Senior (>55),Male,51900.0,7800,debt_consolidation,5,28,5,0.2028,0,0,0,Month_4
CUST_100273,51,Working Age (25-55),Female,19000.0,6800,small_business,4,20,4,0.3042,0,0,0,Month_4
CUST_100274,39,Working Age (25-55),Female,69000.0,7900,debt_consolidation,1,21,13,0.115,0,0,0,Month_4
CUST_100275,27,Working Age (25-55),Female,26000.0,12500,small_business,4,12,7,0.3201,0,0,0,Month_4
CUST_100276,51,Working Age (25-55),Female,110000.0,15200,debt_consolidation,6,14,6,0.2879,1,0,0,Month_4
CUST_100277,40,Working Age (25-55),Female,143700.0,50000,small_business,1,12,3,0.2953,0,0,1,Month_4
CUST_100278,37,Working Age (25-55),Male,37500.0,9200,credit_card,13,17,7,0.2445,0,0,0,Month_4
CUST_100279,48,Working Age (25-55),Female,47600.0,14900,debt_consolidation,3,13,10,0.2751,0,0,0,Month_4
CUST_100280,31,Working Age (25-55),Female,67500.0,31000,small_business,2,15,8,0.1586,0,0,0,Month_4
CUST_100281,31,Working Age (25-55),Female,31600.0,6700,home_improvement,2,8,5,0.4664,0,0,1,Month_4
CUST_100282,40,Working Age (25-55),Male,58100.0,26200,credit_card,11,9,4,0.2101,0,0,0,Month_4
CUST_100283,24,Young (<25),Female,57200.0,19300,credit_card,0,5,3,0.6384,0,0,1,Month_4
CUST_100284,22,Young (<25),Female,85400.0,20800,small_business,2,9,11,0.2443,0,1,0,Month_4
CUST_100285,60,Senior (>55),Male,106500.0,30600,home_improvement,9,20,10,0.5165,0,0,0,Month_4
CUST_100286,62,Senior (>55),Female,34000.0,4100,major_purchase,1,18,7,0.2181,0,2,1,Month_4
CUST_100287,36,Working Age (25-55),Male,46700.0,12500,major_purchase,3,8,11,0.1905,0,0,0,Month_4
CUST_100288,44,Working Age (25-55),Female,32600.0,5000,debt_consolidation,2,20,5,0.134,0,0,0,Month_4
CUST_100289,60,Senior (>55),Female,73500.0,16800,debt_consolidation,0,20,8,0.2256,0,0,0,Month_4
CUST_100290,42,Working Age (25-55),Male,23400.0,6900,debt_consolidation,1,11,9,0.2756,0,0,1,Month_4
CUST_100291,49,Working Age (25-55),Male,86800.0,20800,credit_card,7,21,10,0.3889,0,0,0,Month_4
CUST_100292,36,Working Age (25-55),Female,211300.0,50000,debt_consolidation,5,10,5,0.3913,0,0,0,Month_4
CUST_100293,19,Young (<25),Male,79600.0,14300,debt_consolidation,1,7,10,0.2441,0,0,0,Month_4
CUST_100294,32,Working Age (25-55),Female,105500.0,38100,home_improvement,6,9,9,0.3229,1,2,1,Month_4
CUST_100295,19,Young (<25),Female,50100.0,18200,credit_card,1,7,9,0.3491,0,0,1,Month_4
CUST_100296,43,Working Age (25-55),Male,29300.0,11400,home_improvement,1,18,15,0.1331,0,0,0,Month_4
CUST_100297,32,Working Age (25-55),Female,28600.0,8400,home_improvement,3,10,11,0.4469,1,0,1,Month_4
CUST_100298,40,Working Age (25-55),Male,60300.0,14500,medical,2,17,4,0.1537,0,0,0,Month_4
CUST_100299,34,Working Age (25-55),Male,88500.0,37700,debt_consolidation,0,14,6,0.3833,0,3,1,Month_4
CUST_100300,29,Working Age (25-55),Male,47500.0,17500,credit_card,3,7,6,0.2722,0,0,0,Month_4
CUST_100301,26,Working Age (25-55),Male,30800.0,6400,home_improvement,0,9,10,0.1332,0,1,0,Month_4
CUST_100302,39,Working Age (25-55),Female,141100.0,50000,credit_card,5,10,6,0.3387,0,0,0,Month_4
CUST_100303,38,Working Age (25-55),Female,39900.0,10000,home_improvement,4,15,10,0.1838,0,1,0,Month_4
CUST_100304,42,Working Age (25-55),Male,16100.0,4400,small_business,3,15,4,0.1559,0,0,0,Month_4
CUST_100305,36,Working Age (25-55),Male,81300.0,36100,major_purchase,18,7,11,0.1312,0,0,0,Month_4
CUST_100306,27,Working Age (25-55),Female,49800.0,5700,debt_consolidation,1,11,7,0.2117,0,0,0,Month_4
CUST_100307,50,Working Age (25-55),Female,143800.0,50000,credit_card,5,17,4,0.1768,0,0,0,Month_4
CUST_100308,30,Working Age (25-55),Male,74900.0,31200,debt_consolidation,9,8,2,0.3517,0,2,1,Month_4
CUST_100309,38,Working Age (25-55),Female,68200.0,16100,home_improvement,6,16,6,0.1885,1,2,0,Month_4
CUST_100310,33,Working Age (25-55),Female,17800.0,7100,major_purchase,1,8,8,0.16,0,0,0,Month_4
CUST_100311,19,Young (<25),Female,34000.0,15900,medical,1,13,10,0.2121,0,0,0,Month_4
CUST_100312,38,Working Age (25-55),Male,37500.0,11800,debt_consolidation,6,15,5,0.1696,0,0,0,Month_4
CUST_100313,26,Working Age (25-55),Male,26900.0,6500,debt_consolidation,2,5,8,0.19,0,0,0,Month_4
CUST_100314,38,Working Age (25-55),Female,128300.0,50000,debt_consolidation,0,16,11,0.2411,0,0,0,Month_4
CUST_100315,42,Working Age (25-55),Female,27600.0,11200,credit_card,0,19,5,0.4331,0,0,1,Month_4
CUST_100316,28,Working Age (25-55),Female,33300.0,16000,debt_consolidation,2,13,7,0.3223,0,2,1,Month_4
CUST_100317,47,Working Age (25-55),Male,86500.0,22000,debt_consolidation,11,16,5,0.3595,0,1,0,Month_4
CUST_100318,37,Working Age (25-55),Female,40100.0,5900,credit_card,2,15,4,0.2289,0,0,0,Month_4
CUST_100319,40,Working Age (25-55),Female,67200.0,33100,credit_card,0,11,1,0.2353,1,1,1,Month_4
CUST_100320,19,Young (<25),Male,68600.0,25500,medical,0,8,5,0.2449,0,0,0,Month_4
CUST_100321,19,Young (<25),Female,60900.0,14600,debt_consolidation,1,9,1,0.2805,0,0,0,Month_4
CUST_100322,33,Working Age (25-55),Female,16700.0,4100,debt_consolidation,2,16,11,0.1257,0,2,0,Month_4
CUST_100323,31,Working Age (25-55),Male,16100.0,3700,major_purchase,9,9,10,0.2873,1,0,1,Month_4
CUST_100324,33,Working Age (25-55),Male,25500.0,6400,debt_consolidation,0,13,8,0.24,1,3,1,Month_4
CUST_100325,51,Working Age (25-55),Female,54300.0,21600,debt_consolidation,2,14,8,0.2297,0,0,0,Month_4
CUST_100326,27,Working Age (25-55),Male,21000.0,8700,home_improvement,0,9,8,0.3567,0,0,1,Month_4
CUST_100327,49,Working Age (25-55),Male,36800.0,5400,debt_consolidation,0,14,4,0.174,0,0,0,Month_4
CUST_100328,39,Working Age (25-55),Female,96800.0,15600,home_improvement,2,11,12,0.4492,0,0,0,Month_4
CUST_100329,40,Working Age (25-55),Female,50100.0,18100,credit_card,4,16,6,0.6012,1,0,1,Month_4
CUST_100330,23,Young (<25),Male,21400.0,3900,home_improvement,1,9,6,0.2416,0,1,0,Month_4
CUST_100331,27,Working Age (25-55),Male,39100.0,14800,medical,2,7,8,0.3073,0,0,0,Month_4
CUST_100332,20,Young (<25),Male,29600.0,12100,small_business,2,6,4,0.3239,0,1,1,Month_4
CUST_100333,36,Working Age (25-55),Female,22600.0,9100,debt_consolidation,10,10,5,0.2341,0,0,0,Month_4
CUST_100334,26,Working Age (25-55),Male,107300.0,13600,home_improvement,2,3,8,0.4087,0,0,0,Month_4
CUST_100335,55,Working Age (25-55),Female,101000.0,12800,debt_consolidation,3,19,6,0.3287,0,0,0,Month_4
CUST_100336,39,Working Age (25-55),Male,103700.0,14600,debt_consolidation,0,10,4,0.2957,0,0,0,Month_4
CUST_100337,20,Young (<25),Male,29500.0,11100,small_business,0,5,6,0.5827,0,0,1,Month_4
CUST_100338,43,Working Age (25-55),Female,19300.0,2600,credit_card,1,14,6,0.3649,0,0,0,Month_4
CUST_100339,53,Working Age (25-55),Female,58600.0,25300,small_business,0,21,2,0.3544,0,0,0,Month_4
CUST_100340,30,Working Age (25-55),Male,44800.0,6800,debt_consolidation,10,7,7,0.244,0,0,0,Month_4
CUST_100341,43,Working Age (25-55),Female,54200.0,24800,debt_consolidation,10,12,8,0.3664,0,2,1,Month_4
CUST_100342,52,Working Age (25-55),Female,25100.0,3300,small_business,0,18,12,0.3383,0,2,1,Month_4
CUST_100343,41,Working Age (25-55),Male,43200.0,8500,credit_card,9,12,2,0.1873,0,0,0,Month_4
CUST_100344,43,Working Age (25-55),Female,35000.0,4200,credit_card,2,18,7,0.4908,0,0,1,Month_4
CUST_100345,42,Working Age (25-55),Female,64700.0,17700,debt_consolidation,0,22,10,0.2766,0,0,0,Month_4
CUST_100346,19,Young (<25),Male,50700.0,19300,home_improvement,1,8,9,0.3472,0,0,1,Month_4
CUST_100347,37,Working Age (25-55),Male,50100.0,9800,home_improvement,7,11,6,0.27,0,0,0,Month_4
CUST_100348,55,Working Age (25-55),Female,52900.0,16200,debt_consolidation,2,24,8,0.1493,0,0,0,Month_4
CUST_100349,49,Working Age (25-55),Female,85600.0,21100,debt_consolidation,2,11,7,0.3198,0,0,0,Month_4
CUST_100350,57,Senior (>55),Female,28100.0,9900,small_business,6,19,5,0.1925,0,0,0,Month_4
CUST_100351,49,Working Age (25-55),Female,103600.0,29100,debt_consolidation,7,16,9,0.2459,0,0,0,Month_4
CUST_100352,31,Working Age (25-55),Male,29400.0,8200,debt_consolidation,9,15,9,0.2197,0,0,0,Month_4
CUST_100353,37,Working Age (25-55),Female,43100.0,15400,debt_consolidation,6,13,7,0.5045,1,0,1,Month_4
CUST_100354,37,Working Age (25-55),Female,36900.0,5000,medical,0,11,14,0.2195,0,1,0,Month_4
CUST_100355,44,Working Age (25-55),Male,162300.0,50000,debt_consolidation,13,17,5,0.3818,0,0,0,Month_4
CUST_100356,65,Senior (>55),Female,29500.0,10600,credit_card,7,24,6,0.2442,0,0,0,Month_4
CUST_100357,28,Working Age (25-55),Female,222100.0,50000,major_purchase,5,12,4,0.3166,0,1,0,Month_4
CUST_100358,45,Working Age (25-55),Male,64000.0,21100,credit_card,1,16,5,0.2176,1,0,0,Month_4
CUST_100359,50,Working Age (25-55),Female,17500.0,5800,debt_consolidation,0,18,3,0.4609,0,0,1,Month_4
CUST_100360,19,Young (<25),Female,97000.0,29500,debt_consolidation,1,9,6,0.2394,0,0,1,Month_4
CUST_100361,35,Working Age (25-55),Female,48600.0,5500,home_improvement,6,10,8,0.3214,0,0,0,Month_4
CUST_100362,44,Working Age (25-55),Male,26100.0,7500,debt_consolidation,3,19,11,0.186,0,0,0,Month_4
CUST_100363,31,Working Age (25-55),Male,121500.0,50000,credit_card,13,14,11,0.2057,0,0,0,Month_4
CUST_100364,38,Working Age (25-55),Male,110300.0,32900,credit_card,5,16,14,0.3448,0,0,0,Month_4
CUST_100365,28,Working Age (25-55),Female,31200.0,8500,credit_card,0,4,14,0.3989,0,0,1,Month_4
CUST_100366,64,Senior (>55),Male,88800.0,32500,credit_card,3,21,4,0.2723,0,0,0,Month_4
CUST_100367,45,Working Age (25-55),Male,54100.0,23200,debt_consolidation,0,15,6,0.2197,0,0,0,Month_4
CUST_100368,58,Senior (>55),Female,75700.0,10700,debt_consolidation,25,22,4,0.2879,0,0,0,Month_4
CUST_100369,47,Working Age (25-55),Female,68400.0,28400,debt_consolidation,1,10,6,0.2583,0,0,0,Month_4
CUST_100370,44,Working Age (25-55),Female,21700.0,9000,credit_card,18,14,7,0.2771,0,2,0,Month_4
CUST_100371,42,Working Age (25-55),Female,108600.0,39600,home_improvement,2,14,5,0.4502,1,1,1,Month_4
CUST_100372,56,Senior (>55),Male,36200.0,16800,debt_consolidation,3,22,8,0.4371,0,0,1,Month_4
CUST_100373,53,Working Age (25-55),Female,25300.0,3800,debt_consolidation,2,21,4,0.3195,0,0,0,Month_4
CUST_100374,53,Working Age (25-55),Female,26400.0,10300,debt_consolidation,4,12,5,0.1532,0,0,0,Month_4
CUST_100375,53,Working Age (25-55),Male,42900.0,14000,credit_card,3,20,8,0.4127,0,1,1,Month_4
CUST_100376,37,Working Age (25-55),Female,52300.0,11100,small_business,6,11,8,0.4213,0,1,1,Month_4
CUST_100377,33,Working Age (25-55),Male,18300.0,3800,debt_consolidation,1,16,5,0.3421,0,0,0,Month_4
CUST_100378,23,Young (<25),Male,81100.0,12000,debt_consolidation,0,3,7,0.115,0,2,0,Month_4
CUST_100379,41,Working Age (25-55),Male,37500.0,18300,debt_consolidation,3,9,6,0.2309,0,0,0,Month_4
CUST_100380,19,Young (<25),Female,74100.0,35300,debt_consolidation,1,2,8,0.3763,0,2,1,Month_4
CUST_100381,42,Working Age (25-55),Female,33000.0,5800,debt_consolidation,8,23,5,0.1506,0,0,0,Month_4
CUST_100382,42,Working Age (25-55),Male,96900.0,15400,credit_card,4,15,5,0.4252,0,1,0,Month_4
CUST_100383,27,Working Age (25-55),Female,43700.0,20700,debt_consolidation,6,10,8,0.3426,1,0,1,Month_4
CUST_100384,39,Working Age (25-55),Male,48100.0,18400,small_business,5,11,12,0.3541,0,0,0,Month_4
CUST_100385,26,Working Age (25-55),Female,53300.0,9800,major_purchase,3,6,3,0.454,1,0,1,Month_4
CUST_100386,47,Working Age (25-55),Male,21000.0,4200,credit_card,4,15,11,0.2625,0,0,1,Month_4
CUST_100387,40,Working Age (25-55),Female,65500.0,26200,debt_consolidation,3,14,6,0.3859,0,0,1,Month_4
CUST_100388,26,Working Age (25-55),Male,63700.0,25500,home_improvement,1,9,9,0.1911,0,0,0,Month_4
CUST_100389,63,Senior (>55),Male,59100.0,26500,debt_consolidation,3,26,7,0.115,0,0,0,Month_4
CUST_100390,28,Working Age (25-55),Female,42100.0,5100,debt_consolidation,2,11,9,0.1807,0,0,0,Month_4
CUST_100391,38,Working Age (25-55),Female,47900.0,9800,debt_consolidation,1,13,3,0.3108,0,0,0,Month_4
CUST_100392,61,Senior (>55),Female,41600.0,10600,home_improvement,1,23,7,0.4465,1,3,1,Month_4
CUST_100393,46,Working Age (25-55),Female,40700.0,13500,debt_consolidation,0,12,6,0.2653,0,0,0,Month_4
CUST_100394,35,Working Age (25-55),Male,137400.0,20000,small_business,4,9,7,0.3951,0,0,0,Month_4
CUST_100395,34,Working Age (25-55),Female,110000.0,29500,credit_card,12,12,4,0.2633,0,0,1,Month_4
CUST_100396,52,Working Age (25-55),Female,21300.0,4400,credit_card,7,18,5,0.2862,0,1,0,Month_4
CUST_100397,41,Working Age (25-55),Female,18200.0,6200,debt_consolidation,23,14,8,0.2995,0,0,0,Month_4
CUST_100398,58,Senior (>55),Female,82500.0,38300,credit_card,14,20,8,0.2349,0,0,0,Month_4
CUST_100399,75,Senior (>55),Female,92100.0,24400,small_business,13,20,5,0.2389,1,0,0,Month_4
CUST_100400,46,Working Age (25-55),Male,40600.0,19400,medical,3,9,9,0.1764,0,0,0,Month_4
CUST_100401,52,Working Age (25-55),Male,34700.0,11900,home_improvement,0,20,10,0.2049,0,0,0,Month_4
CUST_100402,28,Working Age (25-55),Male,96600.0,40600,credit_card,9,11,3,0.1204,0,0,0,Month_4
CUST_100403,40,Working Age (25-55),Male,32500.0,5000,debt_consolidation,0,14,11,0.3193,0,1,1,Month_4
CUST_100404,36,Working Age (25-55),Male,32400.0,10900,debt_consolidation,3,8,10,0.4381,0,0,1,Month_4
CUST_100405,27,Working Age (25-55),Male,48400.0,23100,credit_card,0,13,7,0.2196,0,0,0,Month_4
CUST_100406,43,Working Age (25-55),Female,26800.0,9300,medical,4,10,8,0.4693,1,0,1,Month_4
CUST_100407,46,Working Age (25-55),Female,75700.0,35600,small_business,1,20,7,0.2176,0,0,0,Month_4
CUST_100408,50,Working Age (25-55),Female,29600.0,3800,home_improvement,16,20,6,0.3237,0,3,0,Month_4
CUST_100409,36,Working Age (25-55),Male,32200.0,5800,credit_card,0,10,8,0.115,0,0,0,Month_4
CUST_100410,55,Working Age (25-55),Male,85700.0,37800,debt_consolidation,13,17,6,0.5333,0,0,1,Month_4
CUST_100411,38,Working Age (25-55),Female,27300.0,12200,credit_card,2,13,6,0.5175,0,0,1,Month_4
CUST_100412,43,Working Age (25-55),Female,60100.0,19700,debt_consolidation,5,14,5,0.2091,0,0,1,Month_4
CUST_100413,41,Working Age (25-55),Male,55500.0,10400,credit_card,3,11,6,0.3713,0,3,1,Month_4
CUST_100414,55,Working Age (25-55),Male,155200.0,50000,debt_consolidation,5,23,9,0.2959,0,0,0,Month_4
CUST_100415,45,Working Age (25-55),Male,35800.0,7700,credit_card,4,18,8,0.2538,0,1,0,Month_4
CUST_100416,20,Young (<25),Male,30100.0,6700,small_business,1,4,7,0.3506,1,0,1,Month_4
CUST_100417,38,Working Age (25-55),Male,48900.0,11500,home_improvement,8,18,5,0.5247,0,2,1,Month_4
CUST_100418,30,Working Age (25-55),Male,27700.0,3800,debt_consolidation,4,7,7,0.5759,0,0,1,Month_4
CUST_100419,23,Young (<25),Female,98900.0,42200,credit_card,3,4,9,0.2958,0,0,1,Month_4
CUST_100420,39,Working Age (25-55),Female,45500.0,21500,home_improvement,9,14,4,0.3159,0,1,1,Month_4
CUST_100421,38,Working Age (25-55),Female,51600.0,16500,medical,1,10,9,0.2169,0,0,0,Month_4
CUST_100422,38,Working Age (25-55),Female,121000.0,49100,home_improvement,0,13,6,0.2671,0,0,0,Month_4
CUST_100423,32,Working Age (25-55),Female,50000.0,23600,home_improvement,5,14,6,0.1474,0,0,0,Month_4
CUST_100424,30,Working Age (25-55),Male,26000.0,9900,home_improvement,11,6,12,0.4996,1,3,1,Month_4
CUST_100425,42,Working Age (25-55),Male,52900.0,13700,major_purchase,4,14,8,0.2936,0,0,0,Month_4
CUST_100426,35,Working Age (25-55),Female,23300.0,9100,debt_consolidation,1,12,9,0.1561,0,0,0,Month_4
CUST_100427,40,Working Age (25-55),Male,53800.0,20900,debt_consolidation,6,13,10,0.2618,0,0,0,Month_4
CUST_100428,60,Senior (>55),Male,123300.0,29200,debt_consolidation,0,20,5,0.336,0,0,1,Month_4
CUST_100429,47,Working Age (25-55),Male,20900.0,7900,medical,9,19,4,0.2975,0,0,0,Month_4
CUST_100430,39,Working Age (25-55),Female,89600.0,17100,home_improvement,9,12,9,0.3899,0,0,0,Month_4
CUST_100431,41,Working Age (25-55),Female,120400.0,43500,home_improvement,2,15,1,0.115,0,0,0,Month_4
CUST_100432,47,Working Age (25-55),Male,53000.0,12900,home_improvement,0,16,9,0.5546,1,0,1,Month_4
CUST_100433,60,Senior (>55),Female,42600.0,15000,debt_consolidation,2,21,5,0.1704,0,0,0,Month_4
CUST_100434,39,Working Age (25-55),Male,49600.0,17800,debt_consolidation,9,12,8,0.2375,0,0,0,Month_4
CUST_100435,37,Working Age (25-55),Male,57900.0,27400,debt_consolidation,0,12,5,0.4969,0,0,1,Month_4
CUST_100436,24,Young (<25),Male,54800.0,19600,home_improvement,0,9,4,0.2087,1,0,1,Month_4
CUST_100437,48,Working Age (25-55),Female,56200.0,19200,debt_consolidation,3,16,2,0.2039,0,0,0,Month_4
CUST_100438,58,Senior (>55),Male,54300.0,14200,debt_consolidation,4,19,7,0.1792,0,0,0,Month_4
CUST_100439,24,Young (<25),Female,33800.0,14400,major_purchase,0,9,7,0.4291,0,3,1,Month_4
CUST_100440,43,Working Age (25-55),Female,59000.0,9900,debt_consolidation,3,15,5,0.4655,0,1,1,Month_4
CUST_100441,29,Working Age (25-55),Female,43100.0,20300,home_improvement,2,11,7,0.1271,0,0,0,Month_4
CUST_100442,19,Young (<25),Male,31400.0,12100,credit_card,1,8,8,0.2711,0,0,0,Month_4
CUST_100443,51,Working Age (25-55),Male,64300.0,28900,credit_card,2,19,7,0.4311,0,0,1,Month_4
CUST_100444,46,Working Age (25-55),Male,29500.0,12500,debt_consolidation,5,17,8,0.1735,0,2,0,Month_4
CUST_100445,40,Working Age (25-55),Male,51200.0,14800,major_purchase,0,5,8,0.2495,0,0,0,Month_4
CUST_100446,36,Working Age (25-55),Female,44800.0,18200,debt_consolidation,1,14,6,0.2144,0,0,0,Month_4
CUST_100447,46,Working Age (25-55),Female,34700.0,15200,credit_card,10,16,8,0.3429,0,1,1,Month_4
CUST_100448,33,Working Age (25-55),Female,72700.0,13900,credit_card,2,10,6,0.4038,0,0,0,Month_4
CUST_100449,22,Young (<25),Male,33200.0,14600,credit_card,2,15,9,0.3096,1,2,1,Month_4
CUST_100450,33,Working Age (25-55),Female,43500.0,18300,credit_card,2,7,3,0.2346,0,0,0,Month_4
CUST_100451,31,Working Age (25-55),Male,45800.0,6400,debt_consolidation,2,12,9,0.3372,0,0,0,Month_4
CUST_100452,29,Working Age (25-55),Female,20300.0,9500,debt_consolidation,0,11,6,0.115,0,2,0,Month_4
CUST_100453,30,Working Age (25-55),Male,16100.0,7700,medical,4,9,5,0.2833,0,0,0,Month_4
CUST_100454,36,Working Age (25-55),Female,52700.0,25500,credit_card,0,9,5,0.2081,0,0,0,Month_4
CUST_100455,19,Young (<25),Male,23900.0,10300,debt_consolidation,1,6,6,0.3539,0,1,1,Month_4
CUST_100456,51,Working Age (25-55),Male,79400.0,15900,medical,2,22,4,0.2243,0,0,0,Month_4
CUST_100457,26,Working Age (25-55),Male,75200.0,12200,credit_card,0,8,5,0.3115,1,1,1,Month_4
CUST_100458,51,Working Age (25-55),Female,59100.0,7600,credit_card,0,12,5,0.3256,0,0,0,Month_4
CUST_100459,37,Working Age (25-55),Male,56100.0,16200,credit_card,3,14,5,0.2014,0,0,0,Month_4
CUST_100460,30,Working Age (25-55),Male,19200.0,5500,debt_consolidation,12,9,11,0.2029,0,0,0,Month_4
CUST_100461,50,Working Age (25-55),Female,36600.0,5100,credit_card,4,21,5,0.3071,0,0,0,Month_4
CUST_100462,46,Working Age (25-55),Male,32700.0,7600,home_improvement,15,16,4,0.3341,0,0,0,Month_4
CUST_100463,62,Senior (>55),Male,48300.0,7300,debt_consolidation,2,17,4,0.3835,0,0,0,Month_4
CUST_100464,43,Working Age (25-55),Male,25800.0,6700,small_business,3,13,8,0.309,0,0,0,Month_4
CUST_100465,43,Working Age (25-55),Male,55000.0,17200,debt_consolidation,0,16,9,0.1996,0,0,0,Month_4
CUST_100466,35,Working Age (25-55),Female,73700.0,26100,debt_consolidation,6,16,5,0.1845,0,0,0,Month_4
CUST_100467,33,Working Age (25-55),Female,40200.0,5200,debt_consolidation,0,17,12,0.3896,0,2,1,Month_4
CUST_100468,35,Working Age (25-55),Female,25000.0,3100,debt_consolidation,8,9,9,0.2932,0,0,0,Month_4
CUST_100469,46,Working Age (25-55),Female,102900.0,24200,credit_card,7,12,4,0.1365,0,0,0,Month_4
CUST_100470,45,Working Age (25-55),Male,30200.0,6700,home_improvement,12,16,12,0.3888,0,1,0,Month_4
CUST_100471,56,Senior (>55),Male,29700.0,12700,debt_consolidation,8,16,7,0.264,0,0,0,Month_4
CUST_100472,34,Working Age (25-55),Male,75600.0,35900,debt_consolidation,10,10,9,0.1464,0,0,0,Month_4
CUST_100473,22,Young (<25),Female,34900.0,9700,home_improvement,4,2,8,0.4585,0,0,1,Month_4
CUST_100474,62,Senior (>55),Male,41900.0,20300,credit_card,3,20,7,0.2936,0,0,0,Month_4
CUST_100475,41,Working Age (25-55),Male,36000.0,7500,debt_consolidation,3,16,6,0.4631,0,0,1,Month_4
CUST_100476,52,Working Age (25-55),Female,30300.0,14800,small_business,0,21,3,0.2967,0,0,0,Month_4
CUST_100477,61,Senior (>55),Female,32400.0,7400,major_purchase,1,16,7,0.3133,0,0,0,Month_4
CUST_100478,49,Working Age (25-55),Male,76700.0,37100,credit_card,14,17,7,0.2309,0,0,0,Month_4
CUST_100479,34,Working Age (25-55),Male,78300.0,18300,debt_consolidation,6,10,10,0.403,0,1,1,Month_4
CUST_100480,32,Working Age (25-55),Female,20800.0,7000,credit_card,10,11,5,0.2808,0,1,0,Month_4
CUST_100481,21,Young (<25),Male,51700.0,7300,debt_consolidation,0,7,7,0.1784,0,1,0,Month_4
CUST_100482,33,Working Age (25-55),Female,59200.0,17600,medical,15,14,10,0.3638,0,0,0,Month_4
CUST_100483,34,Working Age (25-55),Male,64600.0,18100,credit_card,0,15,5,0.2811,1,1,1,Month_4
CUST_100484,46,Working Age (25-55),Male,31400.0,12300,debt_consolidation,6,15,10,0.2654,0,1,0,Month_4
CUST_100485,28,Working Age (25-55),Female,72800.0,8400,debt_consolidation,10,11,9,0.2048,0,0,0,Month_4
CUST_100486,26,Working Age (25-55),Female,46300.0,9500,home_improvement,8,10,10,0.2986,0,0,0,Month_4
CUST_100487,49,Working Age (25-55),Male,53900.0,8300,major_purchase,0,9,5,0.2289,0,0,0,Month_4
CUST_100488,20,Young (<25),Male,101600.0,44000,credit_card,2,7,8,0.2476,0,3,1,Month_4
CUST_100489,26,Working Age (25-55),Female,33700.0,8500,credit_card,4,8,11,0.2499,0,0,0,Month_4
CUST_100490,19,Young (<25),Male,122200.0,16700,debt_consolidation,1,1,8,0.2257,0,1,0,Month_4
CUST_100491,39,Working Age (25-55),Female,72200.0,13500,debt_consolidation,4,17,4,0.122,1,3,0,Month_4
CUST_100492,19,Young (<25),Female,71200.0,22300,credit_card,0,5,7,0.2158,0,0,1,Month_4
CUST_100493,27,Working Age (25-55),Female,62700.0,8500,debt_consolidation,3,7,9,0.3146,0,2,0,Month_4
CUST_100494,35,Working Age (25-55),Female,42000.0,19300,debt_consolidation,1,11,9,0.2543,0,0,0,Month_4
CUST_100495,59,Senior (>55),Female,17500.0,8000,credit_card,1,26,3,0.2196,0,0,0,Month_4
CUST_100496,19,Young (<25),Female,172000.0,50000,debt_consolidation,1,1,5,0.4225,0,0,1,Month_4
CUST_100497,30,Working Age (25-55),Male,45600.0,20100,debt_consolidation,0,6,11,0.2893,0,0,1,Month_4
CUST_100498,28,Working Age (25-55),Male,55000.0,17500,home_improvement,2,10,5,0.3152,1,0,1,Month_4
CUST_100499,40,Working Age (25-55),Female,45600.0,7400,debt_consolidation,1,15,8,0.6646,0,0,1,Month_4
CUST_100500,27,Working Age (25-55),Female,17900.0,6100,debt_consolidation,3,15,6,0.1663,0,0,0,Month_4
CUST_100501,19,Young (<25),Male,71900.0,16600,medical,1,9,8,0.2362,0,0,0,Month_4
CUST_100502,24,Young (<25),Male,20900.0,9600,debt_consolidation,0,8,13,0.5415,0,0,1,Month_4
CUST_100503,34,Working Age (25-55),Female,41300.0,6900,credit_card,0,11,9,0.2789,1,0,1,Month_4
CUST_100504,43,Working Age (25-55),Male,48000.0,16500,home_improvement,3,12,4,0.6738,0,0,1,Month_4
CUST_100505,38,Working Age (25-55),Female,23400.0,2800,debt_consolidation,12,12,5,0.3174,0,0,0,Month_4
CUST_100506,38,Working Age (25-55),Female,39700.0,6900,debt_consolidation,12,10,6,0.2087,0,0,0,Month_4
CUST_100507,43,Working Age (25-55),Female,54000.0,20500,credit_card,1,17,3,0.3014,0,0,1,Month_4
CUST_100508,39,Working Age (25-55),Female,42000.0,17000,debt_consolidation,0,14,8,0.4506,0,0,1,Month_4
CUST_100509,42,Working Age (25-55),Male,68700.0,12100,debt_consolidation,3,12,10,0.2394,0,0,0,Month_4
CUST_100510,48,Working Age (25-55),Male,19300.0,5300,debt_consolidation,0,18,5,0.4699,0,0,1,Month_4
CUST_100511,43,Working Age (25-55),Male,27700.0,9600,debt_consolidation,6,10,5,0.4134,0,0,1,Month_4
CUST_100512,66,Senior (>55),Male,50500.0,7600,major_purchase,6,21,5,0.5219,0,3,1,Month_4
CUST_100513,41,Working Age (25-55),Male,173400.0,49700,debt_consolidation,8,16,6,0.2173,0,0,0,Month_4
CUST_100514,60,Senior (>55),Female,39600.0,8500,debt_consolidation,3,24,5,0.319,0,0,1,Month_4
CUST_100515,32,Working Age (25-55),Male,59200.0,28200,debt_consolidation,0,13,7,0.3383,1,1,1,Month_4
CUST_100516,41,Working Age (25-55),Male,44500.0,9400,credit_card,0,18,12,0.4148,0,1,1,Month_4
CUST_100517,67,Senior (>55),Female,78300.0,21800,credit_card,5,23,8,0.3917,1,0,1,Month_4
CUST_100518,19,Young (<25),Male,44800.0,18100,debt_consolidation,1,9,6,0.4768,0,0,1,Month_4
CUST_100519,48,Working Age (25-55),Male,96000.0,41600,debt_consolidation,5,17,5,0.3417,0,2,1,Month_4
CUST_100520,34,Working Age (25-55),Male,47400.0,8800,credit_card,10,3,5,0.1775,0,3,0,Month_4
CUST_100521,47,Working Age (25-55),Male,98500.0,33500,debt_consolidation,7,12,7,0.1507,0,0,0,Month_4
CUST_100522,33,Working Age (25-55),Male,78700.0,16100,credit_card,6,11,3,0.3699,0,0,0,Month_4
CUST_100523,37,Working Age (25-55),Female,177800.0,50000,credit_card,2,11,4,0.222,0,0,0,Month_4
CUST_100524,21,Young (<25),Male,143300.0,24700,debt_consolidation,1,8,9,0.3457,0,0,0,Month_4
CUST_100525,38,Working Age (25-55),Male,64900.0,23100,debt_consolidation,10,10,4,0.2807,0,0,0,Month_4
CUST_100526,43,Working Age (25-55),Female,57200.0,19900,credit_card,0,14,8,0.2916,0,1,1,Month_4
CUST_100527,45,Working Age (25-55),Male,48400.0,20900,debt_consolidation,1,11,6,0.2508,0,1,1,Month_4
CUST_100528,38,Working Age (25-55),Female,96100.0,42300,debt_consolidation,2,10,6,0.2854,1,1,1,Month_4
CUST_100529,36,Working Age (25-55),Female,48600.0,18600,debt_consolidation,4,12,9,0.2038,0,0,0,Month_4
CUST_100530,54,Working Age (25-55),Female,47100.0,19700,debt_consolidation,0,20,4,0.4231,0,0,1,Month_4
CUST_100531,40,Working Age (25-55),Male,78100.0,12700,debt_consolidation,8,11,7,0.6035,0,1,1,Month_4
CUST_100532,26,Working Age (25-55),Female,49200.0,21200,home_improvement,4,10,5,0.1311,0,1,0,Month_4
CUST_100533,53,Working Age (25-55),Female,44400.0,7400,debt_consolidation,5,22,7,0.2117,0,1,0,Month_4
CUST_100534,43,Working Age (25-55),Male,29500.0,13200,debt_consolidation,0,13,8,0.2088,0,0,0,Month_4
CUST_100535,22,Young (<25),Female,21500.0,7000,credit_card,0,6,12,0.2384,0,0,0,Month_4
CUST_100536,40,Working Age (25-55),Female,37900.0,6900,credit_card,5,11,14,0.3723,1,2,1,Month_4
CUST_100537,24,Young (<25),Male,25600.0,8500,small_business,4,3,6,0.2739,0,1,1,Month_4
CUST_100538,45,Working Age (25-55),Male,16100.0,6300,major_purchase,3,9,3,0.1399,0,0,0,Month_4
CUST_100539,39,Working Age (25-55),Female,22900.0,11000,medical,0,13,5,0.1614,0,0,0,Month_4
CUST_100540,36,Working Age (25-55),Male,53000.0,25500,debt_consolidation,9,13,2,0.2944,0,1,1,Month_4
CUST_100541,40,Working Age (25-55),Male,78300.0,14100,debt_consolidation,17,15,6,0.3674,0,1,0,Month_4
CUST_100542,45,Working Age (25-55),Male,70100.0,19500,credit_card,2,20,12,0.5414,1,0,1,Month_4
CUST_100543,36,Working Age (25-55),Male,22400.0,7800,credit_card,0,13,10,0.3186,0,0,0,Month_4
CUST_100544,45,Working Age (25-55),Male,164700.0,19200,small_business,6,11,7,0.3386,0,3,0,Month_4
CUST_100545,49,Working Age (25-55),Female,22000.0,8800,debt_consolidation,10,17,10,0.2768,0,1,0,Month_4
CUST_100546,48,Working Age (25-55),Female,30300.0,6600,credit_card,4,13,7,0.1801,1,0,0,Month_4
CUST_100547,48,Working Age (25-55),Female,37900.0,9400,debt_consolidation,2,16,4,0.2035,0,0,0,Month_4
CUST_100548,44,Working Age (25-55),Female,49600.0,16600,credit_card,8,19,3,0.2121,0,1,0,Month_4
CUST_100549,40,Working Age (25-55),Female,68100.0,11900,small_business,15,12,8,0.3017,0,2,0,Month_4
CUST_100550,53,Working Age (25-55),Male,24500.0,10300,home_improvement,10,20,4,0.2977,0,1,0,Month_4
CUST_100551,57,Senior (>55),Female,59200.0,20700,small_business,3,15,5,0.3017,0,0,0,Month_4
CUST_100552,51,Working Age (25-55),Female,25700.0,11500,credit_card,2,18,9,0.3809,0,0,1,Month_4
CUST_100553,48,Working Age (25-55),Female,37000.0,10200,credit_card,8,16,5,0.2252,0,0,1,Month_4
CUST_100554,65,Senior (>55),Male,19000.0,8400,debt_consolidation,7,19,6,0.3424,0,0,0,Month_4
CUST_100555,48,Working Age (25-55),Male,62000.0,29000,debt_consolidation,9,21,7,0.3349,0,1,0,Month_4
CUST_100556,33,Working Age (25-55),Female,83100.0,17400,debt_consolidation,2,11,11,0.419,1,0,1,Month_4
CUST_100557,46,Working Age (25-55),Male,16100.0,5900,credit_card,19,15,6,0.4753,0,1,1,Month_4
CUST_100558,49,Working Age (25-55),Female,56700.0,16800,major_purchase,0,17,9,0.2278,0,2,0,Month_4
CUST_100559,32,Working Age (25-55),Female,42000.0,9300,debt_consolidation,1,9,5,0.1923,0,0,0,Month_4
CUST_100560,30,Working Age (25-55),Male,21700.0,2400,debt_consolidation,3,15,6,0.5473,0,0,1,Month_4
CUST_100561,35,Working Age (25-55),Female,89500.0,36200,home_improvement,0,10,3,0.1434,0,3,0,Month_4
CUST_100562,19,Young (<25),Female,81100.0,21500,debt_consolidation,1,4,5,0.265,0,2,0,Month_4
CUST_100563,31,Working Age (25-55),Female,75800.0,21900,credit_card,2,12,8,0.2243,0,0,0,Month_4
CUST_100564,32,Working Age (25-55),Male,72900.0,19500,small_business,0,13,5,0.1509,0,0,0,Month_4
CUST_100565,31,Working Age (25-55),Male,42800.0,16500,credit_card,1,13,7,0.19,0,0,0,Month_4
CUST_100566,26,Working Age (25-55),Male,55500.0,11400,credit_card,2,8,9,0.3434,0,3,1,Month_4
CUST_100567,30,Working Age (25-55),Male,32000.0,8500,debt_consolidation,3,13,8,0.5267,0,0,1,Month_4
CUST_100568,37,Working Age (25-55),Male,78300.0,14500,credit_card,0,6,6,0.3037,0,0,0,Month_4
CUST_100569,39,Working Age (25-55),Female,43300.0,14700,debt_consolidation,2,6,5,0.2459,0,0,1,Month_4
CUST_100570,28,Working Age (25-55),Female,58700.0,20400,medical,8,4,11,0.3215,0,2,1,Month_4
CUST_100571,45,Working Age (25-55),Male,45600.0,15800,major_purchase,0,15,4,0.3483,0,0,0,Month_4
CUST_100572,29,Working Age (25-55),Female,50200.0,22800,debt_consolidation,1,7,7,0.1746,0,0,0,Month_4
CUST_100573,19,Young (<25),Male,39900.0,9200,credit_card,1,3,7,0.2101,0,0,0,Month_4
CUST_100574,52,Working Age (25-55),Female,73700.0,16800,credit_card,0,15,4,0.1625,0,2,0,Month_4
CUST_100575,25,Working Age (25-55),Female,26100.0,5700,debt_consolidation,0,4,2,0.3013,0,0,1,Month_4
CUST_100576,36,Working Age (25-55),Male,30100.0,6200,credit_card,1,11,4,0.1924,0,0,0,Month_4
CUST_100577,41,Working Age (25-55),Female,39800.0,15300,debt_consolidation,5,15,9,0.3147,0,0,0,Month_4
CUST_100578,38,Working Age (25-55),Male,26500.0,8700,debt_consolidation,0,9,7,0.2903,0,1,1,Month_4
CUST_100579,43,Working Age (25-55),Female,18900.0,9000,credit_card,3,11,8,0.285,0,1,1,Month_4
CUST_100580,55,Working Age (25-55),Male,61900.0,13600,debt_consolidation,2,16,4,0.2058,0,0,0,Month_4
CUST_100581,45,Working Age (25-55),Female,20600.0,5900,debt_consolidation,10,18,7,0.3226,0,0,0,Month_4
CUST_100582,29,Working Age (25-55),Male,57400.0,17100,credit_card,0,10,6,0.1989,0,0,0,Month_4
CUST_100583,37,Working Age (25-55),Female,78000.0,28700,credit_card,0,11,10,0.3813,0,0,1,Month_4
CUST_100584,45,Working Age (25-55),Female,75000.0,15400,home_improvement,8,11,4,0.2843,0,0,0,Month_4
CUST_100585,38,Working Age (25-55),Female,124000.0,50000,debt_consolidation,1,14,11,0.4314,0,0,1,Month_4
CUST_100586,34,Working Age (25-55),Male,64900.0,19500,debt_consolidation,0,10,7,0.5258,0,1,1,Month_4
CUST_100587,39,Working Age (25-55),Female,37200.0,14700,debt_consolidation,19,19,9,0.5065,0,0,0,Month_4
CUST_100588,31,Working Age (25-55),Female,29200.0,4500,debt_consolidation,4,13,12,0.4284,0,2,1,Month_4
CUST_100589,31,Working Age (25-55),Male,30000.0,11000,major_purchase,13,8,4,0.3588,0,0,0,Month_4
CUST_100590,54,Working Age (25-55),Male,43100.0,10800,credit_card,1,20,8,0.1935,0,0,0,Month_4
CUST_100591,36,Working Age (25-55),Male,172000.0,20000,debt_consolidation,0,9,2,0.4917,0,1,0,Month_4
CUST_100592,51,Working Age (25-55),Male,70700.0,23100,debt_consolidation,6,15,8,0.1926,0,0,0,Month_4
CUST_100593,41,Working Age (25-55),Female,75600.0,27400,home_improvement,7,17,8,0.3358,0,0,0,Month_4
CUST_100594,19,Young (<25),Female,25700.0,12700,home_improvement,1,10,8,0.2157,0,0,0,Month_4
CUST_100595,54,Working Age (25-55),Male,96100.0,18600,debt_consolidation,0,20,3,0.5131,0,2,1,Month_4
CUST_100596,60,Senior (>55),Female,81900.0,12900,small_business,9,17,5,0.6446,1,1,1,Month_4
CUST_100597,33,Working Age (25-55),Female,44100.0,12800,debt_consolidation,1,10,12,0.3751,1,0,1,Month_4
CUST_100598,55,Working Age (25-55),Female,58300.0,7500,debt_consolidation,13,19,9,0.3267,0,0,0,Month_4
CUST_100599,53,Working Age (25-55),Male,53600.0,7900,debt_consolidation,2,22,8,0.3098,0,0,0,Month_4
CUST_100600,48,Working Age (25-55),Female,77200.0,28200,credit_card,0,11,9,0.2945,1,0,1,Month_4
CUST_100601,52,Working Age (25-55),Male,71900.0,32700,home_improvement,0,18,5,0.2441,0,0,0,Month_4
CUST_100602,40,Working Age (25-55),Female,43300.0,14000,debt_consolidation,14,13,8,0.3128,0,3,0,Month_4
CUST_100603,46,Working Age (25-55),Male,28200.0,13600,debt_consolidation,2,16,10,0.3319,0,1,1,Month_4
CUST_100604,37,Working Age (25-55),Female,106400.0,25800,credit_card,2,12,10,0.5639,0,0,1,Month_4
CUST_100605,47,Working Age (25-55),Male,22600.0,5400,medical,0,18,5,0.2236,0,0,0,Month_4
CUST_100606,38,Working Age (25-55),Female,47300.0,5800,debt_consolidation,3,13,11,0.3404,0,0,0,Month_4
CUST_100607,31,Working Age (25-55),Male,31600.0,8500,major_purchase,13,10,2,0.1377,0,0,0,Month_4
CUST_100608,56,Senior (>55),Female,93200.0,22400,debt_consolidation,5,21,3,0.3503,0,0,0,Month_4
CUST_100609,51,Working Age (25-55),Male,60200.0,19100,home_improvement,10,14,4,0.2134,0,0,0,Month_4
CUST_100610,43,Working Age (25-55),Male,26600.0,3100,credit_card,3,12,7,0.2567,0,0,0,Month_4
CUST_100611,36,Working Age (25-55),Male,33700.0,6200,debt_consolidation,5,15,10,0.205,0,0,0,Month_4
CUST_100612,34,Working Age (25-55),Male,44400.0,7500,credit_card,3,13,4,0.2136,0,0,0,Month_4
CUST_100613,38,Working Age (25-55),Female,45100.0,11200,small_business,7,7,9,0.5039,0,0,1,Month_4
CUST_100614,41,Working Age (25-55),Male,27900.0,13100,debt_consolidation,13,13,8,0.1826,0,0,0,Month_4
CUST_100615,52,Working Age (25-55),Male,55800.0,23400,debt_consolidation,0,13,4,0.2291,1,0,1,Month_4
CUST_100616,33,Working Age (25-55),Male,55200.0,22700,debt_consolidation,7,5,7,0.2539,0,1,1,Month_4
CUST_100617,54,Working Age (25-55),Male,24300.0,8400,debt_consolidation,8,15,9,0.5866,0,0,1,Month_4
CUST_100618,48,Working Age (25-55),Male,106100.0,48200,home_improvement,14,18,10,0.2906,0,0,0,Month_4
CUST_100619,33,Working Age (25-55),Female,66900.0,22300,debt_consolidation,0,10,4,0.3937,1,0,1,Month_4
CUST_100620,43,Working Age (25-55),Male,16100.0,6600,debt_consolidation,2,10,7,0.4886,0,0,1,Month_4
CUST_100621,33,Working Age (25-55),Male,33900.0,15600,credit_card,12,11,10,0.4114,0,0,1,Month_4
CUST_100622,33,Working Age (25-55),Female,35000.0,15500,medical,0,14,7,0.1755,0,0,1,Month_4
CUST_100623,55,Working Age (25-55),Female,71200.0,16700,debt_consolidation,30,13,9,0.1816,0,0,0,Month_4
CUST_100624,24,Young (<25),Male,47600.0,6800,debt_consolidation,1,10,9,0.2973,0,0,0,Month_4
CUST_100625,31,Working Age (25-55),Female,26800.0,12900,debt_consolidation,0,15,4,0.3263,1,0,1,Month_4
CUST_100626,54,Working Age (25-55),Male,105300.0,22300,small_business,5,17,4,0.1569,0,1,0,Month_4
CUST_100627,66,Senior (>55),Male,39200.0,7500,credit_card,18,18,9,0.3755,0,2,0,Month_4
CUST_100628,36,Working Age (25-55),Female,54000.0,23600,credit_card,3,10,2,0.2176,0,0,0,Month_4
CUST_100629,48,Working Age (25-55),Female,37900.0,17900,debt_consolidation,4,14,5,0.2596,0,0,0,Month_4
CUST_100630,42,Working Age (25-55),Female,26000.0,6000,home_improvement,6,13,7,0.3,0,2,0,Month_4
CUST_100631,47,Working Age (25-55),Male,65000.0,29100,major_purchase,12,17,7,0.2938,0,1,0,Month_4
CUST_100632,47,Working Age (25-55),Female,31800.0,14700,debt_consolidation,12,14,8,0.2572,0,0,0,Month_4
CUST_100633,33,Working Age (25-55),Male,34000.0,11200,medical,1,10,6,0.4857,0,3,1,Month_4
CUST_100634,45,Working Age (25-55),Female,22500.0,5000,debt_consolidation,0,16,3,0.5153,0,0,1,Month_4
CUST_100635,31,Working Age (25-55),Female,108700.0,22100,debt_consolidation,7,10,6,0.2921,1,0,0,Month_4
CUST_100636,48,Working Age (25-55),Male,91900.0,30500,debt_consolidation,3,17,4,0.3155,0,0,0,Month_4
CUST_100637,32,Working Age (25-55),Male,31100.0,13100,credit_card,2,8,7,0.2362,0,1,1,Month_4
CUST_100638,45,Working Age (25-55),Female,23700.0,6200,debt_consolidation,14,15,9,0.4812,0,0,1,Month_4
CUST_100639,41,Working Age (25-55),Female,37500.0,7300,home_improvement,1,12,3,0.2048,1,0,0,Month_4
CUST_100640,44,Working Age (25-55),Male,68900.0,27300,debt_consolidation,2,16,8,0.3517,0,0,0,Month_4
CUST_100641,32,Working Age (25-55),Male,70300.0,33200,debt_consolidation,0,12,2,0.3151,0,0,1,Month_4
CUST_100642,38,Working Age (25-55),Male,16100.0,6700,debt_consolidation,1,10,8,0.3884,0,0,1,Month_4
CUST_100643,43,Working Age (25-55),Female,19600.0,4900,credit_card,0,13,11,0.3756,0,1,1,Month_4
CUST_100644,22,Young (<25),Female,26800.0,7500,major_purchase,4,4,5,0.4056,0,0,1,Month_4
CUST_100645,40,Working Age (25-55),Male,79700.0,37500,debt_consolidation,6,12,10,0.2496,0,0,0,Month_4
CUST_100646,34,Working Age (25-55),Female,75500.0,29200,debt_consolidation,1,11,9,0.1152,0,1,0,Month_4
CUST_100647,37,Working Age (25-55),Female,52700.0,14900,credit_card,2,11,8,0.2862,0,0,0,Month_4
CUST_100648,55,Working Age (25-55),Female,58800.0,27200,debt_consolidation,5,24,7,0.4412,0,0,1,Month_4
CUST_100649,42,Working Age (25-55),Male,29300.0,13600,debt_consolidation,3,13,4,0.1168,1,0,0,Month_4
CUST_100650,37,Working Age (25-55),Male,78900.0,26700,small_business,2,6,4,0.168,0,0,0,Month_4
CUST_100651,31,Working Age (25-55),Female,26300.0,10000,major_purchase,0,8,8,0.2628,0,1,1,Month_4
CUST_100652,40,Working Age (25-55),Male,93800.0,21400,credit_card,5,13,1,0.2448,0,1,0,Month_4
CUST_100653,44,Working Age (25-55),Female,44400.0,10600,debt_consolidation,0,13,6,0.2524,0,0,0,Month_4
CUST_100654,56,Senior (>55),Female,38400.0,14700,credit_card,17,18,7,0.3126,0,0,0,Month_4
CUST_100655,28,Working Age (25-55),Male,80000.0,13600,small_business,0,9,7,0.1237,0,1,0,Month_4
CUST_100656,49,Working Age (25-55),Male,94000.0,13900,credit_card,5,17,4,0.2039,1,0,0,Month_4
CUST_100657,30,Working Age (25-55),Male,88300.0,11700,credit_card,1,13,5,0.4196,0,0,0,Month_4
CUST_100658,29,Working Age (25-55),Male,36100.0,17500,debt_consolidation,0,10,10,0.293,0,1,1,Month_4
CUST_100659,48,Working Age (25-55),Male,50600.0,10200,debt_consolidation,4,12,9,0.2151,0,1,0,Month_4
CUST_100660,61,Senior (>55),Male,159500.0,34800,debt_consolidation,4,23,7,0.2095,0,0,0,Month_4
CUST_100661,48,Working Age (25-55),Female,78100.0,33100,debt_consolidation,9,14,8,0.1348,1,0,0,Month_4
CUST_100662,28,Working Age (25-55),Female,54700.0,9200,small_business,0,9,6,0.3231,0,0,0,Month_4
CUST_100663,39,Working Age (25-55),Female,34300.0,10700,medical,10,13,7,0.4884,0,0,1,Month_4
CUST_100664,33,Working Age (25-55),Male,45300.0,9700,home_improvement,2,10,6,0.2144,0,0,0,Month_4
CUST_100665,29,Working Age (25-55),Female,41700.0,16200,debt_consolidation,1,12,10,0.3702,0,0,1,Month_4
CUST_100666,31,Working Age (25-55),Male,26800.0,3900,debt_consolidation,6,14,8,0.3631,0,1,1,Month_4
CUST_100667,35,Working Age (25-55),Female,28900.0,7000,debt_consolidation,4,11,10,0.2466,0,0,0,Month_4
CUST_100668,29,Working Age (25-55),Male,52000.0,7000,credit_card,11,10,7,0.2296,0,0,0,Month_4
CUST_100669,45,Working Age (25-55),Female,29600.0,12200,credit_card,2,15,9,0.3272,0,0,0,Month_4
CUST_100670,48,Working Age (25-55),Female,49300.0,16600,small_business,2,12,9,0.2472,0,0,0,Month_4
CUST_100671,41,Working Age (25-55),Female,82800.0,16800,medical,0,13,7,0.1507,0,0,0,Month_4
CUST_100672,37,Working Age (25-55),Male,35400.0,16600,home_improvement,4,9,5,0.1969,0,0,0,Month_4
CUST_100673,32,Working Age (25-55),Female,29700.0,7500,debt_consolidation,9,10,6,0.2957,0,0,0,Month_4
CUST_100674,52,Working Age (25-55),Female,57100.0,6400,debt_consolidation,7,17,9,0.3395,0,0,1,Month_4
CUST_100675,41,Working Age (25-55),Male,46000.0,10100,major_purchase,1,17,8,0.2846,0,0,0,Month_4
CUST_100676,48,Working Age (25-55),Female,93800.0,42900,home_improvement,1,17,13,0.2958,0,0,0,Month_4
CUST_100677,31,Working Age (25-55),Female,54300.0,19000,debt_consolidation,5,11,4,0.1831,0,0,0,Month_4
CUST_100678,56,Senior (>55),Female,37000.0,11800,home_improvement,0,12,4,0.4507,1,1,1,Month_4
CUST_100679,51,Working Age (25-55),Female,50000.0,12300,debt_consolidation,5,20,9,0.4392,1,0,1,Month_4
CUST_100680,38,Working Age (25-55),Female,25400.0,10700,home_improvement,11,8,3,0.2076,0,0,0,Month_4
CUST_100681,38,Working Age (25-55),Male,43500.0,6800,home_improvement,0,18,7,0.3178,0,0,0,Month_4
CUST_100682,24,Young (<25),Male,27300.0,4800,credit_card,5,9,10,0.3838,0,0,1,Month_4
CUST_100683,19,Young (<25),Male,60000.0,20100,debt_consolidation,1,5,4,0.347,0,1,1,Month_4
CUST_100684,20,Young (<25),Male,134000.0,50000,debt_consolidation,2,4,7,0.1725,0,0,0,Month_4
CUST_100685,40,Working Age (25-55),Female,28000.0,7100,credit_card,2,12,6,0.1902,0,0,0,Month_4
CUST_100686,45,Working Age (25-55),Male,30600.0,12600,credit_card,8,14,5,0.284,0,3,0,Month_4
CUST_100687,48,Working Age (25-55),Female,45500.0,22800,credit_card,3,15,6,0.2017,0,2,0,Month_4
CUST_100688,40,Working Age (25-55),Male,87200.0,10000,debt_consolidation,7,13,12,0.2652,0,0,0,Month_4
CUST_100689,53,Working Age (25-55),Female,70800.0,10700,small_business,3,16,8,0.4639,0,1,1,Month_4
CUST_100690,55,Working Age (25-55),Male,62400.0,29400,debt_consolidation,5,20,13,0.4964,0,0,1,Month_4
CUST_100691,45,Working Age (25-55),Male,26700.0,6300,small_business,6,14,8,0.4826,1,2,1,Month_4
CUST_100692,37,Working Age (25-55),Female,69500.0,30900,credit_card,0,13,5,0.2773,1,0,1,Month_4
CUST_100693,69,Senior (>55),Male,92500.0,33400,debt_consolidation,5,23,10,0.495,1,0,1,Month_4
CUST_100694,29,Working Age (25-55),Female,34800.0,12800,medical,11,12,4,0.1933,0,0,0,Month_4
CUST_100695,47,Working Age (25-55),Female,31800.0,7000,debt_consolidation,1,25,9,0.1785,0,0,0,Month_4
CUST_100696,51,Working Age (25-55),Male,55000.0,16100,home_improvement,5,14,12,0.1363,0,0,0,Month_4
CUST_100697,24,Young (<25),Male,53200.0,6300,credit_card,2,10,9,0.2732,0,0,0,Month_4
CUST_100698,37,Working Age (25-55),Male,69700.0,26900,debt_consolidation,1,5,4,0.249,1,0,1,Month_4
CUST_100699,56,Senior (>55),Female,34200.0,12200,debt_consolidation,3,16,4,0.3506,0,0,0,Month_4
CUST_100700,48,Working Age (25-55),Female,54400.0,21800,major_purchase,2,19,7,0.2379,0,0,0,Month_4
CUST_100701,40,Working Age (25-55),Male,27400.0,3800,credit_card,0,16,2,0.2905,1,0,1,Month_4
CUST_100702,54,Working Age (25-55),Female,44800.0,14700,home_improvement,11,16,9,0.428,0,1,1,Month_4
CUST_100703,27,Working Age (25-55),Male,38500.0,6600,debt_consolidation,0,9,9,0.3603,0,0,0,Month_4
CUST_100704,22,Young (<25),Female,22300.0,9200,debt_consolidation,0,10,8,0.4511,0,0,1,Month_4
CUST_100705,45,Working Age (25-55),Female,87400.0,31900,debt_consolidation,1,11,11,0.3682,0,0,1,Month_4
CUST_100706,33,Working Age (25-55),Female,145400.0,21300,credit_card,4,7,12,0.3829,1,0,0,Month_4
CUST_100707,19,Young (<25),Female,52400.0,18300,debt_consolidation,1,12,9,0.2209,0,0,0,Month_4
CUST_100708,37,Working Age (25-55),Male,32800.0,9300,major_purchase,3,14,3,0.3394,0,0,0,Month_4
CUST_100709,37,Working Age (25-55),Female,136700.0,35300,debt_consolidation,12,14,7,0.2105,0,0,0,Month_4
CUST_100710,30,Working Age (25-55),Male,56100.0,18000,major_purchase,5,8,11,0.1894,0,0,1,Month_4
CUST_100711,59,Senior (>55),Male,55900.0,11900,debt_consolidation,9,20,8,0.2461,0,2,0,Month_4
CUST_100712,39,Working Age (25-55),Male,52800.0,15800,debt_consolidation,1,10,6,0.2939,0,0,0,Month_4
CUST_100713,35,Working Age (25-55),Male,25300.0,11400,debt_consolidation,8,12,9,0.3759,0,1,0,Month_4
CUST_100714,37,Working Age (25-55),Male,30500.0,14600,debt_consolidation,0,13,13,0.2539,0,0,0,Month_4
CUST_100715,38,Working Age (25-55),Female,58000.0,12300,credit_card,2,13,9,0.1726,0,1,0,Month_4
CUST_100716,53,Working Age (25-55),Female,81400.0,9800,credit_card,11,22,6,0.4856,0,0,0,Month_4
CUST_100717,44,Working Age (25-55),Female,54500.0,7000,debt_consolidation,4,10,10,0.3467,0,0,0,Month_4
CUST_100718,20,Young (<25),Male,47100.0,14800,debt_consolidation,0,11,5,0.1489,0,0,0,Month_4
CUST_100719,50,Working Age (25-55),Male,56800.0,18200,debt_consolidation,0,20,4,0.4158,0,2,1,Month_4
CUST_100720,49,Working Age (25-55),Male,101000.0,39000,debt_consolidation,8,17,8,0.3248,0,0,0,Month_4
CUST_100721,35,Working Age (25-55),Female,16100.0,2000,small_business,0,11,11,0.1679,0,0,0,Month_4
CUST_100722,48,Working Age (25-55),Female,26800.0,9900,debt_consolidation,5,21,8,0.3866,0,1,1,Month_4
CUST_100723,54,Working Age (25-55),Male,20000.0,8200,debt_consolidation,9,16,6,0.2943,1,1,1,Month_4
CUST_100724,45,Working Age (25-55),Female,31500.0,4900,debt_consolidation,7,17,8,0.5436,1,1,1,Month_4
CUST_100725,55,Working Age (25-55),Male,101800.0,30500,home_improvement,4,16,9,0.279,0,0,0,Month_4
CUST_100726,40,Working Age (25-55),Male,25300.0,4500,debt_consolidation,0,19,8,0.1321,1,0,0,Month_4
CUST_100727,42,Working Age (25-55),Female,111700.0,45500,debt_consolidation,3,16,8,0.115,0,0,1,Month_4
CUST_100728,58,Senior (>55),Male,44600.0,14000,debt_consolidation,3,17,5,0.4171,0,0,1,Month_4
CUST_100729,27,Working Age (25-55),Male,33300.0,5700,debt_consolidation,9,10,3,0.2292,0,0,0,Month_4
CUST_100730,29,Working Age (25-55),Male,109000.0,14800,debt_consolidation,8,9,10,0.2693,0,0,0,Month_4
CUST_100731,27,Working Age (25-55),Female,25500.0,11500,home_improvement,1,9,9,0.1609,0,0,0,Month_4
CUST_100732,29,Working Age (25-55),Male,47600.0,16100,credit_card,11,6,10,0.231,0,0,0,Month_4
CUST_100733,49,Working Age (25-55),Male,52500.0,6400,debt_consolidation,5,17,5,0.2114,0,0,0,Month_4
CUST_100734,63,Senior (>55),Male,70100.0,21200,debt_consolidation,7,16,15,0.1572,0,0,0,Month_4
CUST_100735,28,Working Age (25-55),Female,56500.0,26100,debt_consolidation,9,8,5,0.2864,0,1,1,Month_4
CUST_100736,50,Working Age (25-55),Female,25600.0,8600,credit_card,5,12,12,0.3201,1,1,1,Month_4
CUST_100737,36,Working Age (25-55),Female,60600.0,26900,home_improvement,2,12,3,0.4816,0,2,1,Month_4
CUST_100738,57,Senior (>55),Male,32200.0,6100,major_purchase,6,18,5,0.1923,0,0,0,Month_4
CUST_100739,32,Working Age (25-55),Male,46500.0,13100,debt_consolidation,2,11,7,0.35,0,0,0,Month_4
CUST_100740,49,Working Age (25-55),Male,36300.0,4200,debt_consolidation,2,15,5,0.3814,0,0,0,Month_4
CUST_100741,32,Working Age (25-55),Male,62800.0,30400,credit_card,1,9,6,0.1814,0,0,0,Month_4
CUST_100742,35,Working Age (25-55),Male,16100.0,5000,debt_consolidation,3,8,10,0.2806,0,0,0,Month_4
CUST_100743,57,Senior (>55),Male,32100.0,15300,debt_consolidation,10,22,9,0.2803,0,0,0,Month_4
CUST_100744,44,Working Age (25-55),Male,48000.0,13400,medical,2,15,9,0.5321,0,0,1,Month_4
CUST_100745,28,Working Age (25-55),Female,36100.0,13900,debt_consolidation,10,13,5,0.3316,1,0,1,Month_4
CUST_100746,44,Working Age (25-55),Female,42900.0,12100,debt_consolidation,1,17,5,0.3626,1,0,1,Month_4
CUST_100747,41,Working Age (25-55),Female,22600.0,8900,debt_consolidation,2,13,6,0.3501,0,0,1,Month_4
CUST_100748,49,Working Age (25-55),Female,52700.0,18700,small_business,4,24,9,0.1894,0,0,0,Month_4
CUST_100749,46,Working Age (25-55),Male,61800.0,9900,credit_card,19,21,9,0.2213,0,0,0,Month_4
CUST_100750,23,Young (<25),Female,47800.0,9200,debt_consolidation,2,12,6,0.1284,0,0,0,Month_4
CUST_100751,40,Working Age (25-55),Male,63700.0,8700,major_purchase,11,15,6,0.5215,1,0,1,Month_4
CUST_100752,50,Working Age (25-55),Female,57600.0,20300,debt_consolidation,4,19,9,0.131,1,0,0,Month_4
CUST_100753,40,Working Age (25-55),Male,28500.0,9700,debt_consolidation,9,17,9,0.3493,0,0,0,Month_4
CUST_100754,28,Working Age (25-55),Male,82900.0,35600,credit_card,7,7,8,0.4,0,1,1,Month_4
CUST_100755,28,Working Age (25-55),Female,103800.0,48800,credit_card,0,11,4,0.2378,0,2,1,Month_4
CUST_100756,31,Working Age (25-55),Male,68500.0,26900,home_improvement,4,17,3,0.1927,0,0,0,Month_4
CUST_100757,48,Working Age (25-55),Male,31600.0,5300,major_purchase,6,18,2,0.2749,0,0,0,Month_4
CUST_100758,41,Working Age (25-55),Male,23900.0,7400,debt_consolidation,2,15,6,0.4001,0,0,1,Month_4
CUST_100759,30,Working Age (25-55),Female,45600.0,7200,home_improvement,4,8,11,0.3966,0,0,0,Month_4
CUST_100760,52,Working Age (25-55),Male,57300.0,26600,debt_consolidation,5,21,7,0.1565,0,0,0,Month_4
CUST_100761,46,Working Age (25-55),Female,55200.0,9300,debt_consolidation,3,17,4,0.5227,1,0,1,Month_4
CUST_100762,51,Working Age (25-55),Male,79700.0,23300,credit_card,4,14,7,0.2064,0,0,0,Month_4
CUST_100763,50,Working Age (25-55),Male,23600.0,5100,debt_consolidation,3,13,4,0.2867,0,0,0,Month_4
CUST_100764,41,Working Age (25-55),Male,46300.0,14100,major_purchase,1,16,9,0.1373,0,1,0,Month_4
CUST_100765,31,Working Age (25-55),Female,23900.0,5900,debt_consolidation,2,3,8,0.2042,0,0,0,Month_4
CUST_100766,37,Working Age (25-55),Male,96700.0,38000,debt_consolidation,6,14,4,0.3038,0,1,0,Month_4
CUST_100767,33,Working Age (25-55),Female,100900.0,44200,credit_card,11,9,2,0.3893,1,0,1,Month_4
CUST_100768,54,Working Age (25-55),Male,31100.0,8300,debt_consolidation,0,20,6,0.4062,0,0,0,Month_4
CUST_100769,51,Working Age (25-55),Female,79400.0,22900,debt_consolidation,0,17,12,0.2379,0,3,0,Month_4
CUST_100770,30,Working Age (25-55),Male,16100.0,3600,debt_consolidation,6,16,7,0.2179,0,0,0,Month_4
CUST_100771,39,Working Age (25-55),Female,51600.0,12900,debt_consolidation,7,17,6,0.2374,1,1,1,Month_4
CUST_100772,19,Young (<25),Female,48000.0,7500,medical,1,7,5,0.26,0,1,0,Month_4
CUST_100773,34,Working Age (25-55),Male,19900.0,5400,debt_consolidation,16,15,9,0.4984,1,1,1,Month_4
CUST_100774,35,Working Age (25-55),Male,34000.0,9900,credit_card,12,16,6,0.3603,0,0,0,Month_4
CUST_100775,38,Working Age (25-55),Female,36700.0,9800,medical,0,11,9,0.1575,1,2,1,Month_4
CUST_100776,23,Young (<25),Male,45600.0,8500,debt_consolidation,0,4,8,0.1368,0,1,0,Month_4
CUST_100777,27,Working Age (25-55),Male,129700.0,24300,credit_card,3,12,11,0.3815,1,1,0,Month_4
CUST_100778,32,Working Age (25-55),Female,33400.0,4700,credit_card,1,16,9,0.5077,0,1,1,Month_4
CUST_100779,32,Working Age (25-55),Male,88800.0,33900,credit_card,9,7,7,0.3593,0,0,0,Month_4
CUST_100780,30,Working Age (25-55),Male,67300.0,10800,debt_consolidation,3,10,12,0.2505,0,0,0,Month_4
CUST_100781,44,Working Age (25-55),Male,86400.0,34600,credit_card,11,18,2,0.2485,0,0,0,Month_4
CUST_100782,19,Young (<25),Male,45300.0,19900,credit_card,1,1,7,0.1531,0,0,1,Month_4
CUST_100783,46,Working Age (25-55),Female,34600.0,9700,home_improvement,0,16,8,0.5207,0,1,1,Month_4
CUST_100784,44,Working Age (25-55),Female,63000.0,21700,small_business,15,19,11,0.3789,0,0,0,Month_4
CUST_100785,43,Working Age (25-55),Male,40900.0,14100,small_business,7,10,8,0.3854,0,0,1,Month_4
CUST_100786,52,Working Age (25-55),Male,34500.0,9400,credit_card,5,15,8,0.1809,0,0,1,Month_4
CUST_100787,24,Young (<25),Male,83600.0,34000,credit_card,0,10,9,0.1689,0,0,0,Month_4
CUST_100788,59,Senior (>55),Female,159200.0,50000,medical,6,18,6,0.4523,0,0,0,Month_4
CUST_100789,36,Working Age (25-55),Female,37100.0,16900,home_improvement,3,10,4,0.256,0,0,0,Month_4
CUST_100790,40,Working Age (25-55),Male,84600.0,34700,debt_consolidation,1,9,9,0.3299,1,0,1,Month_4
CUST_100791,29,Working Age (25-55),Female,73900.0,14100,credit_card,2,11,5,0.1611,0,1,0,Month_4
CUST_100792,45,Working Age (25-55),Male,32100.0,4900,debt_consolidation,0,16,7,0.2971,1,0,1,Month_4
CUST_100793,35,Working Age (25-55),Male,101900.0,21600,debt_consolidation,10,7,10,0.2772,0,0,0,Month_4
CUST_100794,45,Working Age (25-55),Female,84200.0,28400,medical,0,16,8,0.2716,0,0,0,Month_4
CUST_100795,52,Working Age (25-55),Male,36300.0,8900,credit_card,0,14,8,0.2243,0,1,0,Month_4
CUST_100796,48,Working Age (25-55),Female,86600.0,40200,home_improvement,1,14,5,0.1831,0,0,0,Month_4
CUST_100797,26,Working Age (25-55),Female,62500.0,14800,home_improvement,3,6,9,0.2346,0,1,0,Month_4
CUST_100798,50,Working Age (25-55),Female,54400.0,11200,credit_card,5,17,7,0.3261,0,0,0,Month_4
CUST_100799,53,Working Age (25-55),Male,66900.0,27100,debt_consolidation,0,17,10,0.3099,0,1,1,Month_4
CUST_100800,52,Working Age (25-55),Male,46300.0,21900,debt_consolidation,2,18,10,0.1299,0,2,0,Month_4
CUST_100801,31,Working Age (25-55),Male,93500.0,40300,credit_card,7,7,9,0.2968,0,0,0,Month_4
CUST_100802,26,Working Age (25-55),Male,89900.0,44000,home_improvement,5,9,10,0.3011,0,1,1,Month_4
CUST_100803,43,Working Age (25-55),Male,49200.0,9200,home_improvement,2,9,8,0.3555,1,1,1,Month_4
CUST_100804,61,Senior (>55),Female,33700.0,11500,debt_consolidation,0,19,11,0.2119,0,2,0,Month_4
CUST_100805,32,Working Age (25-55),Female,18000.0,8100,debt_consolidation,3,8,8,0.1944,0,0,0,Month_4
CUST_100806,28,Working Age (25-55),Male,19200.0,2500,home_improvement,0,8,7,0.4372,1,2,1,Month_4
CUST_100807,50,Working Age (25-55),Male,16100.0,4300,debt_consolidation,2,20,6,0.3875,0,0,0,Month_4
CUST_100808,45,Working Age (25-55),Male,96300.0,41200,major_purchase,20,18,6,0.2359,0,1,0,Month_4
CUST_100809,39,Working Age (25-55),Male,35900.0,17300,credit_card,1,6,7,0.1363,0,0,0,Month_4
CUST_100810,30,Working Age (25-55),Female,40000.0,17900,debt_consolidation,10,8,6,0.2303,0,1,0,Month_4
CUST_100811,38,Working Age (25-55),Female,39800.0,16400,small_business,0,17,6,0.2974,0,0,0,Month_4
CUST_100812,60,Senior (>55),Male,24000.0,3200,debt_consolidation,4,20,7,0.1652,0,2,0,Month_4
CUST_100813,31,Working Age (25-55),Female,73600.0,22400,credit_card,10,6,8,0.4418,0,3,0,Month_4
CUST_100814,35,Working Age (25-55),Female,37600.0,16800,debt_consolidation,1,11,4,0.4746,0,0,1,Month_4
CUST_100815,46,Working Age (25-55),Female,24900.0,6900,debt_consolidation,2,21,6,0.2199,0,0,0,Month_4
CUST_100816,67,Senior (>55),Female,45700.0,12500,debt_consolidation,1,19,9,0.2314,0,0,0,Month_4
CUST_100817,31,Working Age (25-55),Male,21500.0,8700,small_business,9,11,2,0.2293,0,1,0,Month_4
CUST_100818,30,Working Age (25-55),Female,31000.0,13900,home_improvement,2,3,12,0.1264,0,0,0,Month_4
CUST_100819,45,Working Age (25-55),Female,52400.0,16600,home_improvement,6,18,9,0.3337,0,2,0,Month_4
CUST_100820,24,Young (<25),Female,66200.0,12500,medical,6,6,3,0.3019,0,0,0,Month_4
CUST_100821,58,Senior (>55),Male,45300.0,6100,debt_consolidation,0,18,10,0.2835,0,0,0,Month_4
CUST_100822,63,Senior (>55),Male,76300.0,22300,credit_card,13,25,11,0.172,0,0,0,Month_4
CUST_100823,44,Working Age (25-55),Male,60900.0,29400,debt_consolidation,5,11,8,0.3292,0,0,1,Month_4
CUST_100824,19,Young (<25),Male,58900.0,16000,home_improvement,1,7,5,0.3477,0,1,1,Month_4
CUST_100825,30,Working Age (25-55),Female,98200.0,42700,home_improvement,1,8,9,0.3368,0,0,1,Month_4
CUST_100826,36,Working Age (25-55),Female,22800.0,3700,home_improvement,1,17,9,0.2972,0,0,1,Month_4
CUST_100827,26,Working Age (25-55),Male,33700.0,12800,credit_card,8,9,10,0.5278,0,0,1,Month_4
CUST_100828,53,Working Age (25-55),Female,57900.0,20500,credit_card,4,19,1,0.3548,0,0,0,Month_4
CUST_100829,27,Working Age (25-55),Male,22800.0,10200,debt_consolidation,0,5,9,0.3145,1,0,1,Month_4
CUST_100830,36,Working Age (25-55),Female,24500.0,10500,major_purchase,15,13,4,0.3036,0,0,0,Month_4
CUST_100831,22,Young (<25),Male,39300.0,10200,credit_card,4,3,5,0.1768,0,0,0,Month_4
CUST_100832,62,Senior (>55),Female,51400.0,10000,debt_consolidation,0,21,7,0.1336,0,0,0,Month_4
CUST_100833,56,Senior (>55),Female,46500.0,14900,small_business,6,19,5,0.3535,0,0,0,Month_4
CUST_100834,62,Senior (>55),Male,32000.0,15100,credit_card,15,24,6,0.3958,0,0,0,Month_4
CUST_100835,46,Working Age (25-55),Male,55000.0,20500,debt_consolidation,1,16,11,0.115,0,0,0,Month_4
CUST_100836,48,Working Age (25-55),Female,49400.0,22800,small_business,2,16,9,0.2189,0,1,0,Month_4
CUST_100837,60,Senior (>55),Male,22300.0,9200,debt_consolidation,4,23,6,0.1431,0,0,0,Month_4
CUST_100838,46,Working Age (25-55),Male,34800.0,15300,debt_consolidation,17,18,9,0.115,0,0,0,Month_4
CUST_100839,42,Working Age (25-55),Female,83000.0,32600,small_business,11,19,10,0.466,1,1,1,Month_4
CUST_100840,39,Working Age (25-55),Male,95700.0,18400,credit_card,9,12,4,0.2673,1,0,0,Month_4
CUST_100841,28,Working Age (25-55),Male,41800.0,19400,debt_consolidation,1,8,5,0.5707,0,0,0,Month_4
CUST_100842,44,Working Age (25-55),Female,27200.0,8000,debt_consolidation,0,13,5,0.4163,0,0,1,Month_4
CUST_100843,36,Working Age (25-55),Male,64700.0,23800,major_purchase,5,20,5,0.3554,0,1,0,Month_4
CUST_100844,38,Working Age (25-55),Male,59800.0,22000,debt_consolidation,1,9,4,0.392,0,0,1,Month_4
CUST_100845,36,Working Age (25-55),Female,16100.0,6600,home_improvement,13,13,5,0.1207,1,0,0,Month_4
CUST_100846,56,Senior (>55),Female,32400.0,15800,credit_card,2,15,4,0.3686,0,0,1,Month_4
CUST_100847,27,Working Age (25-55),Male,56600.0,21100,debt_consolidation,0,10,8,0.3318,0,1,1,Month_4
CUST_100848,50,Working Age (25-55),Female,51800.0,20800,debt_consolidation,0,17,3,0.1503,0,0,0,Month_4
CUST_100849,59,Senior (>55),Male,42000.0,11200,small_business,5,19,10,0.3238,0,1,0,Month_4
CUST_100850,50,Working Age (25-55),Female,42900.0,21100,credit_card,1,19,4,0.4701,1,0,1,Month_4
CUST_100851,58,Senior (>55),Male,119900.0,46600,debt_consolidation,7,22,9,0.2999,0,0,0,Month_4
CUST_100852,46,Working Age (25-55),Female,32200.0,9100,debt_consolidation,2,17,4,0.178,0,0,1,Month_4
CUST_100853,43,Working Age (25-55),Male,92900.0,33400,debt_consolidation,0,18,3,0.2232,0,0,0,Month_4
CUST_100854,32,Working Age (25-55),Male,29400.0,5000,debt_consolidation,3,12,7,0.4042,0,0,1,Month_4
CUST_100855,19,Young (<25),Male,54500.0,11500,medical,1,7,10,0.2946,0,1,1,Month_4
CUST_100856,34,Working Age (25-55),Male,136300.0,50000,debt_consolidation,1,11,6,0.1287,0,0,0,Month_4
CUST_100857,39,Working Age (25-55),Male,62800.0,16300,major_purchase,9,11,15,0.2296,0,0,0,Month_4
CUST_100858,42,Working Age (25-55),Female,34200.0,17100,home_improvement,7,17,6,0.4399,0,0,1,Month_4
CUST_100859,49,Working Age (25-55),Female,130800.0,37800,debt_consolidation,2,13,8,0.228,0,0,0,Month_4
CUST_100860,37,Working Age (25-55),Male,74200.0,24300,home_improvement,10,14,13,0.2959,0,0,1,Month_4
CUST_100861,42,Working Age (25-55),Male,30300.0,13600,home_improvement,11,14,7,0.4426,0,0,1,Month_4
CUST_100862,66,Senior (>55),Female,27300.0,7400,debt_consolidation,8,21,12,0.2317,0,0,0,Month_4
CUST_100863,30,Working Age (25-55),Female,49500.0,24300,major_purchase,12,7,3,0.3142,1,2,1,Month_4
CUST_100864,43,Working Age (25-55),Female,92900.0,27700,credit_card,11,16,10,0.2398,0,2,0,Month_4
CUST_100865,42,Working Age (25-55),Male,68000.0,17200,credit_card,5,15,6,0.2632,0,1,0,Month_4
CUST_100866,41,Working Age (25-55),Male,69800.0,18400,credit_card,10,13,6,0.115,0,1,0,Month_4
CUST_100867,35,Working Age (25-55),Female,37900.0,4600,debt_consolidation,8,9,4,0.2752,1,0,1,Month_4
CUST_100868,25,Working Age (25-55),Female,74400.0,20500,debt_consolidation,4,10,13,0.511,0,0,1,Month_4
CUST_100869,37,Working Age (25-55),Male,16100.0,6400,debt_consolidation,17,11,9,0.3849,0,0,0,Month_4
CUST_100870,46,Working Age (25-55),Male,109800.0,34800,debt_consolidation,2,10,5,0.2682,0,0,0,Month_4
CUST_100871,33,Working Age (25-55),Female,83600.0,24600,credit_card,7,10,5,0.3035,0,1,0,Month_4
CUST_100872,39,Working Age (25-55),Male,18300.0,2500,credit_card,0,8,9,0.4254,0,2,1,Month_4
CUST_100873,36,Working Age (25-55),Female,42000.0,17100,debt_consolidation,3,11,7,0.2759,0,0,0,Month_4
CUST_100874,54,Working Age (25-55),Male,67000.0,18500,credit_card,0,20,5,0.4544,0,1,1,Month_4
CUST_100875,54,Working Age (25-55),Female,26300.0,7800,debt_consolidation,0,10,5,0.2841,0,1,1,Month_4
CUST_100876,53,Working Age (25-55),Male,93600.0,35500,credit_card,0,15,2,0.3503,0,2,1,Month_4
CUST_100877,24,Young (<25),Female,42900.0,21200,debt_consolidation,1,10,10,0.5044,0,1,1,Month_4
CUST_100878,42,Working Age (25-55),Male,56400.0,11800,debt_consolidation,11,13,5,0.3191,0,0,0,Month_4
CUST_100879,43,Working Age (25-55),Male,55100.0,26800,credit_card,8,9,2,0.2494,0,0,0,Month_4
CUST_100880,49,Working Age (25-55),Female,108800.0,42700,debt_consolidation,7,22,8,0.2279,0,0,0,Month_4
CUST_100881,32,Working Age (25-55),Male,38000.0,6600,small_business,7,7,4,0.2833,0,0,0,Month_4
CUST_100882,49,Working Age (25-55),Male,57000.0,25000,small_business,6,19,7,0.2621,0,0,0,Month_4
CUST_100883,37,Working Age (25-55),Female,68000.0,10300,debt_consolidation,2,11,6,0.3199,0,0,0,Month_4
CUST_100884,33,Working Age (25-55),Female,25100.0,8100,small_business,1,12,5,0.2835,0,1,1,Month_4
CUST_100885,38,Working Age (25-55),Female,43000.0,17400,credit_card,3,12,10,0.3755,0,0,1,Month_4
CUST_100886,30,Working Age (25-55),Female,116200.0,22200,debt_consolidation,4,10,6,0.5298,0,0,1,Month_4
CUST_100887,60,Senior (>55),Male,19000.0,5400,credit_card,2,20,5,0.1757,0,0,0,Month_4
CUST_100888,21,Young (<25),Female,26800.0,9000,credit_card,3,5,10,0.4246,0,0,1,Month_4
CUST_100889,59,Senior (>55),Male,101200.0,40500,credit_card,2,21,9,0.4011,0,0,1,Month_4
CUST_100890,42,Working Age (25-55),Female,32100.0,15300,medical,13,15,8,0.2601,0,0,0,Month_4
CUST_100891,37,Working Age (25-55),Female,33100.0,9100,home_improvement,0,14,7,0.3117,0,1,1,Month_4
CUST_100892,39,Working Age (25-55),Male,41200.0,15800,debt_consolidation,2,14,4,0.3253,0,0,0,Month_4
CUST_100893,31,Working Age (25-55),Female,63000.0,14200,debt_consolidation,6,9,7,0.1758,0,0,0,Month_4
CUST_100894,42,Working Age (25-55),Male,81500.0,26900,debt_consolidation,4,12,9,0.2932,0,2,0,Month_4
CUST_100895,59,Senior (>55),Female,40400.0,19900,small_business,1,19,2,0.363,0,0,0,Month_4
CUST_100896,37,Working Age (25-55),Female,42100.0,14000,credit_card,1,13,6,0.4345,0,1,1,Month_4
CUST_100897,19,Young (<25),Male,105300.0,32800,debt_consolidation,1,10,7,0.2115,1,1,1,Month_4
CUST_100898,50,Working Age (25-55),Male,45400.0,13100,major_purchase,0,19,2,0.4122,0,0,1,Month_4
CUST_100899,29,Working Age (25-55),Female,32700.0,13500,debt_consolidation,11,8,3,0.266,0,0,0,Month_4
CUST_100900,30,Working Age (25-55),Male,44400.0,19700,debt_consolidation,2,10,10,0.2919,1,0,1,Month_4
CUST_100901,37,Working Age (25-55),Male,28400.0,7200,debt_consolidation,8,14,7,0.2377,0,0,0,Month_4
CUST_100902,62,Senior (>55),Female,18100.0,6000,debt_consolidation,0,23,8,0.2133,0,0,0,Month_4
CUST_100903,48,Working Age (25-55),Female,20900.0,5100,debt_consolidation,6,18,6,0.4016,0,0,0,Month_4
CUST_100904,38,Working Age (25-55),Male,50600.0,23500,credit_card,13,10,9,0.2827,0,1,0,Month_4
CUST_100905,51,Working Age (25-55),Female,75100.0,18000,debt_consolidation,8,11,9,0.2583,0,0,0,Month_4
CUST_100906,37,Working Age (25-55),Male,25900.0,10600,credit_card,7,12,8,0.3711,0,0,0,Month_4
CUST_100907,62,Senior (>55),Female,64700.0,15100,home_improvement,16,26,1,0.2434,0,0,0,Month_4
CUST_100908,27,Working Age (25-55),Female,32300.0,5000,debt_consolidation,2,5,12,0.3313,0,3,1,Month_4
CUST_100909,21,Young (<25),Female,29400.0,14100,credit_card,0,7,11,0.4106,0,0,1,Month_4
CUST_100910,44,Working Age (25-55),Female,24600.0,5500,debt_consolidation,0,14,11,0.5679,0,0,0,Month_4
CUST_100911,35,Working Age (25-55),Female,46000.0,20600,debt_consolidation,5,10,8,0.1746,0,0,0,Month_4
CUST_100912,48,Working Age (25-55),Male,25100.0,8900,debt_consolidation,11,20,6,0.1689,0,0,0,Month_4
CUST_100913,36,Working Age (25-55),Male,32400.0,4300,debt_consolidation,0,8,6,0.4559,0,3,1,Month_4
CUST_100914,35,Working Age (25-55),Male,96100.0,24400,major_purchase,2,16,9,0.207,0,0,0,Month_4
CUST_100915,21,Young (<25),Male,124600.0,19600,debt_consolidation,0,9,5,0.132,0,0,0,Month_4
CUST_100916,41,Working Age (25-55),Male,23900.0,11900,small_business,8,16,3,0.1694,0,0,0,Month_4
CUST_100917,21,Young (<25),Female,89500.0,14400,debt_consolidation,0,13,10,0.2713,0,0,0,Month_4
CUST_100918,27,Working Age (25-55),Female,41200.0,13000,medical,8,10,4,0.3254,0,0,0,Month_4
CUST_100919,56,Senior (>55),Male,55000.0,21700,debt_consolidation,5,24,5,0.3203,0,0,0,Month_4
CUST_100920,43,Working Age (25-55),Female,46500.0,6800,debt_consolidation,7,17,4,0.542,0,0,1,Month_4
CUST_100921,37,Working Age (25-55),Female,67500.0,8300,debt_consolidation,1,12,2,0.423,0,0,0,Month_4
CUST_100922,55,Working Age (25-55),Male,66700.0,22300,credit_card,0,24,15,0.1654,0,0,0,Month_4
CUST_100923,41,Working Age (25-55),Male,28900.0,8900,debt_consolidation,19,15,7,0.2252,0,0,1,Month_4
CUST_100924,30,Working Age (25-55),Female,67900.0,33700,debt_consolidation,3,6,4,0.5437,1,0,1,Month_4
CUST_100925,44,Working Age (25-55),Male,19600.0,9700,credit_card,0,14,9,0.321,0,0,1,Month_4
CUST_100926,20,Young (<25),Female,29900.0,15000,credit_card,2,8,8,0.3609,0,0,1,Month_4
CUST_100927,43,Working Age (25-55),Male,136400.0,50000,credit_card,3,12,7,0.2688,0,0,0,Month_4
CUST_100928,37,Working Age (25-55),Male,73000.0,11100,major_purchase,5,8,6,0.362,0,1,0,Month_4
CUST_100929,56,Senior (>55),Female,39800.0,13600,debt_consolidation,4,16,6,0.3043,0,0,0,Month_4
CUST_100930,55,Working Age (25-55),Male,111100.0,47500,credit_card,1,21,5,0.3378,0,1,1,Month_4
CUST_100931,39,Working Age (25-55),Female,49900.0,6800,debt_consolidation,3,15,8,0.3818,0,1,0,Month_4
CUST_100932,36,Working Age (25-55),Male,64200.0,22400,credit_card,0,14,4,0.3393,0,1,1,Month_4
CUST_100933,48,Working Age (25-55),Male,65200.0,13100,debt_consolidation,5,17,9,0.3933,0,0,0,Month_4
CUST_100934,41,Working Age (25-55),Male,36200.0,13900,debt_consolidation,1,18,8,0.1861,0,3,0,Month_4
CUST_100935,64,Senior (>55),Female,68700.0,32700,credit_card,1,17,12,0.3696,0,1,1,Month_4
CUST_100936,56,Senior (>55),Female,45100.0,11900,debt_consolidation,5,20,5,0.3248,0,2,0,Month_4
CUST_100937,38,Working Age (25-55),Male,39900.0,10400,medical,7,5,9,0.2367,0,0,0,Month_4
CUST_100938,20,Young (<25),Male,44300.0,16500,medical,2,5,3,0.2509,0,0,0,Month_4
CUST_100939,21,Young (<25),Male,46000.0,17400,debt_consolidation,3,6,7,0.2307,0,0,0,Month_4
CUST_100940,45,Working Age (25-55),Male,48400.0,19500,credit_card,3,17,8,0.4035,1,1,1,Month_4
CUST_100941,63,Senior (>55),Female,26300.0,10300,debt_consolidation,3,23,13,0.1718,0,0,0,Month_4
CUST_100942,40,Working Age (25-55),Male,31100.0,13200,debt_consolidation,0,14,3,0.1717,0,0,0,Month_4
CUST_100943,36,Working Age (25-55),Female,106600.0,33700,credit_card,1,14,9,0.3085,0,0,0,Month_4
CUST_100944,46,Working Age (25-55),Female,65100.0,26400,major_purchase,2,11,4,0.3035,0,0,0,Month_4
CUST_100945,37,Working Age (25-55),Female,148800.0,27300,debt_consolidation,6,9,5,0.5518,1,1,1,Month_4
CUST_100946,30,Working Age (25-55),Female,61200.0,27500,debt_consolidation,2,15,7,0.4182,0,0,1,Month_4
CUST_100947,27,Working Age (25-55),Female,45800.0,16700,debt_consolidation,0,17,9,0.1292,0,0,0,Month_4
CUST_100948,48,Working Age (25-55),Male,62000.0,9900,debt_consolidation,13,17,14,0.1905,0,0,0,Month_4
CUST_100949,40,Working Age (25-55),Male,36800.0,14000,medical,4,14,11,0.5012,0,0,1,Month_4
CUST_100950,48,Working Age (25-55),Male,33800.0,12700,home_improvement,3,15,7,0.1878,0,0,0,Month_4
CUST_100951,27,Working Age (25-55),Male,45600.0,21700,debt_consolidation,0,7,8,0.2955,0,1,1,Month_4
CUST_100952,45,Working Age (25-55),Male,122400.0,50000,major_purchase,3,14,6,0.353,0,0,0,Month_4
CUST_100953,39,Working Age (25-55),Female,49500.0,8100,credit_card,1,13,4,0.43,1,1,1,Month_4
CUST_100954,46,Working Age (25-55),Male,47000.0,12600,debt_consolidation,5,14,4,0.2592,0,1,0,Month_4
CUST_100955,53,Working Age (25-55),Female,27200.0,10600,debt_consolidation,4,15,6,0.2429,0,1,0,Month_4
CUST_100956,56,Senior (>55),Male,41100.0,17400,debt_consolidation,5,18,8,0.3207,0,1,1,Month_4
CUST_100957,46,Working Age (25-55),Female,121800.0,47300,credit_card,4,15,7,0.2428,0,0,0,Month_4
CUST_100958,54,Working Age (25-55),Female,62400.0,17300,home_improvement,18,17,7,0.1943,0,1,0,Month_4
CUST_100959,49,Working Age (25-55),Female,17200.0,2000,debt_consolidation,9,15,10,0.4783,1,0,1,Month_4
CUST_100960,36,Working Age (25-55),Female,30300.0,10700,small_business,9,12,7,0.293,0,0,0,Month_4
CUST_100961,30,Working Age (25-55),Female,33500.0,7500,debt_consolidation,10,10,4,0.351,1,0,1,Month_4
CUST_100962,33,Working Age (25-55),Female,42300.0,15700,home_improvement,2,11,11,0.3785,0,1,1,Month_4
CUST_100963,28,Working Age (25-55),Female,29600.0,14700,debt_consolidation,1,9,8,0.4682,0,0,1,Month_4
CUST_100964,44,Working Age (25-55),Female,32300.0,6500,medical,1,17,8,0.1991,1,1,1,Month_4
CUST_100965,44,Working Age (25-55),Male,22800.0,3200,debt_consolidation,18,17,5,0.2033,0,3,0,Month_4
CUST_100966,49,Working Age (25-55),Female,30200.0,4000,debt_consolidation,1,16,7,0.4173,1,0,1,Month_4
CUST_100967,37,Working Age (25-55),Female,45600.0,13900,credit_card,14,15,8,0.3623,0,0,0,Month_4
CUST_100968,20,Young (<25),Male,41900.0,4900,home_improvement,2,5,8,0.2849,1,0,1,Month_4
CUST_100969,19,Young (<25),Male,48800.0,19000,debt_consolidation,0,9,2,0.4632,0,0,1,Month_4
CUST_100970,39,Working Age (25-55),Male,50100.0,13400,small_business,0,11,10,0.2559,0,2,0,Month_4
CUST_100971,25,Working Age (25-55),Female,48200.0,6800,debt_consolidation,2,7,9,0.2231,1,0,0,Month_4
CUST_100972,23,Young (<25),Female,142200.0,26300,home_improvement,0,10,5,0.1625,0,3,0,Month_4
CUST_100973,33,Working Age (25-55),Male,18300.0,5800,credit_card,2,16,7,0.3157,0,0,0,Month_4
CUST_100974,40,Working Age (25-55),Male,34700.0,14400,credit_card,3,17,4,0.3736,0,0,0,Month_4
CUST_100975,44,Working Age (25-55),Male,43000.0,16600,debt_consolidation,0,13,5,0.3769,1,1,1,Month_4
CUST_100976,43,Working Age (25-55),Male,26500.0,4500,small_business,9,18,6,0.186,0,0,0,Month_4
CUST_100977,27,Working Age (25-55),Female,32000.0,6600,debt_consolidation,6,5,11,0.274,0,0,0,Month_4
CUST_100978,52,Working Age (25-55),Male,25300.0,6200,credit_card,2,17,4,0.2162,0,0,0,Month_4
CUST_100979,35,Working Age (25-55),Female,71200.0,14900,debt_consolidation,7,8,4,0.1376,0,0,0,Month_4
CUST_100980,26,Working Age (25-55),Male,55800.0,15900,credit_card,0,8,4,0.3861,0,0,1,Month_4
CUST_100981,33,Working Age (25-55),Male,70700.0,12500,small_business,8,10,3,0.3683,0,0,0,Month_4
CUST_100982,33,Working Age (25-55),Female,29800.0,11600,debt_consolidation,3,13,8,0.2644,1,0,1,Month_4
CUST_100983,39,Working Age (25-55),Female,62600.0,30100,debt_consolidation,5,20,7,0.2615,0,0,0,Month_4
CUST_100984,54,Working Age (25-55),Male,60300.0,28300,debt_consolidation,13,18,4,0.2507,0,3,0,Month_4
CUST_100985,57,Senior (>55),Female,30000.0,10700,major_purchase,1,15,8,0.1615,0,1,0,Month_4
CUST_100986,26,Working Age (25-55),Male,26200.0,6200,debt_consolidation,8,7,7,0.4049,1,0,1,Month_4
CUST_100987,39,Working Age (25-55),Female,36000.0,11100,medical,3,19,8,0.3336,0,2,0,Month_4
CUST_100988,37,Working Age (25-55),Male,26800.0,4300,credit_card,8,15,4,0.2964,1,0,1,Month_4
CUST_100989,55,Working Age (25-55),Female,57300.0,20700,credit_card,16,13,9,0.4307,1,0,1,Month_4
CUST_100990,31,Working Age (25-55),Male,128400.0,35200,credit_card,4,10,5,0.3943,0,1,1,Month_4
CUST_100991,48,Working Age (25-55),Male,20700.0,9600,debt_consolidation,11,19,5,0.5067,1,0,1,Month_4
CUST_100992,48,Working Age (25-55),Female,19100.0,4200,credit_card,3,16,8,0.2907,0,0,0,Month_4
CUST_100993,33,Working Age (25-55),Female,80100.0,16900,debt_consolidation,1,9,9,0.4628,1,0,1,Month_4
CUST_100994,47,Working Age (25-55),Male,166200.0,50000,credit_card,4,16,6,0.2229,0,0,0,Month_4
CUST_100995,50,Working Age (25-55),Female,26600.0,12400,debt_consolidation,7,15,10,0.1667,0,3,0,Month_4
CUST_100996,33,Working Age (25-55),Female,44700.0,5500,credit_card,6,7,9,0.1211,1,0,0,Month_4
CUST_100997,43,Working Age (25-55),Female,118400.0,50000,home_improvement,15,13,6,0.5335,0,0,1,Month_4
CUST_100998,29,Working Age (25-55),Male,34300.0,10500,credit_card,2,13,5,0.2259,0,2,0,Month_4
CUST_100999,54,Working Age (25-55),Female,66100.0,21700,debt_consolidation,8,24,6,0.1851,0,0,0,Month_4
CUST_100000,63,Senior (>55),Male,45600.0,13200,debt_consolidation,5,22,8,0.394,0,0,0,Month_5
CUST_100001,45,Working Age (25-55),Female,27400.0,9100,major_purchase,19,15,3,0.3077,0,0,0,Month_5
CUST_100002,53,Working Age (25-55),Male,75900.0,22700,credit_card,1,19,8,0.1461,0,0,0,Month_5
CUST_100003,40,Working Age (25-55),Male,154500.0,50000,debt_consolidation,0,10,6,0.3221,0,0,0,Month_5
CUST_100004,53,Working Age (25-55),Male,72600.0,11400,debt_consolidation,8,19,6,0.1447,0,0,0,Month_5
CUST_100005,56,Senior (>55),Female,33000.0,5900,major_purchase,16,20,9,0.2865,0,0,0,Month_5
CUST_100006,32,Working Age (25-55),Female,72500.0,17800,home_improvement,4,11,4,0.2102,0,1,0,Month_5
CUST_100007,30,Working Age (25-55),Female,37200.0,6700,debt_consolidation,4,11,5,0.5178,1,0,1,Month_5
CUST_100008,42,Working Age (25-55),Male,45200.0,12800,debt_consolidation,20,13,2,0.2196,0,0,0,Month_5
CUST_100009,40,Working Age (25-55),Male,69100.0,30600,debt_consolidation,5,10,3,0.3069,0,0,0,Month_5
CUST_100010,41,Working Age (25-55),Female,52900.0,7100,debt_consolidation,23,18,5,0.4002,0,0,0,Month_5
CUST_100011,45,Working Age (25-55),Female,72500.0,13600,credit_card,0,18,4,0.4937,0,1,1,Month_5
CUST_100012,42,Working Age (25-55),Male,100400.0,17500,small_business,2,14,7,0.2618,0,0,0,Month_5
CUST_100013,35,Working Age (25-55),Male,64600.0,10200,debt_consolidation,1,11,3,0.312,0,0,0,Month_5
CUST_100014,27,Working Age (25-55),Female,81900.0,18200,debt_consolidation,9,8,5,0.2661,0,0,0,Month_5
CUST_100015,53,Working Age (25-55),Female,43200.0,17000,home_improvement,7,20,7,0.2634,0,0,0,Month_5
CUST_100016,29,Working Age (25-55),Male,64300.0,30700,debt_consolidation,2,15,9,0.1913,0,1,0,Month_5
CUST_100017,23,Young (<25),Female,21700.0,8400,medical,2,9,8,0.438,0,0,1,Month_5
CUST_100018,50,Working Age (25-55),Female,35300.0,16000,debt_consolidation,1,14,6,0.4175,0,0,1,Month_5
CUST_100019,32,Working Age (25-55),Female,48200.0,22100,home_improvement,1,7,7,0.3605,0,0,1,Month_5
CUST_100020,40,Working Age (25-55),Female,79300.0,17200,debt_consolidation,8,18,6,0.3755,0,0,0,Month_5
CUST_100021,62,Senior (>55),Male,64200.0,29500,home_improvement,7,17,9,0.5688,1,0,1,Month_5
CUST_100022,40,Working Age (25-55),Female,19100.0,5100,debt_consolidation,2,15,11,0.2837,0,1,0,Month_5
CUST_100023,60,Senior (>55),Male,35900.0,7300,credit_card,10,18,15,0.3829,1,0,1,Month_5
CUST_100024,42,Working Age (25-55),Female,45200.0,11400,credit_card,7,15,4,0.4119,0,0,0,Month_5
CUST_100025,39,Working Age (25-55),Male,43500.0,18200,medical,2,13,5,0.1943,1,0,0,Month_5
CUST_100026,43,Working Age (25-55),Female,43100.0,12500,home_improvement,6,14,8,0.2766,0,0,0,Month_5
CUST_100027,28,Working Age (25-55),Female,48200.0,8200,debt_consolidation,2,12,9,0.1844,1,0,1,Month_5
CUST_100028,40,Working Age (25-55),Female,25500.0,12800,home_improvement,5,12,3,0.3719,0,0,0,Month_5
CUST_100029,46,Working Age (25-55),Female,42900.0,19300,debt_consolidation,5,17,15,0.2477,1,0,1,Month_5
CUST_100030,42,Working Age (25-55),Female,80500.0,38100,debt_consolidation,2,14,3,0.144,0,0,0,Month_5
CUST_100031,26,Working Age (25-55),Male,42300.0,18900,home_improvement,4,9,6,0.2413,0,1,0,Month_5
CUST_100032,19,Young (<25),Male,52600.0,8500,credit_card,1,7,9,0.5143,0,0,0,Month_5
CUST_100033,47,Working Age (25-55),Male,24300.0,12100,debt_consolidation,7,13,8,0.1665,0,1,0,Month_5
CUST_100034,45,Working Age (25-55),Male,51000.0,25300,home_improvement,10,20,3,0.2846,0,0,1,Month_5
CUST_100035,57,Senior (>55),Female,55700.0,16900,debt_consolidation,1,24,13,0.3458,0,0,0,Month_5
CUST_100036,37,Working Age (25-55),Female,48400.0,12200,home_improvement,1,13,7,0.2384,1,0,1,Month_5
CUST_100037,28,Working Age (25-55),Female,51300.0,25800,medical,0,7,7,0.2397,0,0,0,Month_5
CUST_100038,20,Young (<25),Female,76900.0,9400,credit_card,2,2,10,0.3,0,0,0,Month_5
CUST_100039,60,Senior (>55),Male,29300.0,3600,debt_consolidation,8,20,10,0.4927,1,0,1,Month_5
CUST_100040,42,Working Age (25-55),Male,37200.0,9600,credit_card,4,10,8,0.2261,0,0,0,Month_5
CUST_100041,43,Working Age (25-55),Male,15500.0,5100,credit_card,0,14,6,0.1415,1,0,0,Month_5
CUST_100042,74,Senior (>55),Female,50600.0,23400,home_improvement,4,23,4,0.3713,0,3,1,Month_5
CUST_100043,29,Working Age (25-55),Female,20600.0,10000,home_improvement,10,9,10,0.3614,0,0,0,Month_5
CUST_100044,28,Working Age (25-55),Male,84400.0,27400,small_business,0,10,8,0.2226,0,0,0,Month_5
CUST_100045,60,Senior (>55),Male,55800.0,22500,credit_card,16,17,5,0.214,0,0,0,Month_5
CUST_100046,36,Working Age (25-55),Male,118100.0,39400,home_improvement,0,14,7,0.2578,0,3,0,Month_5
CUST_100047,43,Working Age (25-55),Male,48900.0,14000,medical,0,10,5,0.4331,0,0,1,Month_5
CUST_100048,34,Working Age (25-55),Female,40200.0,18100,debt_consolidation,0,12,11,0.2064,1,2,1,Month_5
CUST_100049,59,Senior (>55),Female,23000.0,6700,debt_consolidation,1,20,9,0.182,0,0,0,Month_5
CUST_100050,41,Working Age (25-55),Male,70700.0,14000,debt_consolidation,3,14,8,0.3106,1,0,0,Month_5
CUST_100051,45,Working Age (25-55),Female,31700.0,9800,debt_consolidation,15,13,14,0.2871,0,0,0,Month_5
CUST_100052,36,Working Age (25-55),Male,80500.0,27100,credit_card,2,11,7,0.3585,0,0,0,Month_5
CUST_100053,41,Working Age (25-55),Male,42500.0,11500,small_business,7,11,7,0.2347,0,0,0,Month_5
CUST_100054,42,Working Age (25-55),Male,87500.0,18300,major_purchase,3,17,8,0.5318,0,0,1,Month_5
CUST_100055,41,Working Age (25-55),Male,53500.0,11600,debt_consolidation,5,17,5,0.1963,0,0,0,Month_5
CUST_100056,40,Working Age (25-55),Male,86300.0,22400,small_business,0,17,11,0.2339,1,0,0,Month_5
CUST_100057,32,Working Age (25-55),Male,40300.0,5300,major_purchase,1,9,7,0.2153,0,0,0,Month_5
CUST_100058,32,Working Age (25-55),Male,22900.0,4700,home_improvement,2,11,8,0.3295,0,2,1,Month_5
CUST_100059,47,Working Age (25-55),Male,54900.0,11900,debt_consolidation,1,15,5,0.2702,0,0,1,Month_5
CUST_100060,46,Working Age (25-55),Male,86300.0,13700,major_purchase,0,19,7,0.2574,1,1,0,Month_5
CUST_100061,56,Senior (>55),Female,36600.0,8000,home_improvement,1,23,9,0.3118,0,0,0,Month_5
CUST_100062,53,Working Age (25-55),Male,163500.0,50000,home_improvement,1,19,4,0.4413,0,1,0,Month_5
CUST_100063,56,Senior (>55),Male,41300.0,17100,debt_consolidation,8,20,5,0.6737,1,0,1,Month_5
CUST_100064,30,Working Age (25-55),Male,67300.0,34700,credit_card,3,9,3,0.3576,0,1,1,Month_5
CUST_100065,24,Young (<25),Male,65700.0,12100,home_improvement,4,10,4,0.1531,0,0,0,Month_5
CUST_100066,51,Working Age (25-55),Male,72200.0,26400,credit_card,2,17,5,0.2898,0,1,0,Month_5
CUST_100067,19,Young (<25),Male,145300.0,49600,small_business,1,7,7,0.3051,0,2,0,Month_5
CUST_100068,32,Working Age (25-55),Female,35200.0,17000,debt_consolidation,14,13,4,0.3318,0,0,0,Month_5
CUST_100069,37,Working Age (25-55),Female,30200.0,10500,medical,7,10,10,0.2587,0,0,0,Month_5
CUST_100070,19,Young (<25),Male,51900.0,12400,debt_consolidation,0,2,5,0.1436,0,0,0,Month_5
CUST_100071,47,Working Age (25-55),Male,61100.0,30600,debt_consolidation,8,15,8,0.3365,0,1,1,Month_5
CUST_100072,41,Working Age (25-55),Male,35700.0,8300,debt_consolidation,6,12,8,0.4501,0,0,1,Month_5
CUST_100073,33,Working Age (25-55),Female,32000.0,5300,debt_consolidation,2,7,2,0.2161,0,1,0,Month_5
CUST_100074,41,Working Age (25-55),Male,28700.0,7700,major_purchase,7,10,8,0.1683,0,1,0,Month_5
CUST_100075,22,Young (<25),Female,41300.0,18600,debt_consolidation,0,5,6,0.2426,0,0,0,Month_5
CUST_100076,50,Working Age (25-55),Female,51300.0,6400,credit_card,4,11,8,0.265,1,0,0,Month_5
CUST_100077,48,Working Age (25-55),Male,107200.0,41300,debt_consolidation,1,14,5,0.3047,0,0,0,Month_5
CUST_100078,27,Working Age (25-55),Female,26100.0,12400,home_improvement,2,11,4,0.3942,0,0,1,Month_5
CUST_100079,19,Young (<25),Male,29500.0,7500,credit_card,1,3,5,0.4462,0,0,1,Month_5
CUST_100080,37,Working Age (25-55),Female,30200.0,5500,credit_card,4,10,5,0.4099,0,0,0,Month_5
CUST_100081,32,Working Age (25-55),Female,78900.0,18700,credit_card,6,11,10,0.5726,1,0,1,Month_5
CUST_100082,36,Working Age (25-55),Female,84500.0,43300,debt_consolidation,15,11,3,0.24,0,0,0,Month_5
CUST_100083,31,Working Age (25-55),Female,72900.0,16000,debt_consolidation,8,11,8,0.1893,1,0,0,Month_5
CUST_100084,20,Young (<25),Male,94200.0,16900,small_business,0,10,11,0.234,1,0,0,Month_5
CUST_100085,45,Working Age (25-55),Female,25700.0,9900,credit_card,4,13,4,0.323,0,0,0,Month_5
CUST_100086,63,Senior (>55),Female,61700.0,17900,debt_consolidation,3,20,12,0.2628,0,0,0,Month_5
CUST_100087,19,Young (<25),Male,128800.0,50000,debt_consolidation,1,3,9,0.2113,0,0,0,Month_5
CUST_100088,44,Working Age (25-55),Male,78900.0,33700,credit_card,0,16,7,0.3109,0,2,1,Month_5
CUST_100089,49,Working Age (25-55),Female,15500.0,5200,debt_consolidation,0,13,6,0.2584,0,2,0,Month_5
CUST_100090,47,Working Age (25-55),Female,96100.0,18000,major_purchase,5,16,5,0.4745,1,0,1,Month_5
CUST_100091,72,Senior (>55),Male,55300.0,11400,debt_consolidation,6,22,6,0.5292,0,1,1,Month_5
CUST_100092,34,Working Age (25-55),Female,43500.0,14000,debt_consolidation,4,9,4,0.2944,0,0,0,Month_5
CUST_100093,46,Working Age (25-55),Female,41000.0,8700,debt_consolidation,5,14,6,0.1696,0,1,0,Month_5
CUST_100094,55,Working Age (25-55),Male,25500.0,7400,debt_consolidation,1,24,5,0.3142,0,0,0,Month_5
CUST_100095,31,Working Age (25-55),Male,65800.0,9500,home_improvement,2,11,2,0.2975,0,2,0,Month_5
CUST_100096,43,Working Age (25-55),Male,42100.0,17000,debt_consolidation,4,17,8,0.2891,1,0,1,Month_5
CUST_100097,47,Working Age (25-55),Male,26700.0,10500,debt_consolidation,0,16,6,0.2165,0,0,0,Month_5
CUST_100098,40,Working Age (25-55),Female,49500.0,13000,credit_card,6,6,10,0.2933,0,0,0,Month_5
CUST_100099,47,Working Age (25-55),Male,26700.0,4600,home_improvement,2,18,9,0.2419,0,0,0,Month_5
CUST_100100,48,Working Age (25-55),Female,36100.0,15500,small_business,1,19,5,0.347,1,0,1,Month_5
CUST_100101,36,Working Age (25-55),Male,46900.0,23600,debt_consolidation,5,14,8,0.4959,0,0,1,Month_5
CUST_100102,31,Working Age (25-55),Female,46600.0,16900,debt_consolidation,4,9,8,0.3418,0,1,0,Month_5
CUST_100103,36,Working Age (25-55),Female,47500.0,23300,debt_consolidation,1,18,5,0.625,1,0,1,Month_5
CUST_100104,33,Working Age (25-55),Female,24900.0,6700,credit_card,2,16,7,0.1868,0,0,0,Month_5
CUST_100105,23,Young (<25),Male,84500.0,29200,debt_consolidation,5,10,9,0.3487,0,2,1,Month_5
CUST_100106,19,Young (<25),Female,78300.0,36600,small_business,1,4,3,0.2942,0,0,1,Month_5
CUST_100107,38,Working Age (25-55),Female,17000.0,6500,medical,2,9,12,0.2364,0,0,0,Month_5
CUST_100108,19,Young (<25),Female,88000.0,28000,debt_consolidation,1,7,8,0.4777,1,0,1,Month_5
CUST_100109,45,Working Age (25-55),Male,32300.0,12100,credit_card,0,12,13,0.3257,0,3,1,Month_5
CUST_100110,47,Working Age (25-55),Female,22400.0,5900,small_business,3,15,6,0.2943,1,0,1,Month_5
CUST_100111,28,Working Age (25-55),Male,15500.0,2300,debt_consolidation,3,13,10,0.503,1,0,1,Month_5
CUST_100112,43,Working Age (25-55),Female,35400.0,13200,major_purchase,1,17,10,0.5065,0,0,1,Month_5
CUST_100113,34,Working Age (25-55),Male,115700.0,43400,medical,1,8,7,0.6248,0,0,1,Month_5
CUST_100114,50,Working Age (25-55),Male,107500.0,50000,medical,0,21,7,0.4427,0,0,1,Month_5
CUST_100115,50,Working Age (25-55),Female,105400.0,43500,credit_card,20,21,10,0.2847,0,0,0,Month_5
CUST_100116,28,Working Age (25-55),Male,15900.0,3100,credit_card,5,11,6,0.4688,1,0,1,Month_5
CUST_100117,26,Working Age (25-55),Female,48200.0,13000,credit_card,8,7,6,0.336,0,0,0,Month_5
CUST_100118,26,Working Age (25-55),Male,50700.0,12900,credit_card,8,7,4,0.4716,0,0,1,Month_5
CUST_100119,64,Senior (>55),Male,25500.0,8100,debt_consolidation,2,24,12,0.5645,0,2,1,Month_5
CUST_100120,68,Senior (>55),Male,99800.0,27300,debt_consolidation,1,19,7,0.2554,0,0,0,Month_5
CUST_100121,44,Working Age (25-55),Male,29300.0,6500,debt_consolidation,6,17,5,0.648,1,0,1,Month_5
CUST_100122,43,Working Age (25-55),Female,38200.0,10100,debt_consolidation,3,12,12,0.3756,0,0,1,Month_5
CUST_100123,19,Young (<25),Female,68100.0,19500,home_improvement,1,4,7,0.2061,0,0,0,Month_5
CUST_100124,20,Young (<25),Male,61600.0,17100,credit_card,0,9,2,0.3193,1,1,1,Month_5
CUST_100125,39,Working Age (25-55),Male,79800.0,11900,debt_consolidation,1,13,8,0.2808,0,0,0,Month_5
CUST_100126,46,Working Age (25-55),Male,28900.0,11100,debt_consolidation,5,11,11,0.1432,0,0,0,Month_5
CUST_100127,34,Working Age (25-55),Male,27100.0,9000,credit_card,1,14,6,0.3912,0,0,1,Month_5
CUST_100128,41,Working Age (25-55),Female,39600.0,10700,credit_card,2,17,12,0.4096,0,0,1,Month_5
CUST_100129,25,Working Age (25-55),Female,28900.0,12800,credit_card,3,7,5,0.4289,0,0,1,Month_5
CUST_100130,19,Young (<25),Female,25600.0,11200,debt_consolidation,1,8,10,0.3438,0,2,1,Month_5
CUST_100131,40,Working Age (25-55),Female,89900.0,38500,home_improvement,1,12,2,0.435,0,1,1,Month_5
CUST_100132,26,Working Age (25-55),Male,31600.0,10300,home_improvement,2,4,9,0.2901,0,1,1,Month_5
CUST_100133,41,Working Age (25-55),Female,76100.0,21600,home_improvement,2,18,9,0.2789,1,0,0,Month_5
CUST_100134,32,Working Age (25-55),Male,24700.0,4800,small_business,14,8,7,0.3767,0,0,0,Month_5
CUST_100135,23,Young (<25),Male,154600.0,34100,debt_consolidation,2,7,7,0.2444,0,2,0,Month_5
CUST_100136,21,Young (<25),Male,30400.0,9900,debt_consolidation,1,6,10,0.3487,0,1,1,Month_5
CUST_100137,44,Working Age (25-55),Male,43500.0,18700,debt_consolidation,3,13,5,0.2983,0,0,0,Month_5
CUST_100138,50,Working Age (25-55),Male,56900.0,20700,debt_consolidation,4,21,6,0.3314,0,0,0,Month_5
CUST_100139,41,Working Age (25-55),Male,56900.0,15700,debt_consolidation,0,11,5,0.3322,0,1,1,Month_5
CUST_100140,50,Working Age (25-55),Female,56600.0,25800,home_improvement,0,15,10,0.2188,0,0,0,Month_5
CUST_100141,43,Working Age (25-55),Male,49500.0,10300,debt_consolidation,6,21,3,0.2503,0,3,0,Month_5
CUST_100142,37,Working Age (25-55),Male,70900.0,29000,debt_consolidation,0,17,4,0.311,0,0,0,Month_5
CUST_100143,25,Working Age (25-55),Male,47700.0,6600,debt_consolidation,0,10,5,0.3623,0,0,0,Month_5
CUST_100144,19,Young (<25),Female,84300.0,26800,credit_card,1,8,6,0.187,0,0,0,Month_5
CUST_100145,48,Working Age (25-55),Male,31600.0,14600,debt_consolidation,4,14,6,0.364,0,0,0,Month_5
CUST_100146,56,Senior (>55),Female,52800.0,13700,home_improvement,15,15,8,0.3129,0,1,0,Month_5
CUST_100147,34,Working Age (25-55),Male,19400.0,9500,medical,1,11,2,0.347,0,1,1,Month_5
CUST_100148,42,Working Age (25-55),Female,40200.0,7800,debt_consolidation,2,12,14,0.3445,0,0,0,Month_5
CUST_100149,60,Senior (>55),Female,17800.0,7500,debt_consolidation,4,17,9,0.2884,0,0,1,Month_5
CUST_100150,35,Working Age (25-55),Female,21500.0,7900,credit_card,3,11,11,0.1687,0,0,0,Month_5
CUST_100151,28,Working Age (25-55),Female,18200.0,6000,debt_consolidation,2,12,8,0.2451,0,0,0,Month_5
CUST_100152,31,Working Age (25-55),Male,33500.0,8800,debt_consolidation,2,11,7,0.4767,0,0,1,Month_5
CUST_100153,37,Working Age (25-55),Female,36800.0,13500,debt_consolidation,0,8,9,0.2117,0,0,0,Month_5
CUST_100154,54,Working Age (25-55),Male,56400.0,25500,medical,10,18,3,0.259,0,1,0,Month_5
CUST_100155,49,Working Age (25-55),Male,52800.0,20400,debt_consolidation,8,9,6,0.2123,0,0,0,Month_5
CUST_100156,59,Senior (>55),Female,53800.0,8200,home_improvement,6,20,7,0.223,0,0,0,Month_5
CUST_100157,19,Young (<25),Male,222600.0,50000,debt_consolidation,1,6,8,0.5517,1,0,0,Month_5
CUST_100158,36,Working Age (25-55),Female,20000.0,7700,debt_consolidation,4,15,7,0.4352,0,0,1,Month_5
CUST_100159,31,Working Age (25-55),Female,70900.0,31500,major_purchase,0,11,2,0.418,0,0,1,Month_5
CUST_100160,46,Working Age (25-55),Female,70200.0,25000,small_business,0,11,8,0.3007,0,0,0,Month_5
CUST_100161,31,Working Age (25-55),Male,84800.0,23600,debt_consolidation,1,9,4,0.3758,0,0,0,Month_5
CUST_100162,47,Working Age (25-55),Male,20300.0,5600,credit_card,0,18,9,0.3137,0,1,1,Month_5
CUST_100163,43,Working Age (25-55),Female,44900.0,12500,debt_consolidation,1,10,9,0.2167,0,0,0,Month_5
CUST_100164,39,Working Age (25-55),Female,29800.0,12100,small_business,3,14,5,0.186,0,0,0,Month_5
CUST_100165,46,Working Age (25-55),Female,74300.0,12400,debt_consolidation,9,17,5,0.6482,0,0,1,Month_5
CUST_100166,53,Working Age (25-55),Female,82700.0,28300,debt_consolidation,18,21,7,0.3238,0,0,0,Month_5
CUST_100167,60,Senior (>55),Male,44500.0,5800,credit_card,5,24,7,0.2004,0,1,0,Month_5
CUST_100168,45,Working Age (25-55),Male,64800.0,31700,debt_consolidation,3,20,5,0.2611,0,0,0,Month_5
CUST_100169,33,Working Age (25-55),Female,86800.0,22000,debt_consolidation,5,7,4,0.3032,0,0,0,Month_5
CUST_100170,28,Working Age (25-55),Female,52900.0,9500,medical,0,14,5,0.1629,0,0,0,Month_5
CUST_100171,45,Working Age (25-55),Male,68500.0,34400,debt_consolidation,12,19,3,0.5268,0,0,1,Month_5
CUST_100172,42,Working Age (25-55),Male,30000.0,11500,debt_consolidation,5,19,6,0.2188,0,1,0,Month_5
CUST_100173,48,Working Age (25-55),Male,41900.0,20600,debt_consolidation,7,11,5,0.4737,0,1,1,Month_5
CUST_100174,46,Working Age (25-55),Male,44700.0,7600,credit_card,2,16,5,0.3085,0,0,0,Month_5
CUST_100175,29,Working Age (25-55),Male,28300.0,14500,credit_card,1,10,4,0.2158,0,0,0,Month_5
CUST_100176,45,Working Age (25-55),Male,112600.0,45900,small_business,2,16,11,0.1872,1,0,0,Month_5
CUST_100177,42,Working Age (25-55),Female,80200.0,36600,major_purchase,2,15,5,0.2466,0,0,0,Month_5
CUST_100178,29,Working Age (25-55),Female,51900.0,24100,debt_consolidation,11,10,7,0.2135,0,0,0,Month_5
CUST_100179,33,Working Age (25-55),Male,36900.0,15100,small_business,0,10,5,0.5205,0,0,1,Month_5
CUST_100180,53,Working Age (25-55),Female,74600.0,21900,debt_consolidation,7,19,7,0.3794,1,0,1,Month_5
CUST_100181,23,Young (<25),Male,113900.0,40200,debt_consolidation,3,8,3,0.4385,0,0,1,Month_5
CUST_100182,49,Working Age (25-55),Male,53000.0,23200,debt_consolidation,3,11,9,0.2837,0,0,0,Month_5
CUST_100183,26,Working Age (25-55),Female,48200.0,19300,home_improvement,8,9,8,0.2808,0,0,0,Month_5
CUST_100184,33,Working Age (25-55),Male,29700.0,14500,credit_card,2,6,9,0.243,0,0,0,Month_5
CUST_100185,53,Working Age (25-55),Female,63600.0,26000,debt_consolidation,18,15,11,0.1609,0,1,0,Month_5
CUST_100186,63,Senior (>55),Female,23100.0,5700,debt_consolidation,2,25,6,0.5108,0,0,1,Month_5
CUST_100187,41,Working Age (25-55),Female,32800.0,15200,credit_card,0,17,8,0.2964,0,0,0,Month_5
CUST_100188,55,Working Age (25-55),Male,39900.0,15600,home_improvement,9,17,10,0.3144,0,0,0,Month_5
CUST_100189,26,Working Age (25-55),Female,36000.0,16600,credit_card,8,14,6,0.4628,0,1,1,Month_5
CUST_100190,32,Working Age (25-55),Female,47200.0,10700,debt_consolidation,1,10,5,0.3162,0,0,0,Month_5
CUST_100191,41,Working Age (25-55),Male,26000.0,10600,debt_consolidation,2,14,5,0.3697,0,0,0,Month_5
CUST_100192,45,Working Age (25-55),Female,87100.0,18800,debt_consolidation,16,16,8,0.3426,0,0,0,Month_5
CUST_100193,24,Young (<25),Female,28600.0,12500,debt_consolidation,2,7,6,0.2965,0,0,0,Month_5
CUST_100194,23,Young (<25),Male,25400.0,3000,home_improvement,1,11,6,0.2306,0,0,0,Month_5
CUST_100195,62,Senior (>55),Female,72600.0,30700,debt_consolidation,7,22,14,0.3099,0,1,1,Month_5
CUST_100196,40,Working Age (25-55),Male,53800.0,28000,debt_consolidation,5,12,8,0.2533,1,1,1,Month_5
CUST_100197,38,Working Age (25-55),Male,41400.0,16100,home_improvement,3,13,8,0.2816,0,0,0,Month_5
CUST_100198,43,Working Age (25-55),Female,54600.0,14900,home_improvement,2,16,7,0.283,0,0,0,Month_5
CUST_100199,34,Working Age (25-55),Male,55800.0,23600,small_business,1,7,5,0.4274,0,2,1,Month_5
CUST_100200,25,Working Age (25-55),Female,70200.0,16200,debt_consolidation,1,8,3,0.1727,1,2,0,Month_5
CUST_100201,54,Working Age (25-55),Male,100400.0,50000,credit_card,1,19,6,0.5095,0,1,1,Month_5
CUST_100202,35,Working Age (25-55),Female,44800.0,17300,major_purchase,17,11,9,0.2686,0,0,0,Month_5
CUST_100203,40,Working Age (25-55),Male,43300.0,9700,small_business,2,19,8,0.3613,0,0,0,Month_5
CUST_100204,27,Working Age (25-55),Female,79600.0,24100,credit_card,0,9,6,0.3172,0,0,0,Month_5
CUST_100205,52,Working Age (25-55),Male,29700.0,12600,debt_consolidation,11,15,8,0.3036,0,0,0,Month_5
CUST_100206,35,Working Age (25-55),Male,113300.0,24800,credit_card,2,12,6,0.14,0,0,0,Month_5
CUST_100207,31,Working Age (25-55),Male,43500.0,20700,small_business,13,10,13,0.5339,0,0,1,Month_5
CUST_100208,49,Working Age (25-55),Female,40200.0,15000,home_improvement,2,13,9,0.3335,0,1,1,Month_5
CUST_100209,19,Young (<25),Female,223600.0,50000,home_improvement,1,9,6,0.2203,0,0,0,Month_5
CUST_100210,30,Working Age (25-55),Female,57100.0,19500,credit_card,6,14,7,0.4371,0,0,0,Month_5
CUST_100211,43,Working Age (25-55),Female,62600.0,27200,small_business,6,13,9,0.3339,0,2,1,Month_5
CUST_100212,37,Working Age (25-55),Female,35500.0,11200,small_business,3,12,7,0.2141,0,0,0,Month_5
CUST_100213,31,Working Age (25-55),Female,57100.0,28300,debt_consolidation,1,12,13,0.3608,0,0,1,Month_5
CUST_100214,50,Working Age (25-55),Female,43900.0,22200,credit_card,4,7,8,0.1661,0,0,0,Month_5
CUST_100215,46,Working Age (25-55),Female,62100.0,32100,credit_card,5,19,5,0.3573,0,0,0,Month_5
CUST_100216,54,Working Age (25-55),Male,80000.0,17900,debt_consolidation,4,18,6,0.2759,0,1,0,Month_5
CUST_100217,51,Working Age (25-55),Male,47000.0,20700,debt_consolidation,3,18,3,0.1881,0,0,0,Month_5
CUST_100218,23,Young (<25),Male,83900.0,37600,home_improvement,5,4,4,0.2121,1,0,1,Month_5
CUST_100219,52,Working Age (25-55),Male,66300.0,30700,home_improvement,0,17,6,0.2446,0,0,0,Month_5
CUST_100220,46,Working Age (25-55),Female,105100.0,32200,major_purchase,3,13,10,0.3657,0,0,0,Month_5
CUST_100221,50,Working Age (25-55),Female,51100.0,8800,debt_consolidation,3,18,7,0.1598,0,0,0,Month_5
CUST_100222,19,Young (<25),Female,43700.0,9600,debt_consolidation,1,4,9,0.1555,0,0,0,Month_5
CUST_100223,54,Working Age (25-55),Female,52300.0,19700,credit_card,14,21,7,0.1676,0,1,0,Month_5
CUST_100224,41,Working Age (25-55),Male,67800.0,26200,small_business,0,16,6,0.419,0,0,1,Month_5
CUST_100225,33,Working Age (25-55),Female,28600.0,3700,debt_consolidation,15,8,3,0.4925,1,0,1,Month_5
CUST_100226,56,Senior (>55),Male,37800.0,17900,debt_consolidation,14,16,7,0.2443,0,0,0,Month_5
CUST_100227,45,Working Age (25-55),Female,64500.0,22100,credit_card,1,14,11,0.1566,0,1,0,Month_5
CUST_100228,19,Young (<25),Male,46400.0,18800,medical,0,7,6,0.2772,0,1,1,Month_5
CUST_100229,51,Working Age (25-55),Female,36300.0,5100,debt_consolidation,0,17,10,0.4753,0,2,1,Month_5
CUST_100230,54,Working Age (25-55),Female,33100.0,13900,debt_consolidation,4,15,9,0.3424,1,0,1,Month_5
CUST_100231,47,Working Age (25-55),Female,47500.0,19600,debt_consolidation,1,19,6,0.2855,0,2,0,Month_5
CUST_100232,37,Working Age (25-55),Male,62000.0,30900,debt_consolidation,7,12,7,0.5142,1,0,1,Month_5
CUST_100233,25,Working Age (25-55),Male,84500.0,35200,home_improvement,0,11,7,0.2439,1,0,1,Month_5
CUST_100234,24,Young (<25),Male,59500.0,20600,debt_consolidation,6,10,15,0.1651,0,0,0,Month_5
CUST_100235,25,Working Age (25-55),Male,37200.0,5200,credit_card,0,9,5,0.3244,0,0,0,Month_5
CUST_100236,42,Working Age (25-55),Female,34500.0,4900,credit_card,1,19,7,0.3413,0,0,0,Month_5
CUST_100237,35,Working Age (25-55),Female,44400.0,7500,debt_consolidation,6,8,8,0.3803,0,0,0,Month_5
CUST_100238,38,Working Age (25-55),Female,53700.0,18100,debt_consolidation,4,17,8,0.5473,0,0,1,Month_5
CUST_100239,60,Senior (>55),Male,39100.0,19500,home_improvement,0,19,6,0.1593,0,0,0,Month_5
CUST_100240,38,Working Age (25-55),Female,39100.0,17600,credit_card,3,13,9,0.4127,0,2,1,Month_5
CUST_100241,48,Working Age (25-55),Male,35400.0,16700,debt_consolidation,12,17,7,0.2059,0,1,0,Month_5
CUST_100242,48,Working Age (25-55),Female,18900.0,3700,debt_consolidation,2,17,6,0.3648,0,0,0,Month_5
CUST_100243,44,Working Age (25-55),Female,115900.0,31000,debt_consolidation,2,10,6,0.199,0,0,0,Month_5
CUST_100244,34,Working Age (25-55),Female,48200.0,12000,debt_consolidation,12,7,8,0.2286,1,2,1,Month_5
CUST_100245,21,Young (<25),Female,75800.0,27100,debt_consolidation,3,2,5,0.306,0,2,1,Month_5
CUST_100246,36,Working Age (25-55),Female,49500.0,11800,debt_consolidation,1,13,3,0.5785,0,0,1,Month_5
CUST_100247,41,Working Age (25-55),Female,64100.0,31900,medical,4,8,5,0.3046,0,0,0,Month_5
CUST_100248,34,Working Age (25-55),Female,32200.0,6600,credit_card,0,6,4,0.3362,0,1,1,Month_5
CUST_100249,41,Working Age (25-55),Female,56000.0,8900,small_business,6,15,6,0.1746,0,0,0,Month_5
CUST_100250,24,Young (<25),Female,42900.0,8600,major_purchase,6,8,10,0.4022,0,0,0,Month_5
CUST_100251,28,Working Age (25-55),Female,127000.0,35100,credit_card,0,9,3,0.3588,0,0,0,Month_5
CUST_100252,40,Working Age (25-55),Female,38100.0,5200,debt_consolidation,3,16,6,0.4166,0,0,0,Month_5
CUST_100253,53,Working Age (25-55),Male,90000.0,28600,debt_consolidation,8,18,3,0.228,0,1,1,Month_5
CUST_100254,47,Working Age (25-55),Female,52800.0,7000,credit_card,1,16,9,0.1994,0,2,0,Month_5
CUST_100255,35,Working Age (25-55),Female,70000.0,16200,debt_consolidation,2,11,7,0.2225,0,1,0,Month_5
CUST_100256,54,Working Age (25-55),Female,101500.0,50000,debt_consolidation,1,22,5,0.4871,0,0,1,Month_5
CUST_100257,34,Working Age (25-55),Male,26100.0,5800,debt_consolidation,0,12,4,0.281,0,0,0,Month_5
CUST_100258,51,Working Age (25-55),Female,37500.0,10100,debt_consolidation,5,19,10,0.198,1,0,0,Month_5
CUST_100259,32,Working Age (25-55),Female,25500.0,9400,debt_consolidation,14,10,7,0.1779,0,3,0,Month_5
CUST_100260,55,Working Age (25-55),Male,35100.0,9100,credit_card,0,22,8,0.3634,0,0,0,Month_5
CUST_100261,27,Working Age (25-55),Female,69900.0,35600,major_purchase,6,13,6,0.2658,0,2,0,Month_5
CUST_100262,34,Working Age (25-55),Female,33300.0,17400,debt_consolidation,2,16,4,0.2126,0,1,0,Month_5
CUST_100263,34,Working Age (25-55),Male,24500.0,9500,major_purchase,4,18,8,0.4267,0,2,1,Month_5
CUST_100264,52,Working Age (25-55),Female,20300.0,8200,small_business,6,15,7,0.4493,0,1,1,Month_5
CUST_100265,47,Working Age (25-55),Female,33500.0,4200,credit_card,4,14,13,0.2666,0,1,0,Month_5
CUST_100266,26,Working Age (25-55),Male,35900.0,10600,debt_consolidation,8,10,7,0.4766,0,1,1,Month_5
CUST_100267,48,Working Age (25-55),Male,88800.0,29900,credit_card,0,19,5,0.2782,1,0,0,Month_5
CUST_100268,52,Working Age (25-55),Female,35400.0,8600,debt_consolidation,0,8,7,0.2649,0,0,0,Month_5
CUST_100269,27,Working Age (25-55),Male,36500.0,19000,debt_consolidation,3,9,9,0.5245,0,0,1,Month_5
CUST_100270,20,Young (<25),Female,15500.0,2000,credit_card,2,6,4,0.5253,1,0,1,Month_5
CUST_100271,55,Working Age (25-55),Female,49700.0,13000,debt_consolidation,7,18,5,0.6483,0,0,1,Month_5
CUST_100272,39,Working Age (25-55),Female,61800.0,31600,major_purchase,10,15,7,0.2662,0,1,0,Month_5
CUST_100273,27,Working Age (25-55),Male,39700.0,20700,debt_consolidation,0,13,8,0.1907,0,0,0,Month_5
CUST_100274,49,Working Age (25-55),Male,76000.0,35000,debt_consolidation,11,16,9,0.4104,0,0,0,Month_5
CUST_100275,66,Senior (>55),Female,58000.0,18300,credit_card,0,21,9,0.4363,0,0,1,Month_5
CUST_100276,46,Working Age (25-55),Female,54700.0,22000,debt_consolidation,0,17,8,0.5359,0,0,1,Month_5
CUST_100277,50,Working Age (25-55),Male,50900.0,10000,debt_consolidation,0,21,5,0.4547,1,0,1,Month_5
CUST_100278,39,Working Age (25-55),Male,65400.0,30800,credit_card,4,10,7,0.2416,0,0,0,Month_5
CUST_100279,39,Working Age (25-55),Female,29200.0,10300,debt_consolidation,12,18,7,0.2792,0,0,0,Month_5
CUST_100280,28,Working Age (25-55),Female,44000.0,18100,small_business,8,11,7,0.2395,1,1,1,Month_5
CUST_100281,60,Senior (>55),Male,50000.0,15300,debt_consolidation,0,30,7,0.2995,0,0,0,Month_5
CUST_100282,40,Working Age (25-55),Female,18700.0,3200,debt_consolidation,0,22,4,0.1708,0,0,0,Month_5
CUST_100283,43,Working Age (25-55),Female,16900.0,8100,debt_consolidation,0,16,13,0.3014,0,0,0,Month_5
CUST_100284,49,Working Age (25-55),Male,63500.0,25500,debt_consolidation,0,16,6,0.1644,0,2,0,Month_5
CUST_100285,32,Working Age (25-55),Female,52000.0,14200,home_improvement,14,12,4,0.3074,0,0,0,Month_5
CUST_100286,36,Working Age (25-55),Male,25600.0,5700,debt_consolidation,5,17,5,0.2503,1,0,0,Month_5
CUST_100287,52,Working Age (25-55),Male,45200.0,11500,home_improvement,23,11,8,0.2348,0,0,0,Month_5
CUST_100288,39,Working Age (25-55),Male,33700.0,6300,credit_card,1,12,6,0.21,0,0,0,Month_5
CUST_100289,22,Young (<25),Female,82600.0,16100,small_business,4,9,9,0.2303,0,0,0,Month_5
CUST_100290,26,Working Age (25-55),Female,36400.0,12500,debt_consolidation,1,12,5,0.4103,0,0,1,Month_5
CUST_100291,25,Working Age (25-55),Female,46500.0,11400,home_improvement,1,11,4,0.462,1,0,0,Month_5
CUST_100292,29,Working Age (25-55),Female,42700.0,16300,credit_card,1,9,11,0.3375,1,0,1,Month_5
CUST_100293,46,Working Age (25-55),Female,43100.0,18900,debt_consolidation,5,12,8,0.2117,1,2,1,Month_5
CUST_100294,59,Senior (>55),Male,72800.0,31200,debt_consolidation,9,25,5,0.456,0,2,1,Month_5
CUST_100295,29,Working Age (25-55),Male,59100.0,13800,credit_card,0,10,5,0.3026,0,0,0,Month_5
CUST_100296,32,Working Age (25-55),Male,44400.0,9100,debt_consolidation,10,12,7,0.1755,0,0,0,Month_5
CUST_100297,39,Working Age (25-55),Male,44200.0,19300,debt_consolidation,0,13,5,0.3011,0,1,1,Month_5
CUST_100298,29,Working Age (25-55),Female,21500.0,3500,home_improvement,10,15,7,0.4069,0,0,0,Month_5
CUST_100299,23,Young (<25),Female,53100.0,10300,home_improvement,3,1,6,0.2005,0,0,0,Month_5
CUST_100300,60,Senior (>55),Male,29800.0,4500,major_purchase,8,24,2,0.2922,1,0,1,Month_5
CUST_100301,20,Young (<25),Male,52000.0,8000,debt_consolidation,1,5,5,0.3289,0,3,1,Month_5
CUST_100302,24,Young (<25),Female,80600.0,12900,debt_consolidation,1,5,4,0.3762,0,0,0,Month_5
CUST_100303,61,Senior (>55),Female,98200.0,12300,debt_consolidation,1,20,9,0.3736,0,3,0,Month_5
CUST_100304,48,Working Age (25-55),Female,160400.0,33900,debt_consolidation,9,18,8,0.2123,1,0,0,Month_5
CUST_100305,20,Young (<25),Female,39300.0,7500,debt_consolidation,1,6,8,0.2417,0,0,0,Month_5
CUST_100306,43,Working Age (25-55),Female,93200.0,46500,debt_consolidation,22,19,2,0.2343,0,0,0,Month_5
CUST_100307,40,Working Age (25-55),Female,72800.0,32800,credit_card,0,17,9,0.3698,0,0,1,Month_5
CUST_100308,28,Working Age (25-55),Female,59300.0,30700,debt_consolidation,0,11,8,0.193,1,2,1,Month_5
CUST_100309,33,Working Age (25-55),Female,74400.0,31100,debt_consolidation,1,10,5,0.2085,1,0,1,Month_5
CUST_100310,34,Working Age (25-55),Male,97000.0,24300,debt_consolidation,14,7,10,0.14,0,0,0,Month_5
CUST_100311,32,Working Age (25-55),Female,47000.0,18900,medical,0,11,12,0.293,0,3,1,Month_5
CUST_100312,52,Working Age (25-55),Male,49400.0,6200,home_improvement,1,21,7,0.3233,1,0,0,Month_5
CUST_100313,36,Working Age (25-55),Male,59900.0,16500,debt_consolidation,0,12,7,0.141,0,0,0,Month_5
CUST_100314,19,Young (<25),Male,33800.0,15500,debt_consolidation,0,11,6,0.5152,0,0,1,Month_5
CUST_100315,28,Working Age (25-55),Male,67000.0,22900,medical,9,11,6,0.5025,0,0,1,Month_5
CUST_100316,34,Working Age (25-55),Female,84600.0,26900,credit_card,11,8,7,0.3192,0,1,0,Month_5
CUST_100317,24,Young (<25),Male,56100.0,13900,major_purchase,1,8,6,0.5504,1,0,1,Month_5
CUST_100318,42,Working Age (25-55),Female,39400.0,8200,debt_consolidation,7,18,9,0.565,0,0,1,Month_5
CUST_100319,33,Working Age (25-55),Female,96600.0,27500,home_improvement,4,14,5,0.3739,0,0,0,Month_5
CUST_100320,41,Working Age (25-55),Male,60000.0,23500,debt_consolidation,10,16,11,0.3352,0,0,0,Month_5
CUST_100321,25,Working Age (25-55),Female,87000.0,40000,credit_card,7,6,8,0.5176,0,1,1,Month_5
CUST_100322,43,Working Age (25-55),Female,54500.0,19400,credit_card,12,18,7,0.4425,0,1,1,Month_5
CUST_100323,38,Working Age (25-55),Male,47800.0,12900,major_purchase,3,6,3,0.2685,0,0,0,Month_5
CUST_100324,54,Working Age (25-55),Male,38500.0,9300,home_improvement,0,20,7,0.266,0,0,0,Month_5
CUST_100325,48,Working Age (25-55),Female,34100.0,10200,credit_card,7,14,7,0.2149,0,2,0,Month_5
CUST_100326,56,Senior (>55),Female,35300.0,13600,credit_card,1,16,3,0.4701,0,0,1,Month_5
CUST_100327,34,Working Age (25-55),Male,22200.0,5400,debt_consolidation,5,14,8,0.3525,0,0,0,Month_5
CUST_100328,44,Working Age (25-55),Male,60000.0,29600,debt_consolidation,4,14,7,0.2605,0,1,0,Month_5
CUST_100329,42,Working Age (25-55),Female,58700.0,27100,credit_card,4,8,6,0.14,0,0,0,Month_5
CUST_100330,22,Young (<25),Male,84900.0,22800,debt_consolidation,0,5,6,0.1806,0,0,0,Month_5
CUST_100331,57,Senior (>55),Male,58000.0,14100,debt_consolidation,3,20,5,0.2836,0,0,0,Month_5
CUST_100332,68,Senior (>55),Male,77000.0,16200,credit_card,1,23,10,0.2707,0,0,0,Month_5
CUST_100333,51,Working Age (25-55),Male,90100.0,10600,debt_consolidation,17,17,4,0.2838,1,1,0,Month_5
CUST_100334,39,Working Age (25-55),Male,27100.0,6200,credit_card,4,12,7,0.4144,0,0,1,Month_5
CUST_100335,19,Young (<25),Female,74000.0,18100,home_improvement,1,9,4,0.3566,0,0,0,Month_5
CUST_100336,36,Working Age (25-55),Male,47100.0,6100,home_improvement,2,12,5,0.3015,0,2,0,Month_5
CUST_100337,37,Working Age (25-55),Female,47700.0,6600,debt_consolidation,12,12,7,0.3165,0,0,0,Month_5
CUST_100338,24,Young (<25),Female,195600.0,50000,debt_consolidation,2,7,7,0.2674,0,0,0,Month_5
CUST_100339,34,Working Age (25-55),Female,41700.0,13100,debt_consolidation,4,9,12,0.3476,0,1,1,Month_5
CUST_100340,37,Working Age (25-55),Male,43400.0,12200,debt_consolidation,11,11,4,0.2108,0,0,1,Month_5
CUST_100341,40,Working Age (25-55),Male,81400.0,26400,credit_card,3,13,12,0.2051,0,1,0,Month_5
CUST_100342,29,Working Age (25-55),Male,67200.0,32100,debt_consolidation,1,5,4,0.2047,0,0,0,Month_5
CUST_100343,24,Young (<25),Male,37000.0,7500,major_purchase,1,11,7,0.3667,0,0,0,Month_5
CUST_100344,32,Working Age (25-55),Male,40100.0,19500,medical,1,10,10,0.4244,0,0,1,Month_5
CUST_100345,19,Young (<25),Male,31000.0,10100,debt_consolidation,1,9,4,0.1753,0,0,0,Month_5
CUST_100346,41,Working Age (25-55),Female,18100.0,5400,major_purchase,9,17,8,0.289,0,2,1,Month_5
CUST_100347,42,Working Age (25-55),Male,28000.0,9200,medical,0,19,12,0.3451,0,2,1,Month_5
CUST_100348,45,Working Age (25-55),Male,29800.0,3700,major_purchase,1,9,6,0.3279,0,0,0,Month_5
CUST_100349,38,Working Age (25-55),Female,91000.0,41000,small_business,20,13,6,0.5584,1,0,1,Month_5
CUST_100350,21,Young (<25),Female,176700.0,21700,debt_consolidation,3,6,6,0.3855,0,0,0,Month_5
CUST_100351,28,Working Age (25-55),Female,25200.0,3800,debt_consolidation,5,3,5,0.3753,0,0,1,Month_5
CUST_100352,50,Working Age (25-55),Female,56600.0,7500,home_improvement,14,16,9,0.4564,0,0,0,Month_5
CUST_100353,41,Working Age (25-55),Male,38900.0,8200,credit_card,0,12,6,0.1988,0,0,0,Month_5
CUST_100354,40,Working Age (25-55),Male,58000.0,24100,debt_consolidation,0,16,5,0.2602,0,0,0,Month_5
CUST_100355,23,Young (<25),Male,56500.0,17100,debt_consolidation,3,9,11,0.4642,1,0,1,Month_5
CUST_100356,50,Working Age (25-55),Male,39600.0,5600,medical,1,20,11,0.1631,0,1,0,Month_5
CUST_100357,32,Working Age (25-55),Male,45100.0,11400,home_improvement,2,12,10,0.4178,0,0,1,Month_5
CUST_100358,33,Working Age (25-55),Female,94200.0,33300,home_improvement,7,14,6,0.152,0,0,0,Month_5
CUST_100359,44,Working Age (25-55),Female,42500.0,6200,debt_consolidation,4,17,4,0.2317,0,0,0,Month_5
CUST_100360,29,Working Age (25-55),Male,74700.0,24600,debt_consolidation,1,14,9,0.3801,0,0,0,Month_5
CUST_100361,35,Working Age (25-55),Female,58200.0,12500,credit_card,0,19,4,0.3571,0,0,0,Month_5
CUST_100362,43,Working Age (25-55),Male,53100.0,9100,home_improvement,2,9,3,0.2699,0,0,0,Month_5
CUST_100363,36,Working Age (25-55),Male,57700.0,26800,debt_consolidation,0,12,12,0.3669,0,0,1,Month_5
CUST_100364,36,Working Age (25-55),Male,52400.0,25100,debt_consolidation,4,13,8,0.219,1,0,1,Month_5
CUST_100365,47,Working Age (25-55),Male,120200.0,30700,debt_consolidation,5,19,6,0.195,0,2,0,Month_5
CUST_100366,41,Working Age (25-55),Female,88000.0,33800,home_improvement,3,17,7,0.3902,0,0,0,Month_5
CUST_100367,46,Working Age (25-55),Female,86600.0,27000,debt_consolidation,1,12,7,0.4258,0,0,1,Month_5
CUST_100368,50,Working Age (25-55),Male,39000.0,13700,debt_consolidation,9,22,7,0.1869,0,0,0,Month_5
CUST_100369,42,Working Age (25-55),Female,124000.0,21900,credit_card,0,5,5,0.4212,0,2,0,Month_5
CUST_100370,31,Working Age (25-55),Female,55500.0,11800,home_improvement,4,9,6,0.1844,0,0,0,Month_5
CUST_100371,33,Working Age (25-55),Female,103000.0,17800,credit_card,0,10,7,0.3596,0,0,0,Month_5
CUST_100372,29,Working Age (25-55),Male,50100.0,6000,credit_card,11,7,4,0.2527,0,0,0,Month_5
CUST_100373,34,Working Age (25-55),Male,134400.0,50000,medical,14,11,7,0.2245,0,0,0,Month_5
CUST_100374,52,Working Age (25-55),Female,21700.0,9300,debt_consolidation,5,17,9,0.14,0,0,0,Month_5
CUST_100375,30,Working Age (25-55),Male,215300.0,38900,debt_consolidation,0,7,2,0.3563,0,0,0,Month_5
CUST_100376,27,Working Age (25-55),Female,30200.0,4700,medical,0,10,8,0.27,0,2,0,Month_5
CUST_100377,49,Working Age (25-55),Male,15500.0,6800,small_business,4,15,5,0.3744,0,0,0,Month_5
CUST_100378,44,Working Age (25-55),Male,48200.0,15200,medical,2,14,14,0.2763,0,0,0,Month_5
CUST_100379,45,Working Age (25-55),Female,76600.0,21600,debt_consolidation,3,17,10,0.3847,0,1,0,Month_5
CUST_100380,35,Working Age (25-55),Female,49900.0,23400,credit_card,10,8,6,0.3179,0,0,0,Month_5
CUST_100381,33,Working Age (25-55),Male,95000.0,35200,credit_card,12,11,6,0.4474,0,0,0,Month_5
CUST_100382,42,Working Age (25-55),Male,38900.0,15900,credit_card,5,18,9,0.2972,0,0,0,Month_5
CUST_100383,29,Working Age (25-55),Female,102600.0,37200,debt_consolidation,6,9,8,0.425,0,0,1,Month_5
CUST_100384,37,Working Age (25-55),Male,25600.0,9300,debt_consolidation,7,10,7,0.5124,0,0,1,Month_5
CUST_100385,30,Working Age (25-55),Female,31600.0,8500,major_purchase,5,11,3,0.1866,0,0,0,Month_5
CUST_100386,45,Working Age (25-55),Male,30800.0,13900,credit_card,9,16,11,0.1708,0,0,0,Month_5
CUST_100387,42,Working Age (25-55),Male,223600.0,50000,credit_card,5,13,7,0.305,0,0,0,Month_5
CUST_100388,51,Working Age (25-55),Female,15500.0,2000,major_purchase,7,14,7,0.5852,0,0,1,Month_5
CUST_100389,54,Working Age (25-55),Female,31600.0,5200,debt_consolidation,4,18,10,0.3823,0,0,0,Month_5
CUST_100390,33,Working Age (25-55),Male,73000.0,24700,home_improvement,2,10,6,0.2071,1,0,0,Month_5
CUST_100391,33,Working Age (25-55),Female,24000.0,6000,credit_card,1,9,13,0.3886,0,0,1,Month_5
CUST_100392,39,Working Age (25-55),Female,35300.0,8500,debt_consolidation,0,19,10,0.3282,0,0,0,Month_5
CUST_100393,53,Working Age (25-55),Female,67300.0,34500,medical,8,16,11,0.4998,0,0,1,Month_5
CUST_100394,33,Working Age (25-55),Female,42000.0,10700,credit_card,4,11,7,0.5829,0,0,1,Month_5
CUST_100395,39,Working Age (25-55),Female,36900.0,11500,home_improvement,3,13,5,0.2784,0,0,0,Month_5
CUST_100396,58,Senior (>55),Female,37700.0,14400,major_purchase,1,26,12,0.1719,0,0,0,Month_5
CUST_100397,28,Working Age (25-55),Male,25000.0,7100,home_improvement,4,6,6,0.3425,0,0,0,Month_5
CUST_100398,47,Working Age (25-55),Female,71100.0,30200,credit_card,2,20,5,0.3899,0,0,0,Month_5
CUST_100399,41,Working Age (25-55),Female,23000.0,3900,debt_consolidation,7,17,13,0.14,1,0,0,Month_5
CUST_100400,44,Working Age (25-55),Female,57500.0,25400,credit_card,3,15,8,0.292,0,0,0,Month_5
CUST_100401,27,Working Age (25-55),Male,37100.0,19000,debt_consolidation,0,8,4,0.2111,0,0,0,Month_5
CUST_100402,42,Working Age (25-55),Male,30800.0,7400,credit_card,10,15,7,0.4543,0,0,1,Month_5
CUST_100403,43,Working Age (25-55),Male,117000.0,50000,home_improvement,0,15,10,0.2563,0,0,0,Month_5
CUST_100404,27,Working Age (25-55),Male,37000.0,12200,debt_consolidation,0,12,6,0.3626,0,0,0,Month_5
CUST_100405,40,Working Age (25-55),Male,49900.0,17000,debt_consolidation,3,15,3,0.14,0,0,0,Month_5
CUST_100406,26,Working Age (25-55),Female,33300.0,14500,credit_card,8,13,9,0.4889,0,2,1,Month_5
CUST_100407,30,Working Age (25-55),Female,49800.0,8800,credit_card,4,7,7,0.2505,0,0,0,Month_5
CUST_100408,32,Working Age (25-55),Female,46600.0,21400,major_purchase,0,10,9,0.3903,0,0,1,Month_5
CUST_100409,33,Working Age (25-55),Male,46900.0,21700,debt_consolidation,5,13,9,0.2348,0,2,0,Month_5
CUST_100410,46,Working Age (25-55),Male,79600.0,38700,major_purchase,10,16,7,0.3472,0,2,1,Month_5
CUST_100411,25,Working Age (25-55),Male,111200.0,17500,credit_card,7,9,9,0.3295,0,1,0,Month_5
CUST_100412,35,Working Age (25-55),Male,37300.0,12600,debt_consolidation,0,11,5,0.2926,0,0,0,Month_5
CUST_100413,44,Working Age (25-55),Female,32600.0,14600,debt_consolidation,4,17,10,0.3626,0,1,0,Month_5
CUST_100414,37,Working Age (25-55),Male,33600.0,15400,debt_consolidation,15,14,9,0.1507,0,1,0,Month_5
CUST_100415,49,Working Age (25-55),Female,141900.0,28200,small_business,0,23,14,0.2343,0,0,0,Month_5
CUST_100416,30,Working Age (25-55),Female,37500.0,19500,major_purchase,0,18,7,0.1634,0,0,0,Month_5
CUST_100417,30,Working Age (25-55),Female,165200.0,50000,credit_card,8,8,4,0.14,1,0,0,Month_5
CUST_100418,60,Senior (>55),Male,96400.0,19600,small_business,2,15,5,0.3153,0,0,0,Month_5
CUST_100419,47,Working Age (25-55),Female,53400.0,26900,debt_consolidation,2,20,6,0.2179,0,1,0,Month_5
CUST_100420,19,Young (<25),Female,50300.0,9200,major_purchase,1,8,13,0.2139,0,0,0,Month_5
CUST_100421,38,Working Age (25-55),Female,78400.0,15800,debt_consolidation,0,10,5,0.2159,0,1,0,Month_5
CUST_100422,56,Senior (>55),Female,76200.0,14400,major_purchase,12,15,3,0.3841,0,1,0,Month_5
CUST_100423,29,Working Age (25-55),Male,51600.0,26500,debt_consolidation,0,11,5,0.2973,0,0,0,Month_5
CUST_100424,21,Young (<25),Male,45800.0,21500,small_business,3,9,3,0.1955,0,0,0,Month_5
CUST_100425,36,Working Age (25-55),Female,60300.0,8600,debt_consolidation,5,12,5,0.2663,0,0,1,Month_5
CUST_100426,41,Working Age (25-55),Female,80200.0,30100,small_business,23,15,12,0.3184,0,0,0,Month_5
CUST_100427,55,Working Age (25-55),Female,102100.0,20500,debt_consolidation,4,14,7,0.203,0,0,0,Month_5
CUST_100428,36,Working Age (25-55),Female,31600.0,4400,medical,15,10,5,0.2334,0,0,0,Month_5
CUST_100429,27,Working Age (25-55),Female,86900.0,27500,credit_card,1,7,8,0.1521,0,1,0,Month_5
CUST_100430,41,Working Age (25-55),Male,72400.0,16600,credit_card,2,11,3,0.3533,0,0,0,Month_5
CUST_100431,44,Working Age (25-55),Male,47600.0,22300,major_purchase,1,19,5,0.166,0,0,0,Month_5
CUST_100432,25,Working Age (25-55),Male,67800.0,17900,credit_card,1,10,6,0.2714,0,0,0,Month_5
CUST_100433,31,Working Age (25-55),Male,25100.0,12200,credit_card,13,11,9,0.3247,0,0,0,Month_5
CUST_100434,36,Working Age (25-55),Female,30600.0,8900,major_purchase,1,9,5,0.14,0,0,0,Month_5
CUST_100435,23,Young (<25),Male,36400.0,9500,debt_consolidation,5,10,3,0.1859,1,0,0,Month_5
CUST_100436,39,Working Age (25-55),Male,61200.0,23400,major_purchase,3,12,8,0.5397,1,0,1,Month_5
CUST_100437,23,Young (<25),Female,66600.0,8100,debt_consolidation,5,10,5,0.3307,0,0,0,Month_5
CUST_100438,19,Young (<25),Male,82300.0,15100,credit_card,1,7,4,0.2929,1,0,0,Month_5
CUST_100439,53,Working Age (25-55),Female,38900.0,9300,small_business,0,18,9,0.3823,0,0,0,Month_5
CUST_100440,31,Working Age (25-55),Male,48800.0,8800,small_business,3,3,8,0.2099,0,1,1,Month_5
CUST_100441,43,Working Age (25-55),Male,32600.0,13200,debt_consolidation,3,13,4,0.1784,0,0,0,Month_5
CUST_100442,46,Working Age (25-55),Female,32400.0,9900,debt_consolidation,3,16,2,0.2473,0,1,0,Month_5
CUST_100443,32,Working Age (25-55),Male,45000.0,21500,credit_card,0,11,4,0.2508,0,1,1,Month_5
CUST_100444,50,Working Age (25-55),Female,37000.0,9700,debt_consolidation,2,19,8,0.2677,0,0,0,Month_5
CUST_100445,36,Working Age (25-55),Male,65300.0,10900,debt_consolidation,8,17,9,0.3562,0,0,0,Month_5
CUST_100446,52,Working Age (25-55),Female,36000.0,10200,debt_consolidation,5,20,13,0.5761,1,0,1,Month_5
CUST_100447,63,Senior (>55),Male,223600.0,50000,debt_consolidation,1,22,6,0.2752,0,0,0,Month_5
CUST_100448,51,Working Age (25-55),Female,38100.0,16300,credit_card,4,21,6,0.3212,0,0,0,Month_5
CUST_100449,42,Working Age (25-55),Female,21100.0,6600,debt_consolidation,5,15,7,0.2541,0,0,0,Month_5
CUST_100450,22,Young (<25),Male,49700.0,11900,debt_consolidation,4,14,13,0.1631,0,0,0,Month_5
CUST_100451,35,Working Age (25-55),Male,40500.0,6200,debt_consolidation,3,14,7,0.4291,0,0,0,Month_5
CUST_100452,35,Working Age (25-55),Male,37700.0,14200,debt_consolidation,3,14,3,0.2802,0,0,0,Month_5
CUST_100453,35,Working Age (25-55),Female,167000.0,22700,debt_consolidation,14,10,11,0.1977,1,2,0,Month_5
CUST_100454,28,Working Age (25-55),Female,70400.0,26700,home_improvement,10,8,4,0.3327,0,0,0,Month_5
CUST_100455,51,Working Age (25-55),Female,22200.0,6800,credit_card,4,15,6,0.1476,0,0,0,Month_5
CUST_100456,36,Working Age (25-55),Female,50600.0,23100,credit_card,4,14,7,0.3962,0,0,1,Month_5
CUST_100457,29,Working Age (25-55),Male,54400.0,15500,debt_consolidation,2,5,5,0.5513,0,1,1,Month_5
CUST_100458,29,Working Age (25-55),Female,92400.0,24100,home_improvement,0,4,8,0.3398,1,0,1,Month_5
CUST_100459,30,Working Age (25-55),Male,42200.0,16600,debt_consolidation,11,14,9,0.1409,0,0,0,Month_5
CUST_100460,27,Working Age (25-55),Female,17500.0,6400,debt_consolidation,4,9,7,0.4183,0,1,1,Month_5
CUST_100461,51,Working Age (25-55),Female,90300.0,24700,debt_consolidation,3,14,7,0.3168,0,1,0,Month_5
CUST_100462,32,Working Age (25-55),Female,43600.0,12800,debt_consolidation,14,10,9,0.2793,0,2,0,Month_5
CUST_100463,61,Senior (>55),Female,24500.0,3300,debt_consolidation,2,25,7,0.3227,0,2,0,Month_5
CUST_100464,44,Working Age (25-55),Male,61100.0,31800,home_improvement,7,10,9,0.3787,0,0,1,Month_5
CUST_100465,21,Young (<25),Female,42600.0,16900,credit_card,1,5,12,0.2071,0,0,1,Month_5
CUST_100466,24,Young (<25),Female,43300.0,9200,debt_consolidation,6,4,6,0.4191,0,0,1,Month_5
CUST_100467,53,Working Age (25-55),Male,105400.0,21700,credit_card,2,17,3,0.487,0,0,0,Month_5
CUST_100468,37,Working Age (25-55),Male,114800.0,42800,major_purchase,6,9,3,0.3123,0,0,0,Month_5
CUST_100469,41,Working Age (25-55),Female,102800.0,16000,debt_consolidation,9,15,5,0.2564,0,0,0,Month_5
CUST_100470,34,Working Age (25-55),Male,25600.0,11200,credit_card,6,13,3,0.1702,1,0,0,Month_5
CUST_100471,19,Young (<25),Female,71200.0,31900,debt_consolidation,1,4,6,0.1842,0,1,1,Month_5
CUST_100472,44,Working Age (25-55),Female,69100.0,32300,debt_consolidation,14,15,3,0.3897,0,0,0,Month_5
CUST_100473,49,Working Age (25-55),Male,159600.0,50000,debt_consolidation,9,14,8,0.2265,0,1,0,Month_5
CUST_100474,28,Working Age (25-55),Male,30700.0,11000,debt_consolidation,0,12,3,0.2815,0,0,0,Month_5
CUST_100475,19,Young (<25),Female,30900.0,15900,credit_card,0,10,3,0.3074,0,0,1,Month_5
CUST_100476,35,Working Age (25-55),Male,69600.0,15300,debt_consolidation,4,12,6,0.3423,0,0,0,Month_5
CUST_100477,31,Working Age (25-55),Female,79400.0,18300,debt_consolidation,2,4,12,0.3465,0,0,0,Month_5
CUST_100478,46,Working Age (25-55),Male,56900.0,19400,debt_consolidation,0,15,8,0.1907,0,0,0,Month_5
CUST_100479,35,Working Age (25-55),Male,88800.0,31400,debt_consolidation,0,10,9,0.1899,0,0,0,Month_5
CUST_100480,27,Working Age (25-55),Male,167400.0,50000,debt_consolidation,1,8,10,0.6087,1,1,1,Month_5
CUST_100481,44,Working Age (25-55),Male,57200.0,28400,debt_consolidation,11,19,9,0.3553,0,0,0,Month_5
CUST_100482,41,Working Age (25-55),Male,53400.0,8500,credit_card,5,15,6,0.14,1,0,0,Month_5
CUST_100483,24,Young (<25),Male,89800.0,15600,home_improvement,2,13,6,0.4571,0,0,1,Month_5
CUST_100484,19,Young (<25),Female,28200.0,5900,debt_consolidation,1,7,4,0.3897,0,0,1,Month_5
CUST_100485,46,Working Age (25-55),Male,63100.0,9400,debt_consolidation,3,17,5,0.3102,0,0,0,Month_5
CUST_100486,21,Young (<25),Male,28000.0,9700,debt_consolidation,0,12,5,0.4415,0,2,1,Month_5
CUST_100487,38,Working Age (25-55),Male,192600.0,50000,medical,8,16,12,0.1971,0,0,0,Month_5
CUST_100488,47,Working Age (25-55),Female,43000.0,16900,credit_card,2,16,6,0.562,1,0,1,Month_5
CUST_100489,36,Working Age (25-55),Female,120300.0,36100,debt_consolidation,0,10,11,0.3828,0,0,0,Month_5
CUST_100490,50,Working Age (25-55),Male,44300.0,19800,credit_card,5,19,7,0.14,0,1,0,Month_5
CUST_100491,37,Working Age (25-55),Female,15600.0,5600,debt_consolidation,6,16,6,0.2096,0,0,0,Month_5
CUST_100492,36,Working Age (25-55),Female,32300.0,8500,debt_consolidation,0,15,6,0.3075,0,0,0,Month_5
CUST_100493,50,Working Age (25-55),Male,67800.0,24800,debt_consolidation,8,15,7,0.3332,0,0,0,Month_5
CUST_100494,45,Working Age (25-55),Female,49500.0,19900,debt_consolidation,1,22,7,0.3443,0,0,0,Month_5
CUST_100495,54,Working Age (25-55),Male,99200.0,35900,debt_consolidation,5,18,10,0.2465,0,0,0,Month_5
CUST_100496,56,Senior (>55),Male,42100.0,18300,debt_consolidation,4,23,4,0.2306,0,0,0,Month_5
CUST_100497,47,Working Age (25-55),Female,23100.0,5900,debt_consolidation,2,18,3,0.2561,0,1,0,Month_5
CUST_100498,27,Working Age (25-55),Female,188800.0,38000,debt_consolidation,0,13,4,0.4793,1,0,0,Month_5
CUST_100499,43,Working Age (25-55),Female,86200.0,30000,major_purchase,1,14,4,0.2054,0,0,0,Month_5
CUST_100500,34,Working Age (25-55),Male,42600.0,8600,credit_card,10,10,4,0.3986,0,0,0,Month_5
CUST_100501,41,Working Age (25-55),Female,97600.0,17100,medical,9,16,7,0.3946,0,0,0,Month_5
CUST_100502,51,Working Age (25-55),Female,21200.0,3600,small_business,2,16,7,0.4299,0,0,1,Month_5
CUST_100503,39,Working Age (25-55),Female,41600.0,7200,medical,13,13,7,0.2882,0,2,0,Month_5
CUST_100504,37,Working Age (25-55),Female,41500.0,7900,home_improvement,0,15,4,0.4655,1,0,1,Month_5
CUST_100505,32,Working Age (25-55),Female,34000.0,12600,home_improvement,4,10,7,0.4889,0,1,1,Month_5
CUST_100506,32,Working Age (25-55),Male,30100.0,10500,major_purchase,0,11,6,0.3799,0,0,1,Month_5
CUST_100507,43,Working Age (25-55),Female,35900.0,14000,debt_consolidation,16,10,2,0.2702,1,1,1,Month_5
CUST_100508,52,Working Age (25-55),Female,41700.0,12300,debt_consolidation,3,17,5,0.2358,0,1,0,Month_5
CUST_100509,41,Working Age (25-55),Female,64300.0,32500,debt_consolidation,10,13,5,0.4836,1,1,1,Month_5
CUST_100510,37,Working Age (25-55),Male,49400.0,22000,credit_card,0,13,5,0.1985,0,0,0,Month_5
CUST_100511,35,Working Age (25-55),Female,70900.0,30500,home_improvement,4,14,7,0.4877,0,0,1,Month_5
CUST_100512,40,Working Age (25-55),Female,38500.0,10000,home_improvement,0,14,7,0.6246,0,0,1,Month_5
CUST_100513,43,Working Age (25-55),Female,50500.0,17200,debt_consolidation,5,23,1,0.4299,0,3,1,Month_5
CUST_100514,46,Working Age (25-55),Male,64200.0,30500,debt_consolidation,1,17,7,0.441,0,0,1,Month_5
CUST_100515,49,Working Age (25-55),Male,25900.0,7300,debt_consolidation,5,19,5,0.344,1,1,1,Month_5
CUST_100516,36,Working Age (25-55),Male,23100.0,9900,debt_consolidation,0,15,7,0.4015,0,0,1,Month_5
CUST_100517,35,Working Age (25-55),Female,54400.0,23100,debt_consolidation,5,13,8,0.3817,0,1,1,Month_5
CUST_100518,54,Working Age (25-55),Female,65800.0,15200,credit_card,0,22,11,0.1748,0,0,0,Month_5
CUST_100519,44,Working Age (25-55),Female,69700.0,33300,home_improvement,0,23,2,0.1904,0,0,0,Month_5
CUST_100520,33,Working Age (25-55),Female,37200.0,8700,debt_consolidation,10,14,11,0.4233,0,0,0,Month_5
CUST_100521,35,Working Age (25-55),Male,19200.0,3200,debt_consolidation,6,7,11,0.3572,0,0,0,Month_5
CUST_100522,34,Working Age (25-55),Female,23500.0,5000,small_business,1,14,17,0.2822,0,0,0,Month_5
CUST_100523,22,Young (<25),Female,47100.0,7700,credit_card,1,7,7,0.2792,0,0,0,Month_5
CUST_100524,68,Senior (>55),Male,18800.0,4500,debt_consolidation,2,24,6,0.5489,1,0,1,Month_5
CUST_100525,48,Working Age (25-55),Female,20600.0,9300,credit_card,10,15,7,0.3508,0,0,0,Month_5
CUST_100526,51,Working Age (25-55),Male,46300.0,18600,debt_consolidation,0,19,9,0.2197,1,0,0,Month_5
CUST_100527,30,Working Age (25-55),Male,76100.0,32700,home_improvement,2,13,6,0.2799,0,0,0,Month_5
CUST_100528,49,Working Age (25-55),Male,52500.0,15900,credit_card,0,14,9,0.2854,1,0,1,Month_5
CUST_100529,35,Working Age (25-55),Male,28600.0,14300,debt_consolidation,0,9,5,0.2605,0,0,0,Month_5
CUST_100530,28,Working Age (25-55),Female,61400.0,14500,debt_consolidation,6,11,9,0.3072,0,0,0,Month_5
CUST_100531,41,Working Age (25-55),Female,35300.0,14800,debt_consolidation,4,10,6,0.2397,0,0,0,Month_5
CUST_100532,48,Working Age (25-55),Male,44400.0,7700,debt_consolidation,0,14,7,0.5576,0,0,1,Month_5
CUST_100533,33,Working Age (25-55),Male,61700.0,14100,debt_consolidation,8,8,6,0.2442,0,1,0,Month_5
CUST_100534,31,Working Age (25-55),Male,21200.0,2500,debt_consolidation,0,8,7,0.3717,0,1,1,Month_5
CUST_100535,47,Working Age (25-55),Male,47600.0,15400,debt_consolidation,4,16,6,0.2793,0,0,0,Month_5
CUST_100536,35,Working Age (25-55),Female,46800.0,13600,home_improvement,1,10,8,0.4673,0,0,1,Month_5
CUST_100537,37,Working Age (25-55),Male,61100.0,31700,debt_consolidation,10,17,7,0.3706,0,3,1,Month_5
CUST_100538,33,Working Age (25-55),Female,52200.0,15300,debt_consolidation,0,13,6,0.3198,0,0,0,Month_5
CUST_100539,51,Working Age (25-55),Male,22400.0,7000,debt_consolidation,0,23,2,0.4507,0,0,1,Month_5
CUST_100540,59,Senior (>55),Female,15500.0,3400,credit_card,15,20,10,0.269,0,0,1,Month_5
CUST_100541,45,Working Age (25-55),Male,35800.0,10700,debt_consolidation,7,17,8,0.2731,0,0,0,Month_5
CUST_100542,42,Working Age (25-55),Female,21000.0,3800,debt_consolidation,6,10,11,0.4356,0,0,1,Month_5
CUST_100543,45,Working Age (25-55),Male,34700.0,10300,debt_consolidation,20,19,9,0.3128,0,0,0,Month_5
CUST_100544,42,Working Age (25-55),Male,57400.0,20500,debt_consolidation,5,14,13,0.2661,0,1,0,Month_5
CUST_100545,53,Working Age (25-55),Female,77500.0,24500,credit_card,15,20,7,0.2066,1,0,0,Month_5
CUST_100546,55,Working Age (25-55),Male,29600.0,3700,home_improvement,2,17,8,0.4849,0,0,1,Month_5
CUST_100547,31,Working Age (25-55),Female,59700.0,28700,home_improvement,4,14,8,0.1991,1,0,0,Month_5
CUST_100548,57,Senior (>55),Male,45200.0,19600,small_business,0,12,4,0.6193,0,0,1,Month_5
CUST_100549,29,Working Age (25-55),Male,108100.0,26400,small_business,3,4,4,0.292,0,0,0,Month_5
CUST_100550,38,Working Age (25-55),Female,15500.0,2700,debt_consolidation,8,12,12,0.2481,0,0,0,Month_5
CUST_100551,33,Working Age (25-55),Male,49400.0,23000,credit_card,1,9,4,0.2031,0,0,0,Month_5
CUST_100552,19,Young (<25),Female,62300.0,21600,small_business,1,3,10,0.1736,0,3,0,Month_5
CUST_100553,41,Working Age (25-55),Male,15700.0,3200,medical,0,14,5,0.5457,0,0,1,Month_5
CUST_100554,30,Working Age (25-55),Male,30100.0,11000,credit_card,6,7,3,0.4449,0,1,1,Month_5
CUST_100555,38,Working Age (25-55),Female,45600.0,22800,credit_card,2,11,10,0.1693,0,1,0,Month_5
CUST_100556,27,Working Age (25-55),Female,46500.0,11900,debt_consolidation,1,10,5,0.14,1,1,0,Month_5
CUST_100557,29,Working Age (25-55),Male,29200.0,10300,credit_card,1,9,6,0.2275,0,0,0,Month_5
CUST_100558,55,Working Age (25-55),Male,44300.0,14000,debt_consolidation,0,19,8,0.4314,0,0,1,Month_5
CUST_100559,32,Working Age (25-55),Male,32200.0,15800,debt_consolidation,1,10,3,0.2432,0,1,1,Month_5
CUST_100560,44,Working Age (25-55),Female,74000.0,25800,debt_consolidation,5,5,10,0.2447,0,0,0,Month_5
CUST_100561,45,Working Age (25-55),Female,47300.0,6800,credit_card,7,16,4,0.4493,0,0,0,Month_5
CUST_100562,56,Senior (>55),Male,27700.0,6400,debt_consolidation,3,12,11,0.2133,0,0,0,Month_5
CUST_100563,58,Senior (>55),Male,42400.0,14400,credit_card,3,20,3,0.3823,1,1,1,Month_5
CUST_100564,37,Working Age (25-55),Female,68000.0,30500,home_improvement,13,18,11,0.3465,0,0,0,Month_5
CUST_100565,28,Working Age (25-55),Male,47100.0,23700,debt_consolidation,10,7,15,0.2408,0,2,0,Month_5
CUST_100566,49,Working Age (25-55),Male,38100.0,16800,debt_consolidation,4,12,5,0.2045,0,0,0,Month_5
CUST_100567,43,Working Age (25-55),Male,60300.0,20400,major_purchase,24,15,1,0.3915,1,0,0,Month_5
CUST_100568,45,Working Age (25-55),Female,48200.0,24600,home_improvement,6,19,4,0.2694,0,0,0,Month_5
CUST_100569,46,Working Age (25-55),Female,31700.0,14600,debt_consolidation,4,12,7,0.1647,0,0,0,Month_5
CUST_100570,42,Working Age (25-55),Female,32900.0,7300,home_improvement,1,12,5,0.3426,0,0,0,Month_5
CUST_100571,46,Working Age (25-55),Male,43100.0,21900,credit_card,3,15,7,0.1603,0,0,0,Month_5
CUST_100572,38,Working Age (25-55),Male,48700.0,7100,medical,4,12,2,0.4995,1,0,1,Month_5
CUST_100573,30,Working Age (25-55),Male,75600.0,34400,home_improvement,4,7,5,0.2518,0,1,1,Month_5
CUST_100574,43,Working Age (25-55),Male,33900.0,13300,debt_consolidation,8,18,7,0.2913,0,0,0,Month_5
CUST_100575,31,Working Age (25-55),Female,114800.0,38400,debt_consolidation,1,11,9,0.3169,0,0,0,Month_5
CUST_100576,29,Working Age (25-55),Female,87800.0,24600,debt_consolidation,10,13,7,0.3632,0,0,0,Month_5
CUST_100577,31,Working Age (25-55),Female,33500.0,9800,home_improvement,3,17,6,0.3354,0,0,0,Month_5
CUST_100578,20,Young (<25),Female,50000.0,6300,home_improvement,0,6,12,0.4782,0,0,1,Month_5
CUST_100579,39,Working Age (25-55),Male,36000.0,14000,debt_consolidation,1,19,7,0.3812,0,0,0,Month_5
CUST_100580,46,Working Age (25-55),Female,24100.0,3900,debt_consolidation,3,17,7,0.5776,0,0,1,Month_5
CUST_100581,55,Working Age (25-55),Male,28900.0,5300,debt_consolidation,6,22,11,0.1918,0,0,0,Month_5
CUST_100582,40,Working Age (25-55),Male,121900.0,26600,debt_consolidation,6,14,6,0.2969,0,0,0,Month_5
CUST_100583,27,Working Age (25-55),Female,54600.0,6700,major_purchase,4,8,3,0.3178,0,0,0,Month_5
CUST_100584,52,Working Age (25-55),Male,73400.0,23400,credit_card,9,19,7,0.3185,0,0,0,Month_5
CUST_100585,55,Working Age (25-55),Female,34000.0,7700,debt_consolidation,14,24,4,0.14,1,0,0,Month_5
CUST_100586,51,Working Age (25-55),Male,42900.0,22000,debt_consolidation,4,18,8,0.3356,0,0,0,Month_5
CUST_100587,43,Working Age (25-55),Female,50600.0,18200,credit_card,20,11,8,0.288,0,0,0,Month_5
CUST_100588,37,Working Age (25-55),Male,40400.0,11200,credit_card,0,13,7,0.3628,0,0,0,Month_5
CUST_100589,43,Working Age (25-55),Male,50700.0,22900,credit_card,8,18,8,0.2822,0,0,0,Month_5
CUST_100590,51,Working Age (25-55),Female,19100.0,3500,small_business,4,19,5,0.2835,0,1,0,Month_5
CUST_100591,19,Young (<25),Male,36400.0,6600,debt_consolidation,1,6,7,0.3844,0,2,1,Month_5
CUST_100592,42,Working Age (25-55),Male,52600.0,15800,credit_card,0,10,3,0.2978,0,1,1,Month_5
CUST_100593,55,Working Age (25-55),Male,21200.0,5100,debt_consolidation,0,26,10,0.1976,0,0,0,Month_5
CUST_100594,31,Working Age (25-55),Female,31800.0,12300,debt_consolidation,4,12,9,0.2242,0,0,0,Month_5
CUST_100595,51,Working Age (25-55),Male,101600.0,23400,credit_card,7,20,5,0.2765,0,0,0,Month_5
CUST_100596,22,Young (<25),Male,58500.0,27600,debt_consolidation,4,8,9,0.5207,1,1,1,Month_5
CUST_100597,42,Working Age (25-55),Female,49900.0,6500,major_purchase,3,17,1,0.2489,0,2,0,Month_5
CUST_100598,34,Working Age (25-55),Female,58400.0,9600,credit_card,2,12,4,0.14,0,0,0,Month_5
CUST_100599,41,Working Age (25-55),Male,32600.0,12800,credit_card,15,11,5,0.1853,0,3,0,Month_5
CUST_100600,43,Working Age (25-55),Male,67400.0,23900,debt_consolidation,1,15,11,0.5617,1,0,1,Month_5
CUST_100601,19,Young (<25),Male,60300.0,10400,debt_consolidation,1,1,9,0.5299,0,0,1,Month_5
CUST_100602,64,Senior (>55),Female,54500.0,15600,credit_card,7,18,8,0.5751,1,2,1,Month_5
CUST_100603,20,Young (<25),Male,26400.0,10100,debt_consolidation,2,6,3,0.2216,0,0,0,Month_5
CUST_100604,60,Senior (>55),Male,21200.0,10100,debt_consolidation,13,23,9,0.266,1,0,0,Month_5
CUST_100605,72,Senior (>55),Male,72500.0,23900,major_purchase,12,28,9,0.1952,0,3,0,Month_5
CUST_100606,19,Young (<25),Female,78300.0,13100,debt_consolidation,1,6,11,0.3244,0,0,0,Month_5
CUST_100607,47,Working Age (25-55),Female,126800.0,50000,small_business,7,17,4,0.3339,0,0,0,Month_5
CUST_100608,46,Working Age (25-55),Male,38300.0,19900,debt_consolidation,0,16,5,0.3705,0,0,1,Month_5
CUST_100609,37,Working Age (25-55),Female,37600.0,7600,debt_consolidation,0,16,5,0.4587,0,1,1,Month_5
CUST_100610,31,Working Age (25-55),Female,32900.0,12200,debt_consolidation,2,8,4,0.2312,1,0,1,Month_5
CUST_100611,36,Working Age (25-55),Female,27800.0,13000,debt_consolidation,0,11,6,0.1954,0,0,0,Month_5
CUST_100612,49,Working Age (25-55),Male,55300.0,9900,debt_consolidation,1,19,8,0.2027,0,0,0,Month_5
CUST_100613,21,Young (<25),Female,15500.0,4800,debt_consolidation,0,7,8,0.1989,1,0,1,Month_5
CUST_100614,49,Working Age (25-55),Female,35200.0,6800,debt_consolidation,2,22,8,0.3558,0,2,0,Month_5
CUST_100615,44,Working Age (25-55),Male,24600.0,5500,home_improvement,9,11,6,0.6918,0,0,1,Month_5
CUST_100616,41,Working Age (25-55),Male,51500.0,17000,credit_card,0,12,4,0.1991,0,1,0,Month_5
CUST_100617,35,Working Age (25-55),Male,38600.0,4800,debt_consolidation,5,13,4,0.4018,0,0,0,Month_5
CUST_100618,32,Working Age (25-55),Female,62700.0,25900,credit_card,13,9,7,0.1437,0,0,1,Month_5
CUST_100619,69,Senior (>55),Female,26100.0,4800,medical,3,22,8,0.2133,1,0,0,Month_5
CUST_100620,41,Working Age (25-55),Female,99800.0,15200,debt_consolidation,0,12,8,0.14,0,0,0,Month_5
CUST_100621,50,Working Age (25-55),Male,38300.0,16600,debt_consolidation,1,15,6,0.2834,0,0,0,Month_5
CUST_100622,36,Working Age (25-55),Female,44800.0,18400,debt_consolidation,0,14,8,0.4663,0,0,1,Month_5
CUST_100623,43,Working Age (25-55),Male,23600.0,3100,debt_consolidation,5,16,4,0.4481,0,1,1,Month_5
CUST_100624,49,Working Age (25-55),Female,47800.0,7700,debt_consolidation,19,16,3,0.2804,0,0,0,Month_5
CUST_100625,28,Working Age (25-55),Male,56800.0,28900,medical,3,4,8,0.2425,0,1,1,Month_5
CUST_100626,59,Senior (>55),Female,24100.0,5000,credit_card,9,18,7,0.4144,0,0,0,Month_5
CUST_100627,25,Working Age (25-55),Female,92700.0,14900,credit_card,1,11,9,0.3425,0,0,0,Month_5
CUST_100628,42,Working Age (25-55),Male,94300.0,20700,credit_card,2,21,7,0.3413,0,1,0,Month_5
CUST_100629,38,Working Age (25-55),Female,28500.0,14300,debt_consolidation,3,7,11,0.2649,0,0,0,Month_5
CUST_100630,44,Working Age (25-55),Male,30500.0,13400,debt_consolidation,2,15,8,0.2223,0,0,0,Month_5
CUST_100631,46,Working Age (25-55),Female,57100.0,8200,small_business,1,13,4,0.3632,0,0,0,Month_5
CUST_100632,36,Working Age (25-55),Male,15500.0,4700,major_purchase,5,13,7,0.2153,0,0,0,Month_5
CUST_100633,32,Working Age (25-55),Male,80200.0,36100,credit_card,2,7,10,0.3727,1,1,1,Month_5
CUST_100634,68,Senior (>55),Male,18700.0,4400,debt_consolidation,0,19,5,0.3848,1,0,1,Month_5
CUST_100635,38,Working Age (25-55),Male,28400.0,5400,debt_consolidation,1,9,7,0.2578,0,0,0,Month_5
CUST_100636,42,Working Age (25-55),Female,50100.0,19800,credit_card,24,10,6,0.5545,0,0,1,Month_5
CUST_100637,31,Working Age (25-55),Female,65400.0,28000,debt_consolidation,6,9,9,0.2672,0,0,0,Month_5
CUST_100638,19,Young (<25),Female,45600.0,18700,debt_consolidation,1,7,7,0.4181,1,0,1,Month_5
CUST_100639,46,Working Age (25-55),Male,15500.0,6500,credit_card,3,16,6,0.4981,0,0,1,Month_5
CUST_100640,30,Working Age (25-55),Male,52500.0,18600,debt_consolidation,1,9,6,0.1603,1,0,0,Month_5
CUST_100641,43,Working Age (25-55),Female,56000.0,25100,debt_consolidation,2,16,10,0.4081,0,0,1,Month_5
CUST_100642,19,Young (<25),Female,29900.0,8900,debt_consolidation,1,1,3,0.2641,1,0,1,Month_5
CUST_100643,63,Senior (>55),Female,51300.0,8500,home_improvement,4,17,8,0.2156,0,1,0,Month_5
CUST_100644,32,Working Age (25-55),Male,72900.0,33800,debt_consolidation,3,13,5,0.3614,0,1,1,Month_5
CUST_100645,46,Working Age (25-55),Female,45500.0,7900,credit_card,1,17,12,0.3627,0,0,0,Month_5
CUST_100646,29,Working Age (25-55),Female,55400.0,21000,credit_card,9,12,8,0.3614,0,0,0,Month_5
CUST_100647,19,Young (<25),Male,38400.0,7400,debt_consolidation,1,2,6,0.2179,0,0,0,Month_5
CUST_100648,32,Working Age (25-55),Male,22100.0,11400,small_business,3,7,1,0.4174,0,0,1,Month_5
CUST_100649,62,Senior (>55),Male,36500.0,8200,credit_card,0,25,6,0.2542,0,0,1,Month_5
CUST_100650,35,Working Age (25-55),Male,56600.0,14400,debt_consolidation,1,14,7,0.2229,0,0,0,Month_5
CUST_100651,47,Working Age (25-55),Female,27100.0,12900,credit_card,3,19,6,0.2398,0,0,0,Month_5
CUST_100652,22,Young (<25),Male,48300.0,22400,debt_consolidation,4,5,6,0.4642,0,0,1,Month_5
CUST_100653,29,Working Age (25-55),Male,64100.0,27700,credit_card,6,5,12,0.278,0,0,0,Month_5
CUST_100654,60,Senior (>55),Male,52700.0,22800,major_purchase,25,21,11,0.2352,0,0,1,Month_5
CUST_100655,35,Working Age (25-55),Female,33500.0,6200,debt_consolidation,1,13,5,0.2424,0,0,0,Month_5
CUST_100656,53,Working Age (25-55),Male,36000.0,5700,debt_consolidation,2,21,13,0.2558,0,0,0,Month_5
CUST_100657,46,Working Age (25-55),Male,53800.0,22000,debt_consolidation,0,17,9,0.2071,0,0,0,Month_5
CUST_100658,44,Working Age (25-55),Female,62200.0,8200,credit_card,6,13,11,0.5122,0,0,0,Month_5
CUST_100659,55,Working Age (25-55),Female,29800.0,7100,debt_consolidation,4,24,8,0.3423,0,0,1,Month_5
CUST_100660,43,Working Age (25-55),Male,26100.0,7700,credit_card,0,20,5,0.3102,0,0,0,Month_5
CUST_100661,24,Young (<25),Female,23600.0,7800,credit_card,0,7,8,0.2544,0,0,0,Month_5
CUST_100662,26,Working Age (25-55),Female,66700.0,9400,medical,2,9,11,0.2651,0,1,0,Month_5
CUST_100663,43,Working Age (25-55),Female,15500.0,6800,debt_consolidation,5,14,4,0.6444,0,2,1,Month_5
CUST_100664,57,Senior (>55),Female,52500.0,12100,credit_card,1,18,8,0.3699,1,3,1,Month_5
CUST_100665,39,Working Age (25-55),Male,52300.0,25500,credit_card,13,11,9,0.3879,0,1,1,Month_5
CUST_100666,28,Working Age (25-55),Female,25500.0,11800,small_business,2,13,7,0.2866,0,0,0,Month_5
CUST_100667,25,Working Age (25-55),Male,75200.0,24100,debt_consolidation,2,11,6,0.4449,0,0,1,Month_5
CUST_100668,43,Working Age (25-55),Male,166200.0,50000,small_business,4,14,6,0.2269,0,0,0,Month_5
CUST_100669,31,Working Age (25-55),Female,146100.0,32500,credit_card,0,15,6,0.3667,0,0,0,Month_5
CUST_100670,32,Working Age (25-55),Male,38100.0,7200,debt_consolidation,8,11,5,0.2946,0,0,0,Month_5
CUST_100671,47,Working Age (25-55),Male,61500.0,14800,debt_consolidation,3,8,4,0.4122,0,2,1,Month_5
CUST_100672,35,Working Age (25-55),Female,83100.0,37000,credit_card,4,11,5,0.386,0,0,1,Month_5
CUST_100673,47,Working Age (25-55),Female,15500.0,7100,debt_consolidation,0,18,10,0.5681,0,0,1,Month_5
CUST_100674,19,Young (<25),Female,41500.0,21500,credit_card,0,4,9,0.5302,0,1,1,Month_5
CUST_100675,53,Working Age (25-55),Female,34800.0,13300,credit_card,0,12,6,0.3609,0,0,1,Month_5
CUST_100676,24,Young (<25),Male,80200.0,26100,debt_consolidation,6,13,5,0.4636,1,0,1,Month_5
CUST_100677,26,Working Age (25-55),Male,143800.0,49100,debt_consolidation,0,7,5,0.2165,0,0,0,Month_5
CUST_100678,55,Working Age (25-55),Female,55200.0,14600,home_improvement,1,21,3,0.4378,0,0,0,Month_5
CUST_100679,38,Working Age (25-55),Male,29600.0,6000,debt_consolidation,10,17,8,0.2806,0,0,0,Month_5
CUST_100680,24,Young (<25),Male,52800.0,10300,credit_card,6,14,5,0.2033,0,2,0,Month_5
CUST_100681,30,Working Age (25-55),Female,36200.0,9500,debt_consolidation,2,10,3,0.2607,0,0,0,Month_5
CUST_100682,46,Working Age (25-55),Male,15500.0,6500,major_purchase,4,16,13,0.3236,0,0,0,Month_5
CUST_100683,19,Young (<25),Female,31100.0,7100,home_improvement,1,11,6,0.4013,0,0,1,Month_5
CUST_100684,38,Working Age (25-55),Male,22800.0,10700,debt_consolidation,6,8,5,0.2807,0,0,0,Month_5
CUST_100685,37,Working Age (25-55),Female,120600.0,25000,debt_consolidation,1,12,5,0.2485,0,0,0,Month_5
CUST_100686,46,Working Age (25-55),Male,28000.0,5400,major_purchase,7,12,4,0.3187,0,0,0,Month_5
CUST_100687,25,Working Age (25-55),Female,82600.0,39600,home_improvement,4,10,2,0.3612,0,0,1,Month_5
CUST_100688,40,Working Age (25-55),Female,58600.0,19000,home_improvement,6,18,2,0.3047,0,0,0,Month_5
CUST_100689,53,Working Age (25-55),Female,177200.0,29600,credit_card,0,19,5,0.3052,0,2,0,Month_5
CUST_100690,47,Working Age (25-55),Male,31900.0,8600,credit_card,1,15,7,0.2552,0,0,0,Month_5
CUST_100691,49,Working Age (25-55),Female,107200.0,43900,debt_consolidation,6,13,4,0.3271,0,0,0,Month_5
CUST_100692,31,Working Age (25-55),Female,27100.0,9100,credit_card,1,11,7,0.4535,1,0,1,Month_5
CUST_100693,43,Working Age (25-55),Male,61700.0,16700,credit_card,2,12,5,0.3895,1,1,1,Month_5
CUST_100694,40,Working Age (25-55),Female,38200.0,16400,credit_card,0,17,9,0.278,1,0,0,Month_5
CUST_100695,23,Young (<25),Female,44500.0,10000,debt_consolidation,0,6,8,0.3187,0,0,0,Month_5
CUST_100696,43,Working Age (25-55),Male,46900.0,8200,debt_consolidation,0,17,7,0.4636,0,1,1,Month_5
CUST_100697,37,Working Age (25-55),Male,131200.0,39100,credit_card,2,12,5,0.2611,1,0,0,Month_5
CUST_100698,45,Working Age (25-55),Female,39000.0,17700,credit_card,5,16,8,0.4348,0,0,1,Month_5
CUST_100699,58,Senior (>55),Male,38400.0,11200,credit_card,2,19,7,0.2358,0,0,0,Month_5
CUST_100700,49,Working Age (25-55),Male,113300.0,50000,credit_card,1,17,5,0.2372,0,0,0,Month_5
CUST_100701,35,Working Age (25-55),Male,35100.0,16000,debt_consolidation,0,4,6,0.3622,0,1,1,Month_5
CUST_100702,31,Working Age (25-55),Male,81000.0,22400,home_improvement,1,12,10,0.2358,1,0,0,Month_5
CUST_100703,36,Working Age (25-55),Female,48500.0,19900,debt_consolidation,4,15,8,0.2462,0,0,0,Month_5
CUST_100704,41,Working Age (25-55),Female,77300.0,39800,home_improvement,0,17,8,0.48,0,1,1,Month_5
CUST_100705,43,Working Age (25-55),Female,54200.0,23400,credit_card,2,13,9,0.2683,0,0,0,Month_5
CUST_100706,50,Working Age (25-55),Male,82900.0,27500,debt_consolidation,1,18,9,0.3236,1,0,1,Month_5
CUST_100707,44,Working Age (25-55),Male,54600.0,12600,small_business,0,16,3,0.4721,0,0,1,Month_5
CUST_100708,20,Young (<25),Male,34100.0,6000,medical,0,5,8,0.1825,0,0,0,Month_5
CUST_100709,40,Working Age (25-55),Female,40300.0,16600,debt_consolidation,2,7,8,0.3406,0,0,1,Month_5
CUST_100710,37,Working Age (25-55),Male,22900.0,11700,debt_consolidation,3,13,3,0.3454,0,0,0,Month_5
CUST_100711,44,Working Age (25-55),Male,61400.0,11400,credit_card,2,11,10,0.4494,0,0,0,Month_5
CUST_100712,45,Working Age (25-55),Male,133500.0,24500,credit_card,7,10,9,0.466,0,0,1,Month_5
CUST_100713,39,Working Age (25-55),Male,39700.0,14600,debt_consolidation,8,13,10,0.3061,0,0,0,Month_5
CUST_100714,52,Working Age (25-55),Male,21900.0,3800,credit_card,9,17,8,0.2802,0,0,0,Month_5
CUST_100715,42,Working Age (25-55),Male,37800.0,7500,home_improvement,6,18,6,0.6282,1,0,1,Month_5
CUST_100716,50,Working Age (25-55),Female,48800.0,10400,credit_card,2,16,7,0.3387,0,0,0,Month_5
CUST_100717,37,Working Age (25-55),Female,83600.0,10400,home_improvement,0,11,7,0.2462,0,1,0,Month_5
CUST_100718,63,Senior (>55),Female,81600.0,31300,debt_consolidation,0,22,10,0.3032,0,0,0,Month_5
CUST_100719,57,Senior (>55),Male,58500.0,10100,medical,0,20,7,0.3459,0,0,0,Month_5
CUST_100720,40,Working Age (25-55),Male,43300.0,11600,debt_consolidation,2,12,10,0.1929,0,0,0,Month_5
CUST_100721,63,Senior (>55),Male,33000.0,13700,debt_consolidation,5,20,5,0.6691,0,0,1,Month_5
CUST_100722,32,Working Age (25-55),Male,24300.0,2900,debt_consolidation,0,9,8,0.2761,0,2,0,Month_5
CUST_100723,46,Working Age (25-55),Female,44500.0,14900,debt_consolidation,9,11,6,0.4473,0,0,1,Month_5
CUST_100724,47,Working Age (25-55),Male,21900.0,10500,debt_consolidation,0,12,12,0.2837,0,1,1,Month_5
CUST_100725,38,Working Age (25-55),Female,73100.0,13700,major_purchase,8,12,10,0.3712,0,0,0,Month_5
CUST_100726,50,Working Age (25-55),Female,87700.0,16100,credit_card,0,19,10,0.4377,1,0,1,Month_5
CUST_100727,36,Working Age (25-55),Male,29500.0,12600,home_improvement,0,8,5,0.4648,0,0,1,Month_5
CUST_100728,25,Working Age (25-55),Female,39800.0,4900,debt_consolidation,0,14,2,0.4206,0,2,1,Month_5
CUST_100729,39,Working Age (25-55),Male,51300.0,13300,home_improvement,0,9,7,0.2524,0,0,0,Month_5
CUST_100730,26,Working Age (25-55),Male,37300.0,13900,debt_consolidation,8,11,9,0.3616,0,0,0,Month_5
CUST_100731,45,Working Age (25-55),Male,73400.0,38200,credit_card,2,17,8,0.3047,0,0,0,Month_5
CUST_100732,40,Working Age (25-55),Female,74700.0,19100,debt_consolidation,1,20,5,0.3693,1,1,1,Month_5
CUST_100733,34,Working Age (25-55),Male,54600.0,18400,home_improvement,16,9,8,0.1977,0,1,0,Month_5
CUST_100734,31,Working Age (25-55),Male,133000.0,19600,credit_card,0,9,7,0.3054,0,0,0,Month_5
CUST_100735,38,Working Age (25-55),Female,56400.0,10800,debt_consolidation,8,15,4,0.1641,0,2,0,Month_5
CUST_100736,46,Working Age (25-55),Male,47600.0,19000,debt_consolidation,2,19,7,0.1449,0,2,0,Month_5
CUST_100737,21,Young (<25),Female,27400.0,7900,debt_consolidation,1,7,6,0.1873,0,0,0,Month_5
CUST_100738,75,Senior (>55),Male,96200.0,21400,credit_card,8,22,11,0.3646,0,2,0,Month_5
CUST_100739,37,Working Age (25-55),Female,15500.0,7300,debt_consolidation,0,12,5,0.3713,0,0,1,Month_5
CUST_100740,37,Working Age (25-55),Male,37400.0,6200,debt_consolidation,2,12,8,0.4795,0,3,1,Month_5
CUST_100741,37,Working Age (25-55),Male,26600.0,12400,debt_consolidation,2,12,10,0.446,0,1,1,Month_5
CUST_100742,59,Senior (>55),Male,22800.0,6000,debt_consolidation,1,17,8,0.177,0,1,0,Month_5
CUST_100743,27,Working Age (25-55),Female,88500.0,15500,major_purchase,2,6,4,0.2774,0,0,0,Month_5
CUST_100744,33,Working Age (25-55),Male,93600.0,12100,major_purchase,7,11,7,0.1849,0,1,0,Month_5
CUST_100745,24,Young (<25),Male,44900.0,6700,debt_consolidation,6,16,11,0.3786,1,2,1,Month_5
CUST_100746,47,Working Age (25-55),Male,55500.0,13200,credit_card,4,12,5,0.4712,1,0,1,Month_5
CUST_100747,56,Senior (>55),Male,36600.0,15300,credit_card,2,20,11,0.6457,0,0,1,Month_5
CUST_100748,19,Young (<25),Male,50800.0,17800,credit_card,1,6,8,0.1762,0,1,0,Month_5
CUST_100749,47,Working Age (25-55),Female,117600.0,49700,small_business,11,19,9,0.5068,0,0,1,Month_5
CUST_100750,33,Working Age (25-55),Male,75500.0,29300,credit_card,6,12,7,0.2566,0,0,0,Month_5
CUST_100751,19,Young (<25),Female,75200.0,25800,small_business,1,11,8,0.5583,0,1,1,Month_5
CUST_100752,25,Working Age (25-55),Male,23600.0,8700,credit_card,2,11,6,0.14,1,1,1,Month_5
CUST_100753,26,Working Age (25-55),Female,48800.0,13700,home_improvement,0,4,9,0.3776,0,0,1,Month_5
CUST_100754,44,Working Age (25-55),Female,130300.0,40700,debt_consolidation,4,14,3,0.4685,0,0,0,Month_5
CUST_100755,47,Working Age (25-55),Male,84400.0,13800,credit_card,2,13,2,0.1857,0,0,0,Month_5
CUST_100756,68,Senior (>55),Female,37100.0,16900,credit_card,0,26,9,0.1795,0,0,0,Month_5
CUST_100757,36,Working Age (25-55),Male,49400.0,8800,credit_card,1,5,3,0.3118,1,0,1,Month_5
CUST_100758,20,Young (<25),Female,59400.0,7700,debt_consolidation,2,8,5,0.359,0,0,0,Month_5
CUST_100759,51,Working Age (25-55),Female,20600.0,8500,debt_consolidation,12,14,5,0.14,0,0,0,Month_5
CUST_100760,19,Young (<25),Male,47600.0,10000,credit_card,0,6,5,0.2446,0,2,0,Month_5
CUST_100761,35,Working Age (25-55),Female,46400.0,6900,major_purchase,5,14,9,0.5002,1,0,1,Month_5
CUST_100762,41,Working Age (25-55),Male,163300.0,33100,home_improvement,10,12,12,0.3463,0,0,0,Month_5
CUST_100763,63,Senior (>55),Male,37800.0,13500,home_improvement,5,18,6,0.14,0,0,0,Month_5
CUST_100764,37,Working Age (25-55),Female,25200.0,7100,major_purchase,4,15,5,0.14,0,0,0,Month_5
CUST_100765,55,Working Age (25-55),Male,72200.0,10900,credit_card,0,17,7,0.3419,0,0,0,Month_5
CUST_100766,19,Young (<25),Male,98000.0,45600,debt_consolidation,1,6,6,0.1802,0,0,0,Month_5
CUST_100767,46,Working Age (25-55),Male,48900.0,12300,home_improvement,7,11,11,0.1853,0,0,0,Month_5
CUST_100768,38,Working Age (25-55),Male,97400.0,37200,major_purchase,3,12,8,0.5408,0,0,1,Month_5
CUST_100769,29,Working Age (25-55),Female,46200.0,6800,debt_consolidation,1,13,9,0.1706,1,0,0,Month_5
CUST_100770,49,Working Age (25-55),Female,19600.0,5300,credit_card,12,22,8,0.3161,1,1,1,Month_5
CUST_100771,37,Working Age (25-55),Male,36300.0,5100,credit_card,2,11,11,0.4114,0,0,1,Month_5
CUST_100772,57,Senior (>55),Female,46700.0,19600,debt_consolidation,1,25,10,0.2803,0,0,0,Month_5
CUST_100773,52,Working Age (25-55),Male,138500.0,50000,small_business,6,18,9,0.4013,0,0,0,Month_5
CUST_100774,44,Working Age (25-55),Male,48200.0,13900,credit_card,4,10,7,0.3757,1,0,1,Month_5
CUST_100775,19,Young (<25),Female,64300.0,16600,debt_consolidation,1,7,8,0.3981,0,0,1,Month_5
CUST_100776,34,Working Age (25-55),Female,60100.0,26100,home_improvement,5,12,13,0.2822,0,0,0,Month_5
CUST_100777,31,Working Age (25-55),Female,50300.0,25500,debt_consolidation,1,8,6,0.4051,0,0,1,Month_5
CUST_100778,62,Senior (>55),Male,93100.0,11500,home_improvement,1,24,6,0.3279,0,0,0,Month_5
CUST_100779,38,Working Age (25-55),Male,97800.0,34100,debt_consolidation,8,15,2,0.1946,0,1,0,Month_5
CUST_100780,30,Working Age (25-55),Female,115800.0,41700,debt_consolidation,2,11,7,0.3335,0,0,0,Month_5
CUST_100781,46,Working Age (25-55),Male,17900.0,7300,debt_consolidation,5,15,8,0.3466,0,0,0,Month_5
CUST_100782,42,Working Age (25-55),Female,40100.0,9400,debt_consolidation,0,12,3,0.3567,0,0,0,Month_5
CUST_100783,39,Working Age (25-55),Male,75200.0,23200,credit_card,2,13,7,0.3171,0,0,0,Month_5
CUST_100784,46,Working Age (25-55),Male,44000.0,21700,home_improvement,12,20,2,0.26,0,2,0,Month_5
CUST_100785,46,Working Age (25-55),Female,19400.0,6000,major_purchase,0,16,7,0.2149,0,0,0,Month_5
CUST_100786,33,Working Age (25-55),Female,24100.0,4800,major_purchase,4,13,10,0.2539,0,0,0,Month_5
CUST_100787,44,Working Age (25-55),Female,95900.0,18200,credit_card,9,18,7,0.2099,0,0,0,Month_5
CUST_100788,48,Working Age (25-55),Female,63400.0,12300,credit_card,1,13,5,0.4455,0,1,1,Month_5
CUST_100789,40,Working Age (25-55),Female,27100.0,11000,credit_card,10,13,5,0.2379,0,0,0,Month_5
CUST_100790,39,Working Age (25-55),Male,54300.0,15600,major_purchase,18,10,5,0.3398,0,0,0,Month_5
CUST_100791,56,Senior (>55),Male,29200.0,3500,debt_consolidation,4,21,8,0.6049,0,0,1,Month_5
CUST_100792,40,Working Age (25-55),Male,223600.0,50000,debt_consolidation,1,15,7,0.3095,0,0,0,Month_5
CUST_100793,54,Working Age (25-55),Male,57200.0,11600,debt_consolidation,4,23,11,0.2257,1,0,0,Month_5
CUST_100794,20,Young (<25),Male,76500.0,17700,debt_consolidation,1,5,6,0.3621,0,0,0,Month_5
CUST_100795,39,Working Age (25-55),Female,43000.0,5700,home_improvement,17,19,7,0.2556,0,0,0,Month_5
CUST_100796,25,Working Age (25-55),Female,26700.0,11000,debt_consolidation,3,9,7,0.3472,0,0,1,Month_5
CUST_100797,46,Working Age (25-55),Female,66000.0,11200,debt_consolidation,0,10,6,0.14,0,0,0,Month_5
CUST_100798,31,Working Age (25-55),Male,102900.0,17000,debt_consolidation,0,12,5,0.3575,0,0,0,Month_5
CUST_100799,26,Working Age (25-55),Female,35300.0,11400,home_improvement,4,9,6,0.2051,1,0,0,Month_5
CUST_100800,28,Working Age (25-55),Female,38600.0,10000,credit_card,1,13,8,0.2695,0,3,0,Month_5
CUST_100801,46,Working Age (25-55),Female,41800.0,14600,home_improvement,12,18,8,0.2683,0,0,0,Month_5
CUST_100802,31,Working Age (25-55),Female,40300.0,19600,debt_consolidation,5,9,4,0.2516,0,0,0,Month_5
CUST_100803,20,Young (<25),Male,36900.0,5400,medical,2,7,8,0.2998,1,0,1,Month_5
CUST_100804,30,Working Age (25-55),Male,42900.0,11200,debt_consolidation,0,7,10,0.201,0,0,0,Month_5
CUST_100805,57,Senior (>55),Female,31800.0,4300,home_improvement,0,21,11,0.3652,0,2,1,Month_5
CUST_100806,19,Young (<25),Male,15500.0,2700,major_purchase,1,8,8,0.214,0,0,0,Month_5
CUST_100807,19,Young (<25),Female,57400.0,16300,home_improvement,1,6,8,0.3128,0,0,0,Month_5
CUST_100808,64,Senior (>55),Male,57900.0,7300,home_improvement,0,22,8,0.2169,0,0,0,Month_5
CUST_100809,38,Working Age (25-55),Female,43200.0,20200,credit_card,7,15,5,0.1744,0,0,0,Month_5
CUST_100810,24,Young (<25),Male,64900.0,31500,debt_consolidation,0,8,4,0.3632,0,0,1,Month_5
CUST_100811,20,Young (<25),Male,40800.0,15200,credit_card,1,5,10,0.4657,0,0,1,Month_5
CUST_100812,47,Working Age (25-55),Male,34200.0,11100,debt_consolidation,6,18,9,0.469,0,0,1,Month_5
CUST_100813,41,Working Age (25-55),Female,82300.0,30300,credit_card,0,21,4,0.25,0,1,0,Month_5
CUST_100814,28,Working Age (25-55),Female,48800.0,14000,debt_consolidation,7,10,6,0.209,0,1,0,Month_5
CUST_100815,35,Working Age (25-55),Male,66300.0,15400,debt_consolidation,4,11,7,0.283,0,0,0,Month_5
CUST_100816,34,Working Age (25-55),Female,36200.0,11900,major_purchase,4,11,8,0.2924,1,0,1,Month_5
CUST_100817,37,Working Age (25-55),Male,28600.0,14100,home_improvement,7,12,5,0.3667,0,1,1,Month_5
CUST_100818,46,Working Age (25-55),Male,57600.0,20100,credit_card,4,21,8,0.4517,1,0,1,Month_5
CUST_100819,33,Working Age (25-55),Female,62800.0,32300,debt_consolidation,4,10,7,0.1993,0,0,0,Month_5
CUST_100820,19,Young (<25),Male,43600.0,16400,credit_card,1,7,7,0.2202,0,1,1,Month_5
CUST_100821,20,Young (<25),Female,56900.0,28100,debt_consolidation,2,8,8,0.2236,0,3,1,Month_5
CUST_100822,56,Senior (>55),Male,49500.0,13500,home_improvement,5,18,8,0.3669,0,0,0,Month_5
CUST_100823,51,Working Age (25-55),Female,104600.0,45900,debt_consolidation,1,17,5,0.222,0,0,0,Month_5
CUST_100824,42,Working Age (25-55),Female,32400.0,6100,medical,0,14,8,0.1954,0,0,0,Month_5
CUST_100825,49,Working Age (25-55),Female,171000.0,50000,credit_card,17,18,6,0.14,1,2,0,Month_5
CUST_100826,41,Working Age (25-55),Female,31200.0,11900,debt_consolidation,0,17,7,0.2968,0,1,0,Month_5
CUST_100827,27,Working Age (25-55),Female,52600.0,18600,debt_consolidation,7,9,2,0.1911,0,0,0,Month_5
CUST_100828,24,Young (<25),Male,26100.0,11300,credit_card,5,7,4,0.14,0,0,0,Month_5
CUST_100829,27,Working Age (25-55),Male,34300.0,5800,home_improvement,5,4,14,0.437,0,0,1,Month_5
CUST_100830,41,Working Age (25-55),Male,81000.0,22500,major_purchase,0,11,7,0.1994,0,0,0,Month_5
CUST_100831,60,Senior (>55),Male,42000.0,19500,debt_consolidation,2,21,12,0.2326,0,0,0,Month_5
CUST_100832,54,Working Age (25-55),Female,44100.0,19800,debt_consolidation,2,14,14,0.2613,0,0,0,Month_5
CUST_100833,37,Working Age (25-55),Male,64200.0,20200,home_improvement,12,8,5,0.1693,0,0,0,Month_5
CUST_100834,51,Working Age (25-55),Male,26900.0,9000,debt_consolidation,10,14,5,0.2811,0,0,0,Month_5
CUST_100835,40,Working Age (25-55),Female,37200.0,13900,debt_consolidation,5,14,8,0.4404,0,0,1,Month_5
CUST_100836,19,Young (<25),Male,29200.0,5800,debt_consolidation,1,3,4,0.3177,0,0,0,Month_5
CUST_100837,49,Working Age (25-55),Female,41400.0,15200,small_business,5,13,11,0.1887,0,0,0,Month_5
CUST_100838,32,Working Age (25-55),Male,117700.0,13700,debt_consolidation,5,8,2,0.3465,0,0,0,Month_5
CUST_100839,20,Young (<25),Male,168700.0,50000,major_purchase,2,2,4,0.2691,0,0,0,Month_5
CUST_100840,49,Working Age (25-55),Male,69600.0,35200,credit_card,13,18,8,0.1784,0,0,1,Month_5
CUST_100841,41,Working Age (25-55),Male,22800.0,6400,debt_consolidation,2,20,4,0.2059,0,0,0,Month_5
CUST_100842,42,Working Age (25-55),Male,53500.0,22600,debt_consolidation,3,12,5,0.4483,0,1,1,Month_5
CUST_100843,36,Working Age (25-55),Female,71000.0,15000,credit_card,0,8,7,0.2044,0,0,0,Month_5
CUST_100844,34,Working Age (25-55),Male,64900.0,33100,home_improvement,5,13,7,0.4041,0,0,1,Month_5
CUST_100845,56,Senior (>55),Female,54700.0,8000,medical,0,20,10,0.2415,0,0,0,Month_5
CUST_100846,19,Young (<25),Female,72400.0,20900,credit_card,1,4,9,0.483,0,0,1,Month_5
CUST_100847,49,Working Age (25-55),Male,19100.0,7800,major_purchase,4,19,5,0.1666,0,0,0,Month_5
CUST_100848,53,Working Age (25-55),Female,41500.0,8100,debt_consolidation,1,24,11,0.3751,0,0,0,Month_5
CUST_100849,19,Young (<25),Female,71200.0,33100,credit_card,1,8,3,0.4182,0,0,1,Month_5
CUST_100850,24,Young (<25),Male,28600.0,8000,medical,1,8,6,0.4993,0,0,1,Month_5
CUST_100851,26,Working Age (25-55),Male,56500.0,21100,debt_consolidation,8,13,5,0.389,0,1,1,Month_5
CUST_100852,46,Working Age (25-55),Male,27500.0,7000,credit_card,16,13,7,0.5508,0,1,1,Month_5
CUST_100853,48,Working Age (25-55),Male,88000.0,17100,debt_consolidation,6,15,5,0.1852,0,0,0,Month_5
CUST_100854,38,Working Age (25-55),Male,25600.0,11200,credit_card,5,14,10,0.3994,0,0,1,Month_5
CUST_100855,39,Working Age (25-55),Male,20700.0,5700,major_purchase,2,12,5,0.3836,1,2,1,Month_5
CUST_100856,51,Working Age (25-55),Male,59100.0,27000,debt_consolidation,0,12,4,0.3339,0,0,1,Month_5
CUST_100857,30,Working Age (25-55),Male,50900.0,23900,debt_consolidation,9,1,4,0.211,0,0,0,Month_5
CUST_100858,44,Working Age (25-55),Male,75500.0,21000,home_improvement,1,16,11,0.3822,1,0,1,Month_5
CUST_100859,29,Working Age (25-55),Female,64000.0,19400,debt_consolidation,4,18,3,0.4521,0,0,0,Month_5
CUST_100860,50,Working Age (25-55),Female,57900.0,25500,credit_card,4,16,9,0.5232,0,0,1,Month_5
CUST_100861,37,Working Age (25-55),Female,119900.0,27100,debt_consolidation,0,14,6,0.4374,0,0,1,Month_5
CUST_100862,54,Working Age (25-55),Female,32400.0,11600,home_improvement,9,20,6,0.2315,0,0,0,Month_5
CUST_100863,40,Working Age (25-55),Female,47600.0,20100,debt_consolidation,5,14,5,0.2082,0,0,0,Month_5
CUST_100864,42,Working Age (25-55),Male,37300.0,12700,credit_card,0,22,4,0.2872,0,2,0,Month_5
CUST_100865,51,Working Age (25-55),Male,39000.0,17700,credit_card,2,17,5,0.4791,0,0,1,Month_5
CUST_100866,38,Working Age (25-55),Male,88700.0,13300,small_business,12,10,4,0.3045,0,0,0,Month_5
CUST_100867,30,Working Age (25-55),Male,59000.0,11000,credit_card,3,10,7,0.3249,0,0,0,Month_5
CUST_100868,37,Working Age (25-55),Female,83500.0,11000,home_improvement,4,9,6,0.557,0,0,1,Month_5
CUST_100869,34,Working Age (25-55),Male,60600.0,7100,credit_card,1,15,9,0.535,0,0,1,Month_5
CUST_100870,42,Working Age (25-55),Male,89600.0,38000,credit_card,9,10,9,0.3543,1,1,1,Month_5
CUST_100871,44,Working Age (25-55),Male,48900.0,22800,small_business,1,13,11,0.5536,0,2,1,Month_5
CUST_100872,34,Working Age (25-55),Male,78300.0,36100,major_purchase,5,19,7,0.4135,0,3,1,Month_5
CUST_100873,20,Young (<25),Female,53100.0,6400,debt_consolidation,1,6,10,0.3606,0,0,0,Month_5
CUST_100874,29,Working Age (25-55),Female,39600.0,7500,home_improvement,1,9,10,0.2415,0,2,0,Month_5
CUST_100875,59,Senior (>55),Male,21900.0,6900,credit_card,2,20,3,0.38,0,1,1,Month_5
CUST_100876,68,Senior (>55),Female,15500.0,4500,debt_consolidation,2,25,5,0.2339,0,0,0,Month_5
CUST_100877,27,Working Age (25-55),Male,31300.0,10400,debt_consolidation,0,6,4,0.3154,0,0,0,Month_5
CUST_100878,42,Working Age (25-55),Male,45500.0,12300,debt_consolidation,0,16,11,0.1863,0,0,0,Month_5
CUST_100879,44,Working Age (25-55),Male,52000.0,23600,credit_card,15,13,7,0.1779,0,0,0,Month_5
CUST_100880,42,Working Age (25-55),Male,41900.0,20700,credit_card,0,17,7,0.14,0,0,0,Month_5
CUST_100881,24,Young (<25),Male,57400.0,12600,credit_card,6,10,9,0.3855,0,0,0,Month_5
CUST_100882,38,Working Age (25-55),Male,39800.0,8100,credit_card,5,13,11,0.3067,0,0,1,Month_5
CUST_100883,46,Working Age (25-55),Male,28300.0,14200,home_improvement,3,15,7,0.2399,0,0,0,Month_5
CUST_100884,40,Working Age (25-55),Male,50100.0,13100,debt_consolidation,2,8,6,0.3832,0,1,1,Month_5
CUST_100885,39,Working Age (25-55),Male,60500.0,20300,debt_consolidation,0,13,4,0.2886,0,0,0,Month_5
CUST_100886,53,Working Age (25-55),Male,28200.0,14100,debt_consolidation,0,13,6,0.2176,0,0,0,Month_5
CUST_100887,69,Senior (>55),Male,90500.0,13100,debt_consolidation,1,28,6,0.1812,0,1,0,Month_5
CUST_100888,19,Young (<25),Female,38400.0,18300,debt_consolidation,1,5,8,0.2497,0,1,1,Month_5
CUST_100889,36,Working Age (25-55),Male,25500.0,9100,home_improvement,0,18,8,0.2437,0,0,0,Month_5
CUST_100890,33,Working Age (25-55),Male,36400.0,19000,debt_consolidation,7,14,4,0.5086,0,0,1,Month_5
CUST_100891,44,Working Age (25-55),Female,80000.0,34800,small_business,13,15,6,0.2976,0,0,0,Month_5
CUST_100892,55,Working Age (25-55),Male,65200.0,33300,credit_card,7,22,8,0.5139,0,2,1,Month_5
CUST_100893,47,Working Age (25-55),Female,47600.0,11700,credit_card,1,15,8,0.3116,0,0,0,Month_5
CUST_100894,27,Working Age (25-55),Male,17000.0,7200,credit_card,1,10,6,0.3227,0,0,0,Month_5
CUST_100895,42,Working Age (25-55),Male,80600.0,22300,credit_card,6,7,6,0.3909,0,0,0,Month_5
CUST_100896,49,Working Age (25-55),Female,48200.0,14300,debt_consolidation,15,16,5,0.2553,0,0,1,Month_5
CUST_100897,48,Working Age (25-55),Male,36900.0,11900,credit_card,3,15,10,0.1819,0,0,0,Month_5
CUST_100898,41,Working Age (25-55),Male,48800.0,16700,debt_consolidation,12,11,7,0.2829,0,0,0,Month_5
CUST_100899,38,Working Age (25-55),Female,21800.0,6900,debt_consolidation,5,12,7,0.2157,0,2,0,Month_5
CUST_100900,26,Working Age (25-55),Male,25800.0,4800,credit_card,8,8,10,0.2856,0,0,0,Month_5
CUST_100901,29,Working Age (25-55),Male,104200.0,13800,home_improvement,10,12,6,0.1925,0,0,0,Month_5
CUST_100902,38,Working Age (25-55),Female,46900.0,14500,credit_card,2,10,18,0.2299,1,0,1,Month_5
CUST_100903,29,Working Age (25-55),Male,44500.0,12000,credit_card,3,12,7,0.4268,0,0,1,Month_5
CUST_100904,37,Working Age (25-55),Male,32300.0,15000,debt_consolidation,3,8,3,0.3529,0,0,1,Month_5
CUST_100905,42,Working Age (25-55),Male,20500.0,5000,debt_consolidation,3,14,12,0.497,1,0,1,Month_5
CUST_100906,47,Working Age (25-55),Male,58300.0,22000,home_improvement,8,17,9,0.2323,0,0,0,Month_5
CUST_100907,54,Working Age (25-55),Male,81500.0,30500,debt_consolidation,11,17,7,0.3122,0,1,1,Month_5
CUST_100908,33,Working Age (25-55),Male,86200.0,10700,home_improvement,9,5,5,0.4036,0,0,0,Month_5
CUST_100909,34,Working Age (25-55),Female,42100.0,20600,debt_consolidation,4,14,4,0.14,0,0,0,Month_5
CUST_100910,25,Working Age (25-55),Male,55000.0,12400,debt_consolidation,4,11,8,0.2199,0,0,0,Month_5
CUST_100911,50,Working Age (25-55),Male,33800.0,13000,debt_consolidation,1,15,3,0.6548,0,0,1,Month_5
CUST_100912,33,Working Age (25-55),Male,18800.0,3000,small_business,15,14,7,0.2067,0,0,0,Month_5
CUST_100913,36,Working Age (25-55),Male,39400.0,13200,home_improvement,5,12,1,0.4797,0,2,1,Month_5
CUST_100914,31,Working Age (25-55),Male,96700.0,27100,credit_card,7,7,9,0.2921,0,0,0,Month_5
CUST_100915,55,Working Age (25-55),Female,48000.0,20500,small_business,30,15,10,0.3521,0,2,0,Month_5
CUST_100916,37,Working Age (25-55),Female,40900.0,7800,debt_consolidation,5,13,6,0.1684,0,3,0,Month_5
CUST_100917,34,Working Age (25-55),Male,53000.0,15100,home_improvement,3,15,4,0.1496,0,1,0,Month_5
CUST_100918,36,Working Age (25-55),Male,28500.0,8300,home_improvement,2,9,5,0.2583,0,0,0,Month_5
CUST_100919,39,Working Age (25-55),Male,36000.0,10600,debt_consolidation,5,14,4,0.5133,0,0,1,Month_5
CUST_100920,36,Working Age (25-55),Female,77100.0,19700,debt_consolidation,7,7,5,0.2691,0,0,0,Month_5
CUST_100921,47,Working Age (25-55),Female,36400.0,6600,debt_consolidation,1,13,11,0.3537,0,0,0,Month_5
CUST_100922,19,Young (<25),Male,68100.0,14700,credit_card,1,6,10,0.2291,0,2,0,Month_5
CUST_100923,34,Working Age (25-55),Male,30400.0,15500,debt_consolidation,4,11,9,0.2802,1,0,1,Month_5
CUST_100924,34,Working Age (25-55),Female,44200.0,22800,home_improvement,2,10,9,0.1923,0,0,0,Month_5
CUST_100925,39,Working Age (25-55),Male,20300.0,3700,credit_card,1,11,8,0.3018,0,3,1,Month_5
CUST_100926,38,Working Age (25-55),Male,23200.0,12000,debt_consolidation,0,15,3,0.1802,0,0,0,Month_5
CUST_100927,29,Working Age (25-55),Male,15500.0,3200,debt_consolidation,3,6,10,0.1719,0,0,0,Month_5
CUST_100928,47,Working Age (25-55),Male,21700.0,5800,credit_card,1,19,6,0.1604,0,0,0,Month_5
CUST_100929,30,Working Age (25-55),Male,21700.0,10100,credit_card,0,12,6,0.3093,1,0,1,Month_5
CUST_100930,25,Working Age (25-55),Female,26700.0,4100,debt_consolidation,5,11,8,0.201,0,0,0,Month_5
CUST_100931,40,Working Age (25-55),Female,45300.0,16600,credit_card,6,12,13,0.3404,0,0,0,Month_5
CUST_100932,21,Young (<25),Female,33400.0,15500,debt_consolidation,0,8,10,0.4967,1,2,1,Month_5
CUST_100933,54,Working Age (25-55),Male,76500.0,14400,debt_consolidation,2,20,6,0.1468,0,0,0,Month_5
CUST_100934,25,Working Age (25-55),Male,74900.0,30500,home_improvement,0,10,11,0.5293,0,2,1,Month_5
CUST_100935,40,Working Age (25-55),Male,61800.0,19900,debt_consolidation,4,12,9,0.2277,0,0,0,Month_5
CUST_100936,33,Working Age (25-55),Female,46600.0,21400,debt_consolidation,0,11,7,0.2173,1,0,1,Month_5
CUST_100937,44,Working Age (25-55),Female,24900.0,12800,home_improvement,1,19,7,0.2181,0,0,0,Month_5
CUST_100938,33,Working Age (25-55),Male,43200.0,11900,debt_consolidation,5,9,9,0.3587,0,0,1,Month_5
CUST_100939,19,Young (<25),Male,15500.0,5700,debt_consolidation,1,7,6,0.5528,1,0,1,Month_5
CUST_100940,42,Working Age (25-55),Female,61700.0,17500,debt_consolidation,8,11,9,0.275,0,0,0,Month_5
CUST_100941,36,Working Age (25-55),Female,29200.0,6400,debt_consolidation,4,12,5,0.3397,0,0,0,Month_5
CUST_100942,43,Working Age (25-55),Female,29100.0,15000,home_improvement,4,16,6,0.4377,0,0,1,Month_5
CUST_100943,59,Senior (>55),Male,44800.0,16600,credit_card,1,15,9,0.14,1,0,0,Month_5
CUST_100944,38,Working Age (25-55),Male,57600.0,24200,home_improvement,10,15,4,0.1971,0,1,0,Month_5
CUST_100945,36,Working Age (25-55),Female,24900.0,3900,debt_consolidation,6,14,4,0.6802,0,0,1,Month_5
CUST_100946,39,Working Age (25-55),Male,45400.0,19000,debt_consolidation,1,12,3,0.2681,0,0,0,Month_5
CUST_100947,32,Working Age (25-55),Male,29900.0,6100,small_business,1,12,4,0.1604,0,0,0,Month_5
CUST_100948,25,Working Age (25-55),Female,27900.0,9800,home_improvement,7,11,12,0.1997,0,0,0,Month_5
CUST_100949,44,Working Age (25-55),Female,41100.0,19300,debt_consolidation,16,13,6,0.1806,0,1,0,Month_5
CUST_100950,37,Working Age (25-55),Female,51600.0,12200,debt_consolidation,0,16,4,0.2949,1,0,1,Month_5
CUST_100951,19,Young (<25),Male,26700.0,12100,debt_consolidation,0,6,6,0.2974,0,0,1,Month_5
CUST_100952,59,Senior (>55),Male,49900.0,9500,debt_consolidation,11,26,3,0.2111,0,0,0,Month_5
CUST_100953,39,Working Age (25-55),Female,54000.0,10500,credit_card,11,7,8,0.14,0,0,0,Month_5
CUST_100954,44,Working Age (25-55),Male,38900.0,10700,credit_card,0,12,9,0.1684,0,2,0,Month_5
CUST_100955,57,Senior (>55),Female,46500.0,15100,small_business,7,20,9,0.2569,0,0,0,Month_5
CUST_100956,36,Working Age (25-55),Male,99100.0,28800,debt_consolidation,0,9,5,0.2918,1,0,1,Month_5
CUST_100957,43,Working Age (25-55),Female,34300.0,5400,major_purchase,1,18,13,0.369,0,0,0,Month_5
CUST_100958,55,Working Age (25-55),Male,35100.0,11600,credit_card,0,20,8,0.2047,0,1,0,Month_5
CUST_100959,33,Working Age (25-55),Female,59800.0,13100,debt_consolidation,5,17,9,0.2799,0,0,0,Month_5
CUST_100960,45,Working Age (25-55),Male,113000.0,20100,debt_consolidation,3,15,1,0.5173,1,2,1,Month_5
CUST_100961,19,Young (<25),Female,60400.0,9300,debt_consolidation,1,7,4,0.4906,1,0,1,Month_5
CUST_100962,44,Working Age (25-55),Male,81400.0,38400,credit_card,15,14,4,0.2871,0,0,0,Month_5
CUST_100963,43,Working Age (25-55),Male,34300.0,5300,medical,9,21,5,0.3777,0,0,0,Month_5
CUST_100964,58,Senior (>55),Male,32600.0,4100,credit_card,3,20,6,0.431,0,0,0,Month_5
CUST_100965,48,Working Age (25-55),Female,27100.0,4400,debt_consolidation,5,14,12,0.3607,0,1,0,Month_5
CUST_100966,19,Young (<25),Male,64200.0,13000,debt_consolidation,0,7,3,0.3738,0,0,0,Month_5
CUST_100967,37,Working Age (25-55),Female,15500.0,4800,debt_consolidation,0,17,5,0.2514,0,0,0,Month_5
CUST_100968,54,Working Age (25-55),Male,70100.0,19200,small_business,1,18,6,0.2788,0,0,0,Month_5
CUST_100969,43,Working Age (25-55),Female,42600.0,20800,credit_card,4,15,2,0.2453,0,2,0,Month_5
CUST_100970,42,Working Age (25-55),Female,45700.0,17900,credit_card,10,9,9,0.3165,0,0,0,Month_5
CUST_100971,44,Working Age (25-55),Male,34800.0,15500,credit_card,2,15,11,0.2495,0,0,0,Month_5
CUST_100972,41,Working Age (25-55),Male,63500.0,16700,credit_card,0,17,7,0.3054,0,0,0,Month_5
CUST_100973,69,Senior (>55),Female,23000.0,9000,debt_consolidation,7,27,10,0.14,0,0,0,Month_5
CUST_100974,32,Working Age (25-55),Female,16300.0,7000,major_purchase,4,10,6,0.1934,0,2,0,Month_5
CUST_100975,49,Working Age (25-55),Male,57300.0,16000,debt_consolidation,4,12,6,0.5258,0,0,1,Month_5
CUST_100976,38,Working Age (25-55),Female,42800.0,8800,credit_card,4,12,10,0.3636,0,1,1,Month_5
CUST_100977,39,Working Age (25-55),Male,99100.0,18700,debt_consolidation,2,10,6,0.3789,0,0,0,Month_5
CUST_100978,26,Working Age (25-55),Male,78900.0,29800,home_improvement,8,6,4,0.404,0,2,1,Month_5
CUST_100979,35,Working Age (25-55),Female,89400.0,21100,debt_consolidation,6,16,5,0.234,0,0,0,Month_5
CUST_100980,54,Working Age (25-55),Male,24000.0,12300,credit_card,2,20,13,0.3897,0,1,1,Month_5
CUST_100981,37,Working Age (25-55),Male,27400.0,13400,debt_consolidation,14,8,10,0.2245,0,0,0,Month_5
CUST_100982,41,Working Age (25-55),Male,54800.0,17300,debt_consolidation,3,16,10,0.4977,0,3,1,Month_5
CUST_100983,54,Working Age (25-55),Male,90700.0,25700,debt_consolidation,7,17,10,0.2432,0,1,0,Month_5
CUST_100984,43,Working Age (25-55),Male,31300.0,9500,debt_consolidation,4,16,10,0.4364,1,0,1,Month_5
CUST_100985,39,Working Age (25-55),Male,30000.0,13500,debt_consolidation,6,14,11,0.2421,0,0,0,Month_5
CUST_100986,43,Working Age (25-55),Male,29800.0,7200,debt_consolidation,3,11,13,0.3315,0,0,0,Month_5
CUST_100987,62,Senior (>55),Female,26700.0,8300,debt_consolidation,5,26,7,0.1854,0,0,0,Month_5
CUST_100988,29,Working Age (25-55),Male,22500.0,5200,debt_consolidation,6,10,9,0.1747,0,0,0,Month_5
CUST_100989,56,Senior (>55),Male,21000.0,7600,credit_card,1,19,7,0.2385,0,0,0,Month_5
CUST_100990,46,Working Age (25-55),Female,54900.0,12700,debt_consolidation,9,17,8,0.3302,0,0,0,Month_5
CUST_100991,23,Young (<25),Female,43000.0,6700,debt_consolidation,0,9,6,0.2973,0,0,0,Month_5
CUST_100992,31,Working Age (25-55),Male,99900.0,28600,debt_consolidation,2,10,6,0.25,0,0,0,Month_5
CUST_100993,52,Working Age (25-55),Female,54800.0,20500,debt_consolidation,4,17,8,0.2378,0,0,0,Month_5
CUST_100994,24,Young (<25),Male,48200.0,21300,home_improvement,5,7,7,0.36,0,0,1,Month_5
CUST_100995,38,Working Age (25-55),Female,120400.0,50000,debt_consolidation,2,13,6,0.2057,0,0,0,Month_5
CUST_100996,43,Working Age (25-55),Male,24500.0,10800,debt_consolidation,4,12,7,0.3581,1,0,1,Month_5
CUST_100997,38,Working Age (25-55),Female,54700.0,27800,debt_consolidation,1,14,6,0.3236,0,0,0,Month_5
CUST_100998,24,Young (<25),Male,78300.0,22800,home_improvement,0,9,4,0.2648,0,0,0,Month_5
CUST_100999,31,Working Age (25-55),Male,17600.0,8000,small_business,6,14,7,0.5355,0,0,1,Month_5
CUST_100000,35,Working Age (25-55),Male,31200.0,6300,major_purchase,3,15,8,0.204,0,0,0,Month_6
CUST_100001,44,Working Age (25-55),Male,72900.0,39000,home_improvement,0,20,10,0.1766,0,1,1,Month_6
CUST_100002,65,Senior (>55),Male,30300.0,9900,credit_card,1,24,5,0.3675,0,0,0,Month_6
CUST_100003,29,Working Age (25-55),Male,32500.0,14100,credit_card,11,14,4,0.495,1,0,1,Month_6
CUST_100004,49,Working Age (25-55),Male,77500.0,34100,credit_card,7,19,6,0.422,0,3,1,Month_6
CUST_100005,42,Working Age (25-55),Male,15000.0,3700,credit_card,2,13,10,0.2927,1,0,1,Month_6
CUST_100006,49,Working Age (25-55),Female,30700.0,4600,debt_consolidation,7,14,6,0.2404,0,0,0,Month_6
CUST_100007,31,Working Age (25-55),Male,68200.0,29500,home_improvement,0,9,5,0.4857,0,0,1,Month_6
CUST_100008,54,Working Age (25-55),Female,21300.0,2800,credit_card,4,17,5,0.2681,0,0,0,Month_6
CUST_100009,46,Working Age (25-55),Female,23800.0,7700,credit_card,14,15,6,0.2654,0,0,0,Month_6
CUST_100010,36,Working Age (25-55),Male,19800.0,8300,credit_card,4,8,14,0.4252,0,0,1,Month_6
CUST_100011,50,Working Age (25-55),Male,32300.0,7700,debt_consolidation,3,15,8,0.4029,0,0,0,Month_6
CUST_100012,41,Working Age (25-55),Female,47800.0,12700,debt_consolidation,22,13,8,0.3435,0,3,0,Month_6
CUST_100013,71,Senior (>55),Female,17400.0,4800,major_purchase,6,20,5,0.4181,1,0,1,Month_6
CUST_100014,57,Senior (>55),Female,30900.0,9400,credit_card,2,17,9,0.2128,0,2,0,Month_6
CUST_100015,54,Working Age (25-55),Male,38400.0,10800,credit_card,1,16,4,0.4238,0,2,1,Month_6
CUST_100016,40,Working Age (25-55),Male,23600.0,6900,debt_consolidation,10,19,11,0.2074,0,2,0,Month_6
CUST_100017,36,Working Age (25-55),Male,102600.0,50000,home_improvement,0,15,8,0.165,0,0,0,Month_6
CUST_100018,46,Working Age (25-55),Female,49500.0,20500,debt_consolidation,6,16,6,0.325,0,0,0,Month_6
CUST_100019,42,Working Age (25-55),Male,78200.0,33100,debt_consolidation,3,14,3,0.2877,0,0,0,Month_6
CUST_100020,20,Young (<25),Female,39500.0,9900,debt_consolidation,2,3,3,0.2637,0,0,0,Month_6
CUST_100021,37,Working Age (25-55),Female,110800.0,29600,debt_consolidation,10,18,9,0.2764,1,0,0,Month_6
CUST_100022,48,Working Age (25-55),Male,47800.0,20900,debt_consolidation,12,17,6,0.5092,0,0,1,Month_6
CUST_100023,40,Working Age (25-55),Male,72400.0,38900,credit_card,2,11,12,0.2912,0,0,0,Month_6
CUST_100024,51,Working Age (25-55),Male,15000.0,5200,debt_consolidation,0,13,6,0.335,0,1,1,Month_6
CUST_100025,33,Working Age (25-55),Male,122300.0,23500,credit_card,0,17,12,0.4195,0,0,0,Month_6
CUST_100026,36,Working Age (25-55),Male,61200.0,30900,major_purchase,2,13,9,0.3154,0,1,1,Month_6
CUST_100027,23,Young (<25),Male,76100.0,33200,debt_consolidation,5,5,6,0.4075,0,1,1,Month_6
CUST_100028,35,Working Age (25-55),Male,53000.0,11200,home_improvement,2,14,8,0.2271,0,0,0,Month_6
CUST_100029,37,Working Age (25-55),Male,55800.0,23000,debt_consolidation,3,18,12,0.3543,0,0,0,Month_6
CUST_100030,38,Working Age (25-55),Male,78200.0,27900,debt_consolidation,3,12,6,0.2953,0,1,0,Month_6
CUST_100031,51,Working Age (25-55),Female,67200.0,31600,medical,5,19,10,0.2182,0,0,0,Month_6
CUST_100032,37,Working Age (25-55),Female,26700.0,11000,credit_card,1,12,8,0.6136,0,0,1,Month_6
CUST_100033,33,Working Age (25-55),Female,58700.0,12500,home_improvement,2,14,5,0.3174,0,0,0,Month_6
CUST_100034,38,Working Age (25-55),Male,130700.0,29100,credit_card,6,14,10,0.315,1,0,0,Month_6
CUST_100035,51,Working Age (25-55),Female,47100.0,20700,medical,3,17,8,0.332,1,0,1,Month_6
CUST_100036,30,Working Age (25-55),Male,36100.0,17800,small_business,10,10,9,0.2397,1,0,0,Month_6
CUST_100037,59,Senior (>55),Female,70000.0,21800,debt_consolidation,2,19,5,0.165,0,0,0,Month_6
CUST_100038,48,Working Age (25-55),Female,64400.0,10100,home_improvement,6,17,6,0.23,1,0,0,Month_6
CUST_100039,29,Working Age (25-55),Male,53900.0,10000,debt_consolidation,3,7,9,0.3155,0,0,0,Month_6
CUST_100040,56,Senior (>55),Male,24800.0,6800,small_business,11,19,8,0.4083,0,1,0,Month_6
CUST_100041,44,Working Age (25-55),Male,19500.0,3600,debt_consolidation,6,14,7,0.5609,0,1,1,Month_6
CUST_100042,42,Working Age (25-55),Female,54300.0,15400,credit_card,5,17,7,0.3647,1,1,1,Month_6
CUST_100043,37,Working Age (25-55),Female,76500.0,21900,major_purchase,1,15,2,0.2852,0,1,0,Month_6
CUST_100044,19,Young (<25),Male,38800.0,8800,debt_consolidation,1,6,9,0.3433,1,0,1,Month_6
CUST_100045,58,Senior (>55),Male,63000.0,20100,credit_card,13,15,5,0.3266,0,0,0,Month_6
CUST_100046,46,Working Age (25-55),Female,38900.0,15600,major_purchase,2,17,12,0.417,0,0,0,Month_6
CUST_100047,38,Working Age (25-55),Male,32000.0,7600,debt_consolidation,3,16,8,0.562,0,0,1,Month_6
CUST_100048,40,Working Age (25-55),Female,37300.0,6600,debt_consolidation,9,11,5,0.3942,0,0,0,Month_6
CUST_100049,45,Working Age (25-55),Female,97100.0,46500,debt_consolidation,0,18,7,0.2821,0,0,0,Month_6
CUST_100050,47,Working Age (25-55),Female,134800.0,50000,debt_consolidation,1,17,12,0.3339,0,2,0,Month_6
CUST_100051,29,Working Age (25-55),Female,22500.0,8300,credit_card,11,7,6,0.2394,0,0,0,Month_6
CUST_100052,19,Young (<25),Female,50300.0,26600,debt_consolidation,0,7,2,0.4016,0,1,1,Month_6
CUST_100053,60,Senior (>55),Female,25200.0,5100,debt_consolidation,0,21,5,0.2198,0,0,0,Month_6
CUST_100054,19,Young (<25),Female,70500.0,28600,debt_consolidation,1,9,9,0.165,0,0,0,Month_6
CUST_100055,35,Working Age (25-55),Male,25200.0,8500,debt_consolidation,9,18,6,0.5955,0,0,1,Month_6
CUST_100056,19,Young (<25),Male,15000.0,5400,credit_card,0,7,9,0.603,1,1,1,Month_6
CUST_100057,46,Working Age (25-55),Female,27900.0,12900,major_purchase,20,16,8,0.2941,0,0,0,Month_6
CUST_100058,21,Young (<25),Female,18100.0,6900,debt_consolidation,2,7,11,0.2441,0,0,0,Month_6
CUST_100059,33,Working Age (25-55),Male,39300.0,9600,debt_consolidation,1,13,6,0.3964,0,1,1,Month_6
CUST_100060,44,Working Age (25-55),Male,31800.0,12100,credit_card,4,9,7,0.2799,0,0,0,Month_6
CUST_100061,35,Working Age (25-55),Female,62000.0,17700,home_improvement,5,13,10,0.4476,0,0,0,Month_6
CUST_100062,38,Working Age (25-55),Female,40300.0,18200,major_purchase,15,18,5,0.4657,0,0,0,Month_6
CUST_100063,52,Working Age (25-55),Female,63900.0,9100,debt_consolidation,1,14,9,0.165,0,0,0,Month_6
CUST_100064,45,Working Age (25-55),Female,34300.0,5500,medical,3,13,8,0.243,0,2,0,Month_6
CUST_100065,33,Working Age (25-55),Male,46600.0,21000,credit_card,1,13,10,0.401,0,0,1,Month_6
CUST_100066,33,Working Age (25-55),Female,54900.0,23200,debt_consolidation,0,6,7,0.2994,0,1,1,Month_6
CUST_100067,32,Working Age (25-55),Female,22500.0,10300,credit_card,0,12,11,0.3108,0,0,0,Month_6
CUST_100068,59,Senior (>55),Female,31400.0,15300,home_improvement,6,17,11,0.4488,0,0,1,Month_6
CUST_100069,19,Young (<25),Male,32900.0,17200,credit_card,0,8,10,0.4126,0,0,1,Month_6
CUST_100070,30,Working Age (25-55),Female,61800.0,9700,credit_card,11,9,8,0.2754,0,0,0,Month_6
CUST_100071,52,Working Age (25-55),Female,29000.0,10700,debt_consolidation,11,17,5,0.384,0,2,0,Month_6
CUST_100072,19,Young (<25),Female,16000.0,6300,debt_consolidation,1,3,9,0.5622,0,0,1,Month_6
CUST_100073,21,Young (<25),Female,46400.0,11700,debt_consolidation,3,12,9,0.3174,1,2,1,Month_6
CUST_100074,33,Working Age (25-55),Female,51600.0,24800,credit_card,12,8,5,0.5382,1,0,1,Month_6
CUST_100075,52,Working Age (25-55),Female,17200.0,4900,credit_card,0,22,6,0.2928,1,1,1,Month_6
CUST_100076,39,Working Age (25-55),Female,30500.0,16400,debt_consolidation,0,12,3,0.233,0,0,0,Month_6
CUST_100077,48,Working Age (25-55),Male,57400.0,10800,debt_consolidation,22,14,11,0.2922,0,1,0,Month_6
CUST_100078,58,Senior (>55),Male,18200.0,6900,major_purchase,20,21,5,0.3675,0,0,0,Month_6
CUST_100079,26,Working Age (25-55),Female,46000.0,16300,debt_consolidation,5,12,9,0.3996,0,2,1,Month_6
CUST_100080,33,Working Age (25-55),Male,29300.0,15400,debt_consolidation,6,10,6,0.5177,0,0,1,Month_6
CUST_100081,21,Young (<25),Male,41600.0,17200,debt_consolidation,3,7,5,0.2726,0,0,0,Month_6
CUST_100082,52,Working Age (25-55),Female,67200.0,19300,medical,2,15,6,0.4415,0,0,0,Month_6
CUST_100083,37,Working Age (25-55),Female,31400.0,8400,debt_consolidation,6,10,6,0.2264,0,1,0,Month_6
CUST_100084,48,Working Age (25-55),Female,31800.0,5200,debt_consolidation,3,15,9,0.2872,0,0,0,Month_6
CUST_100085,21,Young (<25),Female,42700.0,6500,home_improvement,0,8,7,0.3224,1,0,1,Month_6
CUST_100086,33,Working Age (25-55),Male,52500.0,14200,credit_card,0,12,5,0.4098,1,0,1,Month_6
CUST_100087,36,Working Age (25-55),Male,95500.0,37500,major_purchase,9,13,8,0.1752,0,0,0,Month_6
CUST_100088,42,Working Age (25-55),Female,64700.0,23100,credit_card,16,11,4,0.2298,0,0,0,Month_6
CUST_100089,66,Senior (>55),Male,18000.0,8900,credit_card,2,19,11,0.4336,0,2,1,Month_6
CUST_100090,39,Working Age (25-55),Female,62100.0,10500,debt_consolidation,0,10,8,0.3627,0,0,0,Month_6
CUST_100091,42,Working Age (25-55),Male,43600.0,22300,credit_card,7,11,8,0.4938,1,0,1,Month_6
CUST_100092,32,Working Age (25-55),Male,62900.0,19200,credit_card,1,12,8,0.6247,0,0,1,Month_6
CUST_100093,60,Senior (>55),Female,100400.0,44900,small_business,0,22,7,0.3702,0,3,1,Month_6
CUST_100094,43,Working Age (25-55),Male,32400.0,17600,credit_card,6,21,11,0.356,0,0,0,Month_6
CUST_100095,59,Senior (>55),Male,94400.0,45900,major_purchase,0,28,11,0.542,1,0,1,Month_6
CUST_100096,46,Working Age (25-55),Male,43900.0,17900,home_improvement,2,15,14,0.1776,0,1,0,Month_6
CUST_100097,26,Working Age (25-55),Female,15000.0,5800,medical,3,4,8,0.4136,1,2,1,Month_6
CUST_100098,46,Working Age (25-55),Female,26800.0,3900,debt_consolidation,11,9,7,0.3358,0,1,0,Month_6
CUST_100099,38,Working Age (25-55),Male,32600.0,4900,debt_consolidation,5,17,4,0.2147,1,0,0,Month_6
CUST_100100,38,Working Age (25-55),Male,29700.0,11800,credit_card,0,16,6,0.4892,1,0,1,Month_6
CUST_100101,50,Working Age (25-55),Female,47400.0,12000,home_improvement,3,17,4,0.3607,0,0,0,Month_6
CUST_100102,43,Working Age (25-55),Female,51600.0,27100,debt_consolidation,0,10,5,0.3913,0,0,1,Month_6
CUST_100103,19,Young (<25),Female,29400.0,14100,debt_consolidation,0,13,7,0.4439,1,0,1,Month_6
CUST_100104,52,Working Age (25-55),Female,32300.0,5200,small_business,14,19,11,0.3462,0,0,0,Month_6
CUST_100105,33,Working Age (25-55),Female,32100.0,4000,debt_consolidation,8,15,10,0.3547,1,0,0,Month_6
CUST_100106,48,Working Age (25-55),Male,103800.0,50000,debt_consolidation,3,17,9,0.5515,0,0,1,Month_6
CUST_100107,33,Working Age (25-55),Male,25000.0,7500,debt_consolidation,6,12,13,0.3801,0,1,1,Month_6
CUST_100108,48,Working Age (25-55),Female,100500.0,15500,debt_consolidation,8,16,12,0.3516,0,0,0,Month_6
CUST_100109,32,Working Age (25-55),Female,32800.0,10600,debt_consolidation,12,12,7,0.4492,0,0,0,Month_6
CUST_100110,25,Working Age (25-55),Female,25600.0,11700,credit_card,5,8,7,0.4304,0,0,1,Month_6
CUST_100111,42,Working Age (25-55),Male,40000.0,18100,debt_consolidation,19,11,5,0.3102,0,0,0,Month_6
CUST_100112,30,Working Age (25-55),Male,23500.0,7000,major_purchase,4,9,7,0.2249,0,1,1,Month_6
CUST_100113,43,Working Age (25-55),Female,48300.0,11200,small_business,0,16,6,0.259,0,1,0,Month_6
CUST_100114,43,Working Age (25-55),Male,24700.0,12600,debt_consolidation,19,9,3,0.2818,0,0,0,Month_6
CUST_100115,64,Senior (>55),Female,37500.0,11200,medical,2,26,9,0.4024,0,0,0,Month_6
CUST_100116,56,Senior (>55),Male,28600.0,3900,debt_consolidation,5,22,10,0.3153,0,1,0,Month_6
CUST_100117,51,Working Age (25-55),Male,32100.0,13500,small_business,0,19,6,0.6115,1,0,1,Month_6
CUST_100118,26,Working Age (25-55),Male,51200.0,20300,credit_card,0,6,4,0.3666,0,0,1,Month_6
CUST_100119,56,Senior (>55),Male,28000.0,10400,credit_card,3,15,6,0.3675,0,1,1,Month_6
CUST_100120,37,Working Age (25-55),Female,58900.0,21800,debt_consolidation,1,14,10,0.4523,0,0,1,Month_6
CUST_100121,22,Young (<25),Female,29900.0,10400,debt_consolidation,0,2,7,0.2822,0,2,1,Month_6
CUST_100122,31,Working Age (25-55),Male,66200.0,8700,major_purchase,6,8,11,0.4752,0,0,1,Month_6
CUST_100123,48,Working Age (25-55),Female,18500.0,9700,medical,8,20,5,0.4451,0,0,1,Month_6
CUST_100124,40,Working Age (25-55),Male,42500.0,17500,debt_consolidation,10,18,2,0.3786,0,0,0,Month_6
CUST_100125,34,Working Age (25-55),Female,71400.0,28300,debt_consolidation,4,10,5,0.4615,0,2,1,Month_6
CUST_100126,48,Working Age (25-55),Female,59900.0,30200,medical,1,15,8,0.2111,0,2,0,Month_6
CUST_100127,54,Working Age (25-55),Female,67300.0,9400,credit_card,2,20,4,0.1761,1,0,0,Month_6
CUST_100128,40,Working Age (25-55),Male,44300.0,11900,medical,2,13,3,0.4544,0,1,0,Month_6
CUST_100129,48,Working Age (25-55),Male,45100.0,24200,credit_card,0,14,10,0.3385,0,0,0,Month_6
CUST_100130,45,Working Age (25-55),Female,15000.0,8000,debt_consolidation,2,11,6,0.2637,1,0,1,Month_6
CUST_100131,40,Working Age (25-55),Male,28300.0,11200,debt_consolidation,0,11,7,0.3633,0,0,0,Month_6
CUST_100132,32,Working Age (25-55),Male,74400.0,29000,credit_card,0,10,12,0.2118,1,0,0,Month_6
CUST_100133,36,Working Age (25-55),Male,34700.0,16100,credit_card,5,11,6,0.2871,0,0,0,Month_6
CUST_100134,19,Young (<25),Female,78900.0,38600,debt_consolidation,0,6,4,0.4059,0,0,1,Month_6
CUST_100135,60,Senior (>55),Female,78100.0,19500,medical,1,21,5,0.2913,0,0,0,Month_6
CUST_100136,50,Working Age (25-55),Male,32300.0,14600,debt_consolidation,13,19,8,0.3161,0,0,0,Month_6
CUST_100137,28,Working Age (25-55),Male,21800.0,10900,debt_consolidation,6,11,10,0.3105,1,1,1,Month_6
CUST_100138,23,Young (<25),Male,40100.0,19400,medical,5,10,5,0.1771,0,0,0,Month_6
CUST_100139,40,Working Age (25-55),Male,114700.0,49500,debt_consolidation,8,16,1,0.224,0,1,0,Month_6
CUST_100140,58,Senior (>55),Male,44600.0,21700,debt_consolidation,1,22,6,0.198,0,0,1,Month_6
CUST_100141,46,Working Age (25-55),Female,32300.0,16600,debt_consolidation,1,15,6,0.3055,0,0,0,Month_6
CUST_100142,44,Working Age (25-55),Male,18300.0,6300,debt_consolidation,16,16,5,0.5219,0,0,1,Month_6
CUST_100143,30,Working Age (25-55),Male,96000.0,34800,debt_consolidation,1,12,12,0.3768,0,0,0,Month_6
CUST_100144,57,Senior (>55),Female,48800.0,12500,debt_consolidation,4,17,9,0.3145,0,0,0,Month_6
CUST_100145,51,Working Age (25-55),Male,108500.0,48300,debt_consolidation,0,13,5,0.5566,0,0,1,Month_6
CUST_100146,41,Working Age (25-55),Male,28200.0,4700,major_purchase,1,15,5,0.2956,0,0,0,Month_6
CUST_100147,37,Working Age (25-55),Female,17600.0,6300,debt_consolidation,3,13,9,0.5938,1,1,1,Month_6
CUST_100148,30,Working Age (25-55),Male,133100.0,22500,credit_card,9,8,5,0.1972,0,0,0,Month_6
CUST_100149,41,Working Age (25-55),Male,23100.0,4600,debt_consolidation,17,13,8,0.5037,0,0,1,Month_6
CUST_100150,50,Working Age (25-55),Male,25000.0,11200,credit_card,12,21,4,0.2979,0,3,0,Month_6
CUST_100151,46,Working Age (25-55),Male,37000.0,14900,major_purchase,2,14,6,0.5413,0,1,1,Month_6
CUST_100152,32,Working Age (25-55),Male,40200.0,12900,credit_card,5,12,8,0.3025,1,1,1,Month_6
CUST_100153,56,Senior (>55),Male,15000.0,6900,credit_card,4,22,9,0.3034,0,1,0,Month_6
CUST_100154,50,Working Age (25-55),Female,43100.0,19400,debt_consolidation,6,21,5,0.2438,0,0,1,Month_6
CUST_100155,44,Working Age (25-55),Female,42900.0,17100,debt_consolidation,2,16,5,0.3485,0,0,0,Month_6
CUST_100156,64,Senior (>55),Male,18500.0,9600,debt_consolidation,4,23,7,0.3184,0,0,0,Month_6
CUST_100157,31,Working Age (25-55),Male,49400.0,14200,credit_card,1,14,7,0.2471,0,0,0,Month_6
CUST_100158,37,Working Age (25-55),Female,45400.0,17400,debt_consolidation,4,15,8,0.3145,0,0,0,Month_6
CUST_100159,37,Working Age (25-55),Male,68000.0,18600,credit_card,0,16,7,0.4582,1,0,1,Month_6
CUST_100160,37,Working Age (25-55),Female,21300.0,10100,credit_card,4,20,9,0.4389,0,0,0,Month_6
CUST_100161,57,Senior (>55),Female,38100.0,6400,small_business,4,17,7,0.3903,0,0,0,Month_6
CUST_100162,68,Senior (>55),Female,39300.0,12200,debt_consolidation,4,23,9,0.367,0,1,1,Month_6
CUST_100163,33,Working Age (25-55),Male,63000.0,20000,small_business,3,7,8,0.1736,0,1,0,Month_6
CUST_100164,46,Working Age (25-55),Male,101100.0,15400,credit_card,3,15,4,0.3309,0,0,0,Month_6
CUST_100165,38,Working Age (25-55),Female,53800.0,24500,debt_consolidation,6,9,8,0.2301,1,0,1,Month_6
CUST_100166,42,Working Age (25-55),Male,56000.0,24400,major_purchase,2,12,15,0.3155,0,0,0,Month_6
CUST_100167,24,Young (<25),Female,53200.0,24300,major_purchase,4,11,8,0.2207,0,1,0,Month_6
CUST_100168,52,Working Age (25-55),Male,40600.0,22100,medical,3,19,5,0.4219,0,0,1,Month_6
CUST_100169,34,Working Age (25-55),Male,36700.0,9500,credit_card,1,14,6,0.1916,0,0,0,Month_6
CUST_100170,24,Young (<25),Male,104700.0,50000,debt_consolidation,0,10,10,0.4252,0,0,1,Month_6
CUST_100171,42,Working Age (25-55),Female,77700.0,10900,debt_consolidation,1,19,3,0.4192,0,0,0,Month_6
CUST_100172,27,Working Age (25-55),Female,92200.0,48700,credit_card,9,4,12,0.4458,0,0,1,Month_6
CUST_100173,36,Working Age (25-55),Female,55000.0,27700,small_business,8,11,5,0.3185,0,0,0,Month_6
CUST_100174,26,Working Age (25-55),Female,37500.0,11700,debt_consolidation,8,9,10,0.6296,0,0,1,Month_6
CUST_100175,52,Working Age (25-55),Female,41800.0,21100,credit_card,4,17,5,0.5023,0,2,1,Month_6
CUST_100176,21,Young (<25),Female,69400.0,36300,credit_card,1,6,2,0.1714,0,0,0,Month_6
CUST_100177,22,Young (<25),Female,47800.0,22300,home_improvement,1,11,4,0.1921,0,0,0,Month_6
CUST_100178,32,Working Age (25-55),Male,62000.0,28800,small_business,1,14,5,0.4721,0,0,1,Month_6
CUST_100179,25,Working Age (25-55),Male,54000.0,20500,debt_consolidation,4,10,8,0.2055,0,0,1,Month_6
CUST_100180,56,Senior (>55),Male,23600.0,7400,debt_consolidation,0,22,4,0.287,0,0,0,Month_6
CUST_100181,36,Working Age (25-55),Female,59000.0,13800,credit_card,4,13,10,0.2221,0,1,0,Month_6
CUST_100182,31,Working Age (25-55),Male,49700.0,11400,debt_consolidation,2,12,6,0.4374,0,0,0,Month_6
CUST_100183,49,Working Age (25-55),Male,60100.0,20400,debt_consolidation,14,16,11,0.3227,0,0,0,Month_6
CUST_100184,29,Working Age (25-55),Male,74800.0,37400,major_purchase,9,13,3,0.5868,1,1,1,Month_6
CUST_100185,36,Working Age (25-55),Male,56300.0,20400,credit_card,5,13,5,0.4215,0,0,1,Month_6
CUST_100186,57,Senior (>55),Male,63300.0,14600,debt_consolidation,2,18,8,0.317,0,0,0,Month_6
CUST_100187,40,Working Age (25-55),Female,134600.0,50000,debt_consolidation,0,19,8,0.3079,0,1,0,Month_6
CUST_100188,40,Working Age (25-55),Female,95400.0,32200,debt_consolidation,7,10,6,0.2621,0,1,0,Month_6
CUST_100189,54,Working Age (25-55),Male,99500.0,46500,debt_consolidation,14,14,8,0.3626,0,0,0,Month_6
CUST_100190,52,Working Age (25-55),Male,73600.0,24600,small_business,0,14,7,0.2082,1,0,0,Month_6
CUST_100191,49,Working Age (25-55),Male,36400.0,15100,credit_card,0,17,9,0.3395,0,0,0,Month_6
CUST_100192,36,Working Age (25-55),Male,23300.0,6100,major_purchase,4,11,6,0.3367,0,0,0,Month_6
CUST_100193,52,Working Age (25-55),Male,58700.0,13000,credit_card,8,25,13,0.4153,0,1,0,Month_6
CUST_100194,29,Working Age (25-55),Female,37500.0,8200,credit_card,6,8,8,0.5392,0,1,1,Month_6
CUST_100195,36,Working Age (25-55),Male,31700.0,7600,credit_card,0,10,5,0.1793,0,3,1,Month_6
CUST_100196,59,Senior (>55),Female,97800.0,40900,debt_consolidation,7,23,6,0.3045,0,3,0,Month_6
CUST_100197,20,Young (<25),Female,91600.0,33700,debt_consolidation,0,11,3,0.3517,0,0,0,Month_6
CUST_100198,26,Working Age (25-55),Male,38000.0,17300,debt_consolidation,2,8,3,0.2355,0,3,0,Month_6
CUST_100199,44,Working Age (25-55),Female,100000.0,24600,home_improvement,7,11,12,0.2425,1,0,0,Month_6
CUST_100200,37,Working Age (25-55),Female,57800.0,20500,debt_consolidation,5,11,9,0.2284,0,2,0,Month_6
CUST_100201,57,Senior (>55),Male,36000.0,11300,small_business,1,19,6,0.4454,0,0,0,Month_6
CUST_100202,46,Working Age (25-55),Female,32400.0,8100,major_purchase,0,13,5,0.2698,0,0,0,Month_6
CUST_100203,21,Young (<25),Male,27600.0,13700,debt_consolidation,3,8,8,0.4732,0,0,1,Month_6
CUST_100204,28,Working Age (25-55),Male,15000.0,7500,small_business,5,10,7,0.4187,0,0,1,Month_6
CUST_100205,39,Working Age (25-55),Female,60100.0,11600,credit_card,9,12,4,0.3828,0,0,0,Month_6
CUST_100206,33,Working Age (25-55),Female,38400.0,18600,home_improvement,8,11,8,0.3213,0,0,0,Month_6
CUST_100207,68,Senior (>55),Female,70800.0,19000,debt_consolidation,3,27,7,0.3946,1,1,1,Month_6
CUST_100208,66,Senior (>55),Female,18600.0,9200,debt_consolidation,4,22,7,0.337,0,0,0,Month_6
CUST_100209,69,Senior (>55),Female,52100.0,6600,medical,1,24,6,0.5523,0,3,1,Month_6
CUST_100210,40,Working Age (25-55),Female,59600.0,8100,debt_consolidation,1,11,10,0.2967,0,0,0,Month_6
CUST_100211,37,Working Age (25-55),Female,30300.0,7000,credit_card,1,13,9,0.3775,0,0,0,Month_6
CUST_100212,34,Working Age (25-55),Male,76500.0,37300,debt_consolidation,0,13,4,0.5534,0,0,1,Month_6
CUST_100213,20,Young (<25),Male,78400.0,39700,credit_card,2,4,11,0.2873,0,0,1,Month_6
CUST_100214,39,Working Age (25-55),Female,29100.0,4000,home_improvement,0,9,7,0.3639,0,0,0,Month_6
CUST_100215,47,Working Age (25-55),Female,87100.0,37900,credit_card,2,14,10,0.3475,0,0,0,Month_6
CUST_100216,52,Working Age (25-55),Male,19700.0,5800,home_improvement,1,23,7,0.4399,0,0,1,Month_6
CUST_100217,44,Working Age (25-55),Female,61900.0,15700,small_business,0,11,6,0.273,0,0,0,Month_6
CUST_100218,34,Working Age (25-55),Female,41200.0,6900,medical,3,15,9,0.2672,0,2,0,Month_6
CUST_100219,35,Working Age (25-55),Male,52100.0,12300,debt_consolidation,9,13,6,0.4244,0,1,0,Month_6
CUST_100220,40,Working Age (25-55),Female,60500.0,14700,medical,0,14,3,0.2573,0,0,0,Month_6
CUST_100221,39,Working Age (25-55),Male,28500.0,7100,debt_consolidation,1,11,11,0.5847,1,0,1,Month_6
CUST_100222,26,Working Age (25-55),Male,82900.0,12100,small_business,4,1,6,0.4177,0,0,0,Month_6
CUST_100223,29,Working Age (25-55),Female,33500.0,12600,debt_consolidation,0,8,7,0.2301,0,0,0,Month_6
CUST_100224,38,Working Age (25-55),Female,95600.0,19100,credit_card,0,8,14,0.2618,0,0,0,Month_6
CUST_100225,54,Working Age (25-55),Male,46600.0,6000,small_business,3,18,6,0.296,0,0,0,Month_6
CUST_100226,35,Working Age (25-55),Female,88900.0,15100,debt_consolidation,2,16,8,0.1998,0,1,0,Month_6
CUST_100227,34,Working Age (25-55),Female,51700.0,14500,medical,1,14,4,0.1954,0,0,0,Month_6
CUST_100228,46,Working Age (25-55),Male,39400.0,10100,debt_consolidation,2,15,2,0.3056,0,0,0,Month_6
CUST_100229,51,Working Age (25-55),Male,37200.0,13100,debt_consolidation,2,22,9,0.2282,0,0,0,Month_6
CUST_100230,47,Working Age (25-55),Male,28800.0,6600,medical,12,15,5,0.2938,0,0,0,Month_6
CUST_100231,52,Working Age (25-55),Male,45900.0,12700,debt_consolidation,3,14,10,0.2354,0,1,0,Month_6
CUST_100232,49,Working Age (25-55),Female,28300.0,8600,home_improvement,13,19,5,0.2279,0,0,0,Month_6
CUST_100233,52,Working Age (25-55),Male,53400.0,21100,home_improvement,0,22,5,0.2441,0,2,0,Month_6
CUST_100234,28,Working Age (25-55),Female,105600.0,33000,home_improvement,9,2,8,0.3697,0,0,0,Month_6
CUST_100235,37,Working Age (25-55),Male,15800.0,4500,credit_card,0,11,9,0.4499,0,0,1,Month_6
CUST_100236,36,Working Age (25-55),Female,62500.0,22000,major_purchase,7,8,14,0.316,0,0,0,Month_6
CUST_100237,19,Young (<25),Female,18600.0,8800,major_purchase,1,3,9,0.2157,0,0,0,Month_6
CUST_100238,40,Working Age (25-55),Female,47200.0,19000,credit_card,2,13,3,0.3084,1,0,1,Month_6
CUST_100239,28,Working Age (25-55),Female,34400.0,4400,debt_consolidation,3,12,6,0.214,0,0,0,Month_6
CUST_100240,46,Working Age (25-55),Female,25800.0,9100,credit_card,6,12,3,0.3588,0,1,1,Month_6
CUST_100241,30,Working Age (25-55),Male,29900.0,9500,small_business,0,6,12,0.2395,1,0,0,Month_6
CUST_100242,43,Working Age (25-55),Male,60600.0,26200,debt_consolidation,21,16,5,0.5468,1,0,1,Month_6
CUST_100243,39,Working Age (25-55),Female,79900.0,24700,debt_consolidation,3,15,8,0.5314,0,0,1,Month_6
CUST_100244,19,Young (<25),Male,25200.0,3800,credit_card,1,2,10,0.2304,0,2,0,Month_6
CUST_100245,40,Working Age (25-55),Female,21400.0,11500,small_business,6,18,10,0.2297,0,0,0,Month_6
CUST_100246,46,Working Age (25-55),Male,33000.0,8300,credit_card,6,16,6,0.4566,0,0,0,Month_6
CUST_100247,38,Working Age (25-55),Male,27900.0,15200,credit_card,2,11,6,0.2897,0,0,0,Month_6
CUST_100248,28,Working Age (25-55),Female,50800.0,15300,debt_consolidation,10,6,7,0.2192,0,0,0,Month_6
CUST_100249,32,Working Age (25-55),Male,31400.0,9500,debt_consolidation,3,8,11,0.1929,0,1,0,Month_6
CUST_100250,40,Working Age (25-55),Female,48900.0,23400,debt_consolidation,6,14,7,0.2757,0,0,0,Month_6
CUST_100251,51,Working Age (25-55),Female,55900.0,19700,debt_consolidation,11,13,7,0.5517,0,0,1,Month_6
CUST_100252,55,Working Age (25-55),Female,55600.0,14600,debt_consolidation,1,21,7,0.4236,0,2,0,Month_6
CUST_100253,36,Working Age (25-55),Male,88000.0,15100,debt_consolidation,3,14,5,0.2825,0,0,0,Month_6
CUST_100254,50,Working Age (25-55),Female,47100.0,22200,debt_consolidation,0,14,6,0.4762,1,1,1,Month_6
CUST_100255,53,Working Age (25-55),Male,59200.0,27600,home_improvement,8,23,10,0.5237,0,0,1,Month_6
CUST_100256,36,Working Age (25-55),Male,23100.0,7500,major_purchase,0,13,7,0.4811,0,0,1,Month_6
CUST_100257,32,Working Age (25-55),Male,52100.0,18100,small_business,1,10,9,0.433,0,0,1,Month_6
CUST_100258,27,Working Age (25-55),Male,42200.0,16000,debt_consolidation,1,12,12,0.3278,0,0,0,Month_6
CUST_100259,38,Working Age (25-55),Male,38600.0,14600,debt_consolidation,2,16,10,0.2346,0,0,0,Month_6
CUST_100260,35,Working Age (25-55),Male,19500.0,6500,major_purchase,0,8,5,0.4277,0,0,1,Month_6
CUST_100261,29,Working Age (25-55),Male,27100.0,12100,debt_consolidation,0,11,7,0.4401,0,2,1,Month_6
CUST_100262,75,Senior (>55),Male,46000.0,17000,debt_consolidation,9,24,7,0.2114,1,0,0,Month_6
CUST_100263,45,Working Age (25-55),Male,74200.0,13500,debt_consolidation,0,17,6,0.4285,0,1,0,Month_6
CUST_100264,45,Working Age (25-55),Female,23600.0,7800,home_improvement,5,17,6,0.2438,0,0,1,Month_6
CUST_100265,57,Senior (>55),Male,40300.0,7700,credit_card,9,18,7,0.294,0,0,0,Month_6
CUST_100266,21,Young (<25),Male,34100.0,6400,medical,3,5,11,0.4244,0,2,1,Month_6
CUST_100267,45,Working Age (25-55),Male,48300.0,16300,small_business,16,13,6,0.2271,0,0,0,Month_6
CUST_100268,60,Senior (>55),Female,47600.0,13200,credit_card,4,18,8,0.3154,0,0,0,Month_6
CUST_100269,52,Working Age (25-55),Male,73100.0,13500,credit_card,3,24,4,0.2967,0,0,0,Month_6
CUST_100270,28,Working Age (25-55),Female,15000.0,7500,credit_card,0,10,7,0.3127,0,0,0,Month_6
CUST_100271,53,Working Age (25-55),Female,40600.0,5500,major_purchase,4,17,9,0.2466,0,0,0,Month_6
CUST_100272,40,Working Age (25-55),Female,96700.0,46100,small_business,1,15,14,0.4456,0,0,1,Month_6
CUST_100273,68,Senior (>55),Male,37900.0,8700,home_improvement,7,25,6,0.2563,0,1,0,Month_6
CUST_100274,35,Working Age (25-55),Male,37100.0,6800,home_improvement,0,11,4,0.3923,0,1,1,Month_6
CUST_100275,42,Working Age (25-55),Female,52700.0,24000,credit_card,11,14,3,0.3563,1,0,1,Month_6
CUST_100276,43,Working Age (25-55),Female,50400.0,9900,debt_consolidation,0,18,8,0.6774,0,0,1,Month_6
CUST_100277,54,Working Age (25-55),Female,35800.0,8300,debt_consolidation,0,20,6,0.4692,0,0,0,Month_6
CUST_100278,29,Working Age (25-55),Male,185500.0,50000,debt_consolidation,6,12,7,0.2934,0,0,0,Month_6
CUST_100279,30,Working Age (25-55),Male,57100.0,19500,debt_consolidation,1,14,4,0.2909,0,0,1,Month_6
CUST_100280,37,Working Age (25-55),Female,74400.0,37600,debt_consolidation,9,9,5,0.3006,0,2,1,Month_6
CUST_100281,19,Young (<25),Female,101000.0,40900,debt_consolidation,1,12,3,0.4117,0,0,1,Month_6
CUST_100282,36,Working Age (25-55),Female,26600.0,9200,credit_card,0,13,6,0.4492,0,0,1,Month_6
CUST_100283,28,Working Age (25-55),Female,49100.0,15900,debt_consolidation,3,7,4,0.3531,0,2,1,Month_6
CUST_100284,40,Working Age (25-55),Female,24200.0,9200,small_business,3,16,8,0.3619,0,1,1,Month_6
CUST_100285,33,Working Age (25-55),Male,74600.0,38600,credit_card,4,9,8,0.463,0,0,1,Month_6
CUST_100286,56,Senior (>55),Male,32100.0,14200,debt_consolidation,6,19,6,0.497,0,0,1,Month_6
CUST_100287,40,Working Age (25-55),Male,58900.0,32100,credit_card,0,17,4,0.2557,0,0,0,Month_6
CUST_100288,35,Working Age (25-55),Male,41900.0,11700,credit_card,1,11,5,0.3717,1,0,1,Month_6
CUST_100289,44,Working Age (25-55),Male,34000.0,14100,credit_card,0,17,8,0.4567,0,1,1,Month_6
CUST_100290,45,Working Age (25-55),Male,49800.0,20500,debt_consolidation,0,14,8,0.5689,0,0,1,Month_6
CUST_100291,33,Working Age (25-55),Female,89800.0,12300,credit_card,0,9,9,0.4092,0,0,0,Month_6
CUST_100292,19,Young (<25),Male,75700.0,40500,credit_card,1,1,7,0.2946,0,2,1,Month_6
CUST_100293,33,Working Age (25-55),Female,24800.0,5900,credit_card,1,13,12,0.3773,0,0,0,Month_6
CUST_100294,33,Working Age (25-55),Male,15000.0,7800,home_improvement,6,12,5,0.3768,1,0,1,Month_6
CUST_100295,43,Working Age (25-55),Female,56200.0,20600,credit_card,2,15,14,0.3571,0,0,0,Month_6
CUST_100296,42,Working Age (25-55),Male,38000.0,6100,home_improvement,11,21,6,0.3102,1,0,0,Month_6
CUST_100297,40,Working Age (25-55),Female,29300.0,14000,debt_consolidation,4,9,10,0.2419,1,2,1,Month_6
CUST_100298,55,Working Age (25-55),Female,81800.0,25100,debt_consolidation,7,18,8,0.2538,0,0,0,Month_6
CUST_100299,43,Working Age (25-55),Male,25900.0,5300,small_business,9,16,9,0.3554,0,0,0,Month_6
CUST_100300,56,Senior (>55),Female,59600.0,21600,credit_card,1,21,3,0.2469,0,0,0,Month_6
CUST_100301,41,Working Age (25-55),Male,38600.0,13800,home_improvement,3,15,4,0.4875,0,0,1,Month_6
CUST_100302,26,Working Age (25-55),Female,58000.0,22000,debt_consolidation,1,12,4,0.1754,0,0,0,Month_6
CUST_100303,38,Working Age (25-55),Male,15000.0,7200,debt_consolidation,4,10,11,0.3105,1,0,1,Month_6
CUST_100304,20,Young (<25),Female,39300.0,7400,debt_consolidation,0,7,11,0.5185,0,1,1,Month_6
CUST_100305,31,Working Age (25-55),Male,98400.0,23000,credit_card,0,13,7,0.342,0,0,0,Month_6
CUST_100306,46,Working Age (25-55),Female,20900.0,5400,debt_consolidation,8,16,8,0.4007,0,0,0,Month_6
CUST_100307,33,Working Age (25-55),Female,48800.0,24700,debt_consolidation,9,12,5,0.3852,0,0,0,Month_6
CUST_100308,53,Working Age (25-55),Female,52500.0,17300,small_business,8,18,5,0.4874,1,0,1,Month_6
CUST_100309,40,Working Age (25-55),Female,58200.0,14400,major_purchase,3,15,10,0.385,0,0,0,Month_6
CUST_100310,36,Working Age (25-55),Male,17100.0,4100,debt_consolidation,2,10,5,0.4296,0,1,1,Month_6
CUST_100311,64,Senior (>55),Male,24500.0,8400,debt_consolidation,2,26,4,0.3503,0,0,0,Month_6
CUST_100312,71,Senior (>55),Male,55700.0,7600,debt_consolidation,1,23,7,0.3994,0,0,0,Month_6
CUST_100313,55,Working Age (25-55),Male,63200.0,13500,debt_consolidation,17,22,10,0.4463,0,1,0,Month_6
CUST_100314,36,Working Age (25-55),Male,52100.0,23100,medical,10,13,6,0.2459,0,0,0,Month_6
CUST_100315,22,Young (<25),Female,59200.0,7800,home_improvement,4,7,5,0.1846,0,2,0,Month_6
CUST_100316,29,Working Age (25-55),Female,48800.0,15000,credit_card,6,7,8,0.3918,0,0,0,Month_6
CUST_100317,39,Working Age (25-55),Male,64400.0,17500,debt_consolidation,6,10,9,0.3746,0,0,0,Month_6
CUST_100318,37,Working Age (25-55),Female,57800.0,9400,debt_consolidation,0,14,6,0.4427,0,0,1,Month_6
CUST_100319,48,Working Age (25-55),Female,30100.0,6800,credit_card,4,18,9,0.5046,0,0,1,Month_6
CUST_100320,46,Working Age (25-55),Female,27600.0,10400,credit_card,0,18,8,0.4622,1,0,1,Month_6
CUST_100321,46,Working Age (25-55),Female,46800.0,14600,small_business,2,17,6,0.4336,0,0,0,Month_6
CUST_100322,40,Working Age (25-55),Female,66300.0,23200,debt_consolidation,5,13,2,0.4604,0,1,1,Month_6
CUST_100323,34,Working Age (25-55),Female,64200.0,33400,home_improvement,14,11,7,0.4527,0,0,1,Month_6
CUST_100324,28,Working Age (25-55),Female,15000.0,3300,home_improvement,2,11,9,0.2391,1,0,1,Month_6
CUST_100325,37,Working Age (25-55),Male,23000.0,6700,debt_consolidation,2,10,7,0.3733,0,0,0,Month_6
CUST_100326,57,Senior (>55),Male,82700.0,16100,debt_consolidation,30,24,1,0.5403,0,0,1,Month_6
CUST_100327,58,Senior (>55),Female,52700.0,22400,credit_card,0,21,6,0.2874,1,0,1,Month_6
CUST_100328,34,Working Age (25-55),Female,40200.0,20400,debt_consolidation,9,9,6,0.165,0,1,1,Month_6
CUST_100329,57,Senior (>55),Female,16000.0,4800,credit_card,12,24,7,0.5045,0,1,1,Month_6
CUST_100330,44,Working Age (25-55),Male,79400.0,37100,small_business,6,17,13,0.4956,0,0,1,Month_6
CUST_100331,41,Working Age (25-55),Female,45900.0,9500,home_improvement,3,10,10,0.4513,0,0,0,Month_6
CUST_100332,58,Senior (>55),Female,50300.0,15100,debt_consolidation,0,17,7,0.3615,0,0,0,Month_6
CUST_100333,66,Senior (>55),Male,31800.0,7300,debt_consolidation,0,22,4,0.3761,0,2,0,Month_6
CUST_100334,29,Working Age (25-55),Male,48000.0,23800,home_improvement,5,9,6,0.2827,0,0,0,Month_6
CUST_100335,42,Working Age (25-55),Female,43300.0,18600,debt_consolidation,6,12,2,0.552,0,0,1,Month_6
CUST_100336,23,Young (<25),Female,21500.0,4000,home_improvement,0,9,5,0.5238,0,2,1,Month_6
CUST_100337,44,Working Age (25-55),Male,73400.0,30700,small_business,3,16,8,0.4567,1,0,1,Month_6
CUST_100338,69,Senior (>55),Male,15000.0,7600,home_improvement,4,22,9,0.3649,1,1,1,Month_6
CUST_100339,40,Working Age (25-55),Male,35100.0,9400,major_purchase,0,15,4,0.2303,1,0,0,Month_6
CUST_100340,36,Working Age (25-55),Male,177500.0,50000,small_business,0,11,3,0.3163,0,0,0,Month_6
CUST_100341,35,Working Age (25-55),Female,38500.0,12900,home_improvement,0,12,11,0.2596,0,0,0,Month_6
CUST_100342,39,Working Age (25-55),Male,81800.0,21800,debt_consolidation,6,12,3,0.272,0,0,0,Month_6
CUST_100343,45,Working Age (25-55),Male,38100.0,13600,credit_card,8,20,8,0.2153,0,0,0,Month_6
CUST_100344,59,Senior (>55),Male,45900.0,19200,credit_card,1,23,7,0.3249,0,0,0,Month_6
CUST_100345,30,Working Age (25-55),Male,41900.0,11500,credit_card,0,6,5,0.2107,0,0,0,Month_6
CUST_100346,42,Working Age (25-55),Female,88900.0,28600,credit_card,7,14,6,0.3738,0,2,0,Month_6
CUST_100347,20,Young (<25),Female,25300.0,7300,small_business,0,8,3,0.443,0,1,1,Month_6
CUST_100348,46,Working Age (25-55),Female,78100.0,38700,debt_consolidation,10,14,6,0.4741,0,0,1,Month_6
CUST_100349,55,Working Age (25-55),Male,39700.0,7300,small_business,4,17,11,0.4896,1,1,1,Month_6
CUST_100350,37,Working Age (25-55),Female,44100.0,12400,credit_card,3,15,5,0.265,0,0,0,Month_6
CUST_100351,27,Working Age (25-55),Female,75200.0,30100,credit_card,0,8,7,0.2326,0,0,0,Month_6
CUST_100352,44,Working Age (25-55),Female,34500.0,7600,credit_card,7,15,8,0.3762,0,1,0,Month_6
CUST_100353,45,Working Age (25-55),Male,126100.0,50000,credit_card,3,17,11,0.1765,0,0,0,Month_6
CUST_100354,43,Working Age (25-55),Male,107500.0,35700,debt_consolidation,2,9,9,0.3334,0,1,0,Month_6
CUST_100355,56,Senior (>55),Female,78600.0,34000,debt_consolidation,4,18,7,0.2959,0,0,0,Month_6
CUST_100356,22,Young (<25),Male,100200.0,15600,home_improvement,1,7,9,0.2671,0,0,1,Month_6
CUST_100357,32,Working Age (25-55),Female,95800.0,48600,home_improvement,0,15,4,0.27,0,0,0,Month_6
CUST_100358,37,Working Age (25-55),Male,201200.0,50000,debt_consolidation,1,15,9,0.2833,0,0,0,Month_6
CUST_100359,43,Working Age (25-55),Female,51600.0,27900,major_purchase,6,14,7,0.5266,0,0,1,Month_6
CUST_100360,38,Working Age (25-55),Female,77900.0,40700,debt_consolidation,17,13,6,0.2689,0,0,0,Month_6
CUST_100361,55,Working Age (25-55),Male,78300.0,13700,debt_consolidation,3,18,11,0.3933,1,1,1,Month_6
CUST_100362,54,Working Age (25-55),Female,84400.0,16200,home_improvement,0,16,10,0.1912,0,0,0,Month_6
CUST_100363,41,Working Age (25-55),Male,66400.0,26500,debt_consolidation,2,13,7,0.4818,0,0,1,Month_6
CUST_100364,28,Working Age (25-55),Male,34600.0,4800,debt_consolidation,6,7,5,0.3075,0,1,0,Month_6
CUST_100365,21,Young (<25),Male,33300.0,14100,small_business,0,9,6,0.3436,1,2,1,Month_6
CUST_100366,56,Senior (>55),Female,53200.0,22300,major_purchase,4,17,9,0.2951,0,0,0,Month_6
CUST_100367,50,Working Age (25-55),Female,80300.0,33300,debt_consolidation,2,18,4,0.3586,0,0,0,Month_6
CUST_100368,19,Young (<25),Male,15000.0,6700,debt_consolidation,1,11,7,0.2404,0,0,0,Month_6
CUST_100369,67,Senior (>55),Female,31800.0,12100,credit_card,2,27,6,0.258,0,3,0,Month_6
CUST_100370,46,Working Age (25-55),Male,55100.0,24800,credit_card,6,15,7,0.508,1,0,1,Month_6
CUST_100371,42,Working Age (25-55),Female,64200.0,33500,home_improvement,4,9,9,0.2144,0,1,0,Month_6
CUST_100372,40,Working Age (25-55),Male,65300.0,26500,credit_card,4,18,9,0.5124,0,0,1,Month_6
CUST_100373,54,Working Age (25-55),Male,34500.0,13400,debt_consolidation,0,22,8,0.2927,0,0,0,Month_6
CUST_100374,50,Working Age (25-55),Male,22400.0,11400,home_improvement,1,15,5,0.418,0,0,1,Month_6
CUST_100375,42,Working Age (25-55),Female,158900.0,26000,major_purchase,0,13,6,0.349,0,0,0,Month_6
CUST_100376,47,Working Age (25-55),Female,121800.0,50000,medical,18,19,9,0.4319,0,3,0,Month_6
CUST_100377,47,Working Age (25-55),Male,48300.0,11000,credit_card,2,19,7,0.4187,0,0,0,Month_6
CUST_100378,47,Working Age (25-55),Female,29700.0,9600,debt_consolidation,1,18,6,0.3374,0,1,0,Month_6
CUST_100379,20,Young (<25),Female,85400.0,16100,credit_card,0,5,4,0.3976,0,1,1,Month_6
CUST_100380,39,Working Age (25-55),Male,66700.0,29300,debt_consolidation,0,18,1,0.403,0,1,1,Month_6
CUST_100381,53,Working Age (25-55),Female,61000.0,18900,debt_consolidation,6,13,10,0.4549,1,0,1,Month_6
CUST_100382,48,Working Age (25-55),Male,63000.0,31100,debt_consolidation,12,19,10,0.3807,0,0,0,Month_6
CUST_100383,53,Working Age (25-55),Male,133900.0,30400,debt_consolidation,4,14,3,0.2175,0,0,0,Month_6
CUST_100384,48,Working Age (25-55),Female,29000.0,10600,credit_card,3,18,5,0.165,0,0,0,Month_6
CUST_100385,34,Working Age (25-55),Female,32900.0,4900,debt_consolidation,5,6,6,0.3941,0,0,0,Month_6
CUST_100386,62,Senior (>55),Female,57900.0,14600,debt_consolidation,2,21,8,0.551,1,0,1,Month_6
CUST_100387,22,Young (<25),Male,23900.0,9500,debt_consolidation,4,5,5,0.4846,1,0,1,Month_6
CUST_100388,19,Young (<25),Male,15000.0,5200,home_improvement,1,5,5,0.3022,1,0,1,Month_6
CUST_100389,53,Working Age (25-55),Male,46000.0,19200,major_purchase,4,19,2,0.3182,0,0,0,Month_6
CUST_100390,63,Senior (>55),Female,69300.0,23300,credit_card,12,20,9,0.3055,0,0,0,Month_6
CUST_100391,30,Working Age (25-55),Female,38700.0,16800,medical,7,8,8,0.3637,0,0,0,Month_6
CUST_100392,36,Working Age (25-55),Female,42000.0,22900,major_purchase,5,14,7,0.3757,0,1,1,Month_6
CUST_100393,34,Working Age (25-55),Female,55600.0,21800,major_purchase,0,15,6,0.2981,0,1,0,Month_6
CUST_100394,30,Working Age (25-55),Male,46200.0,6600,home_improvement,5,7,3,0.165,0,2,0,Month_6
CUST_100395,30,Working Age (25-55),Female,86000.0,44400,debt_consolidation,3,8,3,0.3022,0,0,0,Month_6
CUST_100396,48,Working Age (25-55),Female,78500.0,19100,credit_card,3,17,5,0.2495,0,0,0,Month_6
CUST_100397,19,Young (<25),Female,32300.0,12500,debt_consolidation,1,10,13,0.3261,0,2,1,Month_6
CUST_100398,47,Working Age (25-55),Female,39100.0,19400,debt_consolidation,12,16,8,0.1732,1,0,0,Month_6
CUST_100399,34,Working Age (25-55),Female,38900.0,15800,debt_consolidation,16,10,6,0.1933,1,0,0,Month_6
CUST_100400,62,Senior (>55),Male,15000.0,2100,credit_card,2,18,7,0.2014,0,2,0,Month_6
CUST_100401,24,Young (<25),Male,63900.0,10400,home_improvement,6,2,9,0.4164,0,0,0,Month_6
CUST_100402,51,Working Age (25-55),Female,45000.0,17400,debt_consolidation,12,12,11,0.165,0,0,1,Month_6
CUST_100403,30,Working Age (25-55),Female,40600.0,10500,credit_card,2,11,5,0.5268,1,2,1,Month_6
CUST_100404,27,Working Age (25-55),Male,53700.0,15300,home_improvement,1,10,12,0.3896,0,0,0,Month_6
CUST_100405,43,Working Age (25-55),Male,51900.0,7800,major_purchase,4,18,6,0.1928,0,1,0,Month_6
CUST_100406,50,Working Age (25-55),Male,15000.0,5300,home_improvement,0,18,8,0.2245,0,2,0,Month_6
CUST_100407,63,Senior (>55),Male,71900.0,8700,credit_card,7,24,5,0.4816,0,1,1,Month_6
CUST_100408,54,Working Age (25-55),Male,37000.0,15100,small_business,10,16,5,0.4748,1,0,1,Month_6
CUST_100409,46,Working Age (25-55),Male,36000.0,5800,home_improvement,2,16,6,0.1872,0,3,0,Month_6
CUST_100410,42,Working Age (25-55),Male,73500.0,23500,credit_card,3,14,6,0.3186,0,0,0,Month_6
CUST_100411,70,Senior (>55),Male,21500.0,10500,debt_consolidation,15,23,8,0.3054,0,0,0,Month_6
CUST_100412,38,Working Age (25-55),Female,43300.0,8400,debt_consolidation,0,11,4,0.2055,0,0,0,Month_6
CUST_100413,40,Working Age (25-55),Male,147000.0,50000,credit_card,6,18,10,0.501,1,0,0,Month_6
CUST_100414,50,Working Age (25-55),Male,83600.0,35900,home_improvement,1,15,10,0.3966,0,2,1,Month_6
CUST_100415,41,Working Age (25-55),Female,55200.0,24500,credit_card,0,15,10,0.4037,0,0,1,Month_6
CUST_100416,46,Working Age (25-55),Male,32300.0,15300,small_business,0,10,13,0.2605,0,0,0,Month_6
CUST_100417,43,Working Age (25-55),Male,55900.0,9400,debt_consolidation,5,21,8,0.4228,0,0,0,Month_6
CUST_100418,37,Working Age (25-55),Male,29800.0,7500,debt_consolidation,16,13,5,0.3785,0,0,0,Month_6
CUST_100419,22,Young (<25),Male,23800.0,4200,home_improvement,4,6,7,0.229,0,0,0,Month_6
CUST_100420,61,Senior (>55),Male,37400.0,15600,home_improvement,13,25,5,0.1708,0,0,0,Month_6
CUST_100421,32,Working Age (25-55),Male,48400.0,20600,home_improvement,0,10,15,0.2366,0,0,0,Month_6
CUST_100422,46,Working Age (25-55),Female,32900.0,8300,credit_card,0,16,9,0.2236,0,0,0,Month_6
CUST_100423,37,Working Age (25-55),Female,99200.0,47800,credit_card,1,9,10,0.4808,0,3,1,Month_6
CUST_100424,67,Senior (>55),Female,75500.0,22400,debt_consolidation,13,21,7,0.3499,1,0,0,Month_6
CUST_100425,60,Senior (>55),Male,39000.0,14800,home_improvement,2,22,8,0.421,0,0,0,Month_6
CUST_100426,67,Senior (>55),Male,21500.0,5400,home_improvement,12,27,4,0.4272,0,0,0,Month_6
CUST_100427,43,Working Age (25-55),Male,21400.0,5500,home_improvement,6,19,9,0.2964,0,0,0,Month_6
CUST_100428,44,Working Age (25-55),Male,32700.0,9200,small_business,5,19,12,0.2534,0,0,0,Month_6
CUST_100429,22,Young (<25),Male,15000.0,7400,debt_consolidation,0,3,6,0.3685,0,0,1,Month_6
CUST_100430,50,Working Age (25-55),Male,44100.0,15600,credit_card,2,20,3,0.382,0,0,0,Month_6
CUST_100431,41,Working Age (25-55),Male,43700.0,8700,credit_card,1,15,9,0.303,0,1,0,Month_6
CUST_100432,19,Young (<25),Male,36500.0,8400,home_improvement,1,3,6,0.3169,0,2,1,Month_6
CUST_100433,42,Working Age (25-55),Female,60100.0,8600,debt_consolidation,4,15,3,0.165,0,0,0,Month_6
CUST_100434,33,Working Age (25-55),Female,51200.0,26300,debt_consolidation,9,11,6,0.224,0,0,0,Month_6
CUST_100435,43,Working Age (25-55),Male,48700.0,18100,debt_consolidation,12,19,10,0.229,1,0,0,Month_6
CUST_100436,40,Working Age (25-55),Male,92600.0,29500,debt_consolidation,21,17,4,0.3523,0,2,0,Month_6
CUST_100437,48,Working Age (25-55),Female,106600.0,20700,home_improvement,3,15,1,0.2988,0,0,0,Month_6
CUST_100438,56,Senior (>55),Female,58200.0,14400,home_improvement,10,20,5,0.2792,0,2,0,Month_6
CUST_100439,32,Working Age (25-55),Female,24300.0,8200,debt_consolidation,8,9,7,0.2708,0,0,0,Month_6
CUST_100440,44,Working Age (25-55),Male,20000.0,8600,credit_card,3,18,10,0.2483,0,0,0,Month_6
CUST_100441,50,Working Age (25-55),Male,67900.0,24300,debt_consolidation,25,16,3,0.2953,0,0,0,Month_6
CUST_100442,58,Senior (>55),Male,38900.0,19800,medical,1,22,7,0.2983,1,0,1,Month_6
CUST_100443,46,Working Age (25-55),Male,24100.0,12300,small_business,3,13,2,0.3893,0,0,1,Month_6
CUST_100444,26,Working Age (25-55),Female,31600.0,8000,debt_consolidation,1,7,14,0.3543,0,1,1,Month_6
CUST_100445,32,Working Age (25-55),Male,46900.0,10100,credit_card,2,10,6,0.3173,0,0,0,Month_6
CUST_100446,49,Working Age (25-55),Female,43600.0,20700,home_improvement,5,16,9,0.5253,0,0,1,Month_6
CUST_100447,27,Working Age (25-55),Female,47500.0,23200,debt_consolidation,0,3,7,0.2743,0,0,0,Month_6
CUST_100448,47,Working Age (25-55),Male,137600.0,31200,debt_consolidation,2,19,6,0.439,0,0,0,Month_6
CUST_100449,43,Working Age (25-55),Male,61900.0,9400,small_business,0,18,7,0.2353,0,0,0,Month_6
CUST_100450,34,Working Age (25-55),Male,25600.0,5000,debt_consolidation,8,9,5,0.3881,0,0,0,Month_6
CUST_100451,38,Working Age (25-55),Female,61900.0,10300,credit_card,0,14,5,0.5617,0,0,1,Month_6
CUST_100452,40,Working Age (25-55),Male,31000.0,14600,small_business,0,10,13,0.4633,0,0,1,Month_6
CUST_100453,46,Working Age (25-55),Male,20400.0,4600,credit_card,4,17,10,0.2106,0,0,0,Month_6
CUST_100454,49,Working Age (25-55),Male,42700.0,11300,debt_consolidation,1,15,9,0.4102,0,0,0,Month_6
CUST_100455,46,Working Age (25-55),Female,40500.0,19800,major_purchase,1,16,13,0.3004,0,1,0,Month_6
CUST_100456,61,Senior (>55),Female,17400.0,2900,home_improvement,3,19,4,0.4325,0,0,0,Month_6
CUST_100457,64,Senior (>55),Female,49000.0,14500,credit_card,0,22,9,0.3159,0,1,0,Month_6
CUST_100458,42,Working Age (25-55),Male,43100.0,16200,debt_consolidation,4,12,8,0.3398,0,1,1,Month_6
CUST_100459,46,Working Age (25-55),Female,30400.0,11900,small_business,0,17,12,0.4742,0,0,1,Month_6
CUST_100460,42,Working Age (25-55),Male,58900.0,9700,debt_consolidation,11,15,13,0.3092,1,1,0,Month_6
CUST_100461,51,Working Age (25-55),Male,15000.0,5800,debt_consolidation,8,22,5,0.4307,0,0,0,Month_6
CUST_100462,51,Working Age (25-55),Female,26800.0,8600,credit_card,0,20,7,0.4975,1,0,1,Month_6
CUST_100463,46,Working Age (25-55),Female,37500.0,6000,debt_consolidation,2,15,5,0.5059,0,0,0,Month_6
CUST_100464,38,Working Age (25-55),Female,89800.0,44800,major_purchase,5,10,5,0.2803,0,0,0,Month_6
CUST_100465,23,Young (<25),Female,35000.0,16900,credit_card,5,5,8,0.3924,0,0,1,Month_6
CUST_100466,44,Working Age (25-55),Male,16400.0,8200,home_improvement,5,17,7,0.2901,0,0,0,Month_6
CUST_100467,64,Senior (>55),Female,37600.0,18300,debt_consolidation,9,25,7,0.1953,0,2,0,Month_6
CUST_100468,26,Working Age (25-55),Male,31400.0,16200,debt_consolidation,2,11,8,0.2389,0,2,0,Month_6
CUST_100469,63,Senior (>55),Male,104900.0,18200,major_purchase,15,21,12,0.3909,0,0,0,Month_6
CUST_100470,34,Working Age (25-55),Male,93200.0,46800,debt_consolidation,5,16,6,0.5623,0,0,1,Month_6
CUST_100471,47,Working Age (25-55),Male,142600.0,24800,home_improvement,5,14,8,0.2472,0,0,0,Month_6
CUST_100472,31,Working Age (25-55),Female,36400.0,18500,debt_consolidation,3,5,5,0.361,0,0,1,Month_6
CUST_100473,41,Working Age (25-55),Male,26300.0,6000,debt_consolidation,0,14,5,0.2386,0,3,0,Month_6
CUST_100474,34,Working Age (25-55),Female,39800.0,11800,debt_consolidation,12,10,5,0.3187,0,1,0,Month_6
CUST_100475,36,Working Age (25-55),Male,50200.0,19100,credit_card,0,17,7,0.2018,0,0,1,Month_6
CUST_100476,25,Working Age (25-55),Female,45500.0,15300,debt_consolidation,4,8,6,0.5995,0,0,0,Month_6
CUST_100477,42,Working Age (25-55),Male,39200.0,9000,debt_consolidation,2,17,7,0.1891,0,2,0,Month_6
CUST_100478,20,Young (<25),Female,121300.0,23200,home_improvement,1,7,6,0.4508,0,0,0,Month_6
CUST_100479,51,Working Age (25-55),Male,63600.0,22400,home_improvement,8,20,8,0.3491,0,0,0,Month_6
CUST_100480,45,Working Age (25-55),Female,104300.0,30700,credit_card,5,13,8,0.4303,0,0,0,Month_6
CUST_100481,49,Working Age (25-55),Female,27900.0,7300,debt_consolidation,3,19,10,0.4292,0,0,0,Month_6
CUST_100482,19,Young (<25),Female,104400.0,50000,debt_consolidation,1,9,6,0.3623,0,0,1,Month_6
CUST_100483,44,Working Age (25-55),Female,18600.0,8300,debt_consolidation,15,12,8,0.4488,0,0,1,Month_6
CUST_100484,66,Senior (>55),Female,38400.0,10100,credit_card,3,24,5,0.445,0,0,0,Month_6
CUST_100485,42,Working Age (25-55),Female,21100.0,5200,small_business,7,18,4,0.2521,0,0,0,Month_6
CUST_100486,26,Working Age (25-55),Female,63300.0,34100,major_purchase,8,9,7,0.2784,0,1,0,Month_6
CUST_100487,37,Working Age (25-55),Female,18500.0,8400,debt_consolidation,1,12,3,0.3349,0,0,0,Month_6
CUST_100488,36,Working Age (25-55),Male,42600.0,17300,debt_consolidation,12,12,10,0.2344,0,0,0,Month_6
CUST_100489,46,Working Age (25-55),Female,42000.0,9100,credit_card,1,15,9,0.165,0,0,0,Month_6
CUST_100490,40,Working Age (25-55),Female,50600.0,10100,debt_consolidation,1,12,5,0.4161,0,0,1,Month_6
CUST_100491,50,Working Age (25-55),Female,35900.0,11900,small_business,4,17,13,0.3929,0,2,1,Month_6
CUST_100492,39,Working Age (25-55),Male,28000.0,14200,debt_consolidation,0,12,6,0.3372,0,0,0,Month_6
CUST_100493,35,Working Age (25-55),Male,74200.0,30100,credit_card,0,13,5,0.4443,0,0,1,Month_6
CUST_100494,35,Working Age (25-55),Female,32300.0,9200,medical,5,12,2,0.4476,0,1,1,Month_6
CUST_100495,32,Working Age (25-55),Female,18500.0,9300,debt_consolidation,14,8,5,0.4923,1,0,1,Month_6
CUST_100496,38,Working Age (25-55),Female,23600.0,12600,medical,11,6,12,0.4351,0,0,1,Month_6
CUST_100497,47,Working Age (25-55),Female,51200.0,6300,home_improvement,2,18,8,0.2095,1,0,0,Month_6
CUST_100498,27,Working Age (25-55),Male,40800.0,17900,debt_consolidation,9,14,7,0.291,0,0,0,Month_6
CUST_100499,38,Working Age (25-55),Male,40500.0,6100,medical,20,15,9,0.1686,0,0,0,Month_6
CUST_100500,47,Working Age (25-55),Female,37900.0,5500,debt_consolidation,5,16,4,0.3682,0,0,0,Month_6
CUST_100501,45,Working Age (25-55),Male,23800.0,10000,debt_consolidation,6,22,3,0.2683,0,0,0,Month_6
CUST_100502,32,Working Age (25-55),Female,52600.0,25500,small_business,1,8,5,0.422,0,1,1,Month_6
CUST_100503,50,Working Age (25-55),Male,30900.0,10100,debt_consolidation,4,16,8,0.2688,0,0,0,Month_6
CUST_100504,48,Working Age (25-55),Male,35900.0,8300,credit_card,6,16,12,0.5115,0,0,1,Month_6
CUST_100505,39,Working Age (25-55),Female,46400.0,21800,major_purchase,0,20,8,0.555,0,0,1,Month_6
CUST_100506,49,Working Age (25-55),Female,21700.0,9200,debt_consolidation,22,19,5,0.2124,0,0,0,Month_6
CUST_100507,35,Working Age (25-55),Female,26900.0,14100,small_business,0,14,10,0.2712,0,2,1,Month_6
CUST_100508,53,Working Age (25-55),Female,47300.0,19500,credit_card,17,20,5,0.2408,0,0,1,Month_6
CUST_100509,48,Working Age (25-55),Female,46900.0,25000,debt_consolidation,0,17,12,0.3612,0,1,1,Month_6
CUST_100510,52,Working Age (25-55),Female,25300.0,4600,credit_card,5,16,7,0.5848,1,0,1,Month_6
CUST_100511,39,Working Age (25-55),Female,89200.0,38100,credit_card,2,13,4,0.5341,0,0,1,Month_6
CUST_100512,48,Working Age (25-55),Female,77200.0,16600,debt_consolidation,0,23,10,0.335,0,1,1,Month_6
CUST_100513,30,Working Age (25-55),Female,64300.0,16300,debt_consolidation,1,17,8,0.2391,0,0,0,Month_6
CUST_100514,46,Working Age (25-55),Male,40800.0,10200,major_purchase,4,15,14,0.2235,0,0,0,Month_6
CUST_100515,57,Senior (>55),Male,111500.0,15400,major_purchase,0,19,6,0.4095,0,0,0,Month_6
CUST_100516,20,Young (<25),Male,34000.0,18200,credit_card,2,1,9,0.2687,0,0,0,Month_6
CUST_100517,54,Working Age (25-55),Female,31100.0,4100,major_purchase,3,19,4,0.3808,0,0,1,Month_6
CUST_100518,36,Working Age (25-55),Female,65700.0,20700,home_improvement,10,14,8,0.4069,0,0,0,Month_6
CUST_100519,46,Working Age (25-55),Female,47900.0,13800,debt_consolidation,10,13,8,0.2783,0,0,0,Month_6
CUST_100520,57,Senior (>55),Male,61000.0,21700,credit_card,13,19,4,0.3194,0,0,0,Month_6
CUST_100521,39,Working Age (25-55),Male,65900.0,25100,credit_card,1,14,7,0.2896,0,1,0,Month_6
CUST_100522,46,Working Age (25-55),Female,34400.0,14000,home_improvement,1,10,3,0.2826,0,0,0,Month_6
CUST_100523,22,Young (<25),Female,115300.0,36100,debt_consolidation,4,3,3,0.2334,0,0,0,Month_6
CUST_100524,21,Young (<25),Male,133000.0,19500,credit_card,3,8,5,0.352,0,1,0,Month_6
CUST_100525,28,Working Age (25-55),Female,21800.0,10600,debt_consolidation,2,9,3,0.3144,0,0,0,Month_6
CUST_100526,52,Working Age (25-55),Male,85100.0,20600,debt_consolidation,3,19,9,0.2695,0,0,0,Month_6
CUST_100527,32,Working Age (25-55),Male,48800.0,20200,debt_consolidation,2,11,11,0.4539,0,2,1,Month_6
CUST_100528,43,Working Age (25-55),Male,38100.0,16800,debt_consolidation,2,15,8,0.3525,1,0,1,Month_6
CUST_100529,26,Working Age (25-55),Male,59500.0,11300,medical,8,9,5,0.165,0,3,0,Month_6
CUST_100530,34,Working Age (25-55),Female,30500.0,8600,debt_consolidation,0,8,8,0.3462,0,0,0,Month_6
CUST_100531,33,Working Age (25-55),Female,24000.0,4700,credit_card,3,11,4,0.4722,0,0,1,Month_6
CUST_100532,32,Working Age (25-55),Female,59600.0,10300,credit_card,5,12,10,0.4591,0,0,0,Month_6
CUST_100533,25,Working Age (25-55),Male,55800.0,9400,debt_consolidation,1,5,8,0.4012,0,0,0,Month_6
CUST_100534,31,Working Age (25-55),Female,59400.0,16500,credit_card,1,9,5,0.406,0,2,1,Month_6
CUST_100535,43,Working Age (25-55),Male,29500.0,5900,credit_card,11,13,7,0.3732,0,0,0,Month_6
CUST_100536,48,Working Age (25-55),Female,45700.0,17900,debt_consolidation,1,14,13,0.1912,0,3,0,Month_6
CUST_100537,48,Working Age (25-55),Female,21900.0,4000,major_purchase,3,21,6,0.3223,0,1,0,Month_6
CUST_100538,35,Working Age (25-55),Female,64600.0,22500,home_improvement,0,10,3,0.5279,0,3,1,Month_6
CUST_100539,49,Working Age (25-55),Male,48300.0,23600,debt_consolidation,12,17,6,0.2524,0,0,0,Month_6
CUST_100540,49,Working Age (25-55),Female,94200.0,16500,home_improvement,1,17,4,0.1678,0,0,0,Month_6
CUST_100541,39,Working Age (25-55),Female,36600.0,5300,credit_card,2,17,4,0.5519,1,0,1,Month_6
CUST_100542,44,Working Age (25-55),Male,80100.0,30000,debt_consolidation,0,19,13,0.2402,0,0,0,Month_6
CUST_100543,41,Working Age (25-55),Male,47400.0,9700,debt_consolidation,10,14,7,0.253,0,0,0,Month_6
CUST_100544,55,Working Age (25-55),Female,18100.0,6800,home_improvement,6,20,5,0.165,0,0,0,Month_6
CUST_100545,40,Working Age (25-55),Female,57300.0,7200,debt_consolidation,1,11,4,0.2322,0,3,0,Month_6
CUST_100546,27,Working Age (25-55),Female,26200.0,7900,debt_consolidation,9,7,5,0.1977,0,1,0,Month_6
CUST_100547,54,Working Age (25-55),Male,45000.0,17000,debt_consolidation,9,15,5,0.237,0,0,0,Month_6
CUST_100548,37,Working Age (25-55),Female,40300.0,20400,credit_card,0,15,7,0.4335,0,0,1,Month_6
CUST_100549,58,Senior (>55),Female,50300.0,15200,small_business,11,19,9,0.23,0,0,0,Month_6
CUST_100550,41,Working Age (25-55),Male,205700.0,50000,debt_consolidation,8,16,7,0.3869,0,0,0,Month_6
CUST_100551,45,Working Age (25-55),Female,123700.0,27500,medical,0,16,7,0.3672,0,0,0,Month_6
CUST_100552,33,Working Age (25-55),Male,36200.0,14600,debt_consolidation,5,14,10,0.3267,1,0,1,Month_6
CUST_100553,30,Working Age (25-55),Female,35100.0,12300,small_business,1,10,7,0.3759,1,1,1,Month_6
CUST_100554,41,Working Age (25-55),Female,52000.0,16400,medical,0,14,10,0.2007,0,1,0,Month_6
CUST_100555,41,Working Age (25-55),Female,46400.0,23100,debt_consolidation,1,17,7,0.1925,1,0,0,Month_6
CUST_100556,51,Working Age (25-55),Male,32300.0,13500,debt_consolidation,11,22,5,0.2189,0,0,0,Month_6
CUST_100557,38,Working Age (25-55),Male,33300.0,17700,debt_consolidation,1,12,7,0.3234,0,0,0,Month_6
CUST_100558,38,Working Age (25-55),Female,43600.0,19700,debt_consolidation,1,14,5,0.2098,0,2,0,Month_6
CUST_100559,48,Working Age (25-55),Male,59200.0,31900,credit_card,7,17,7,0.1825,0,0,0,Month_6
CUST_100560,47,Working Age (25-55),Female,33800.0,6900,debt_consolidation,14,16,6,0.4736,0,0,0,Month_6
CUST_100561,42,Working Age (25-55),Male,98700.0,48100,home_improvement,7,15,8,0.672,0,0,1,Month_6
CUST_100562,46,Working Age (25-55),Female,130100.0,32600,debt_consolidation,1,9,7,0.3336,0,3,0,Month_6
CUST_100563,30,Working Age (25-55),Male,94000.0,38000,debt_consolidation,6,6,11,0.5535,0,0,1,Month_6
CUST_100564,30,Working Age (25-55),Male,160400.0,19900,debt_consolidation,12,13,5,0.4729,0,0,0,Month_6
CUST_100565,46,Working Age (25-55),Male,34600.0,12000,debt_consolidation,3,18,10,0.2932,0,0,1,Month_6
CUST_100566,56,Senior (>55),Female,20300.0,8500,debt_consolidation,1,21,9,0.1956,0,0,0,Month_6
CUST_100567,19,Young (<25),Female,114800.0,15900,credit_card,1,8,5,0.2675,0,0,0,Month_6
CUST_100568,40,Working Age (25-55),Male,132200.0,24100,debt_consolidation,12,9,6,0.2958,1,1,0,Month_6
CUST_100569,44,Working Age (25-55),Female,23100.0,9400,debt_consolidation,8,16,10,0.3553,0,0,0,Month_6
CUST_100570,33,Working Age (25-55),Female,35200.0,12500,home_improvement,4,15,4,0.367,0,0,0,Month_6
CUST_100571,42,Working Age (25-55),Female,39500.0,6500,credit_card,9,6,10,0.2939,0,0,0,Month_6
CUST_100572,27,Working Age (25-55),Female,32900.0,6200,debt_consolidation,9,9,4,0.3554,0,0,0,Month_6
CUST_100573,19,Young (<25),Male,54500.0,16000,debt_consolidation,1,4,7,0.3036,0,0,0,Month_6
CUST_100574,47,Working Age (25-55),Male,43600.0,18000,debt_consolidation,20,15,7,0.2869,0,0,0,Month_6
CUST_100575,46,Working Age (25-55),Male,31600.0,9100,debt_consolidation,0,17,9,0.4491,0,0,1,Month_6
CUST_100576,54,Working Age (25-55),Female,47800.0,12200,debt_consolidation,4,18,7,0.3217,0,0,1,Month_6
CUST_100577,60,Senior (>55),Male,28900.0,15200,home_improvement,7,22,6,0.3723,0,0,0,Month_6
CUST_100578,26,Working Age (25-55),Female,53600.0,19800,credit_card,6,7,5,0.1908,0,0,0,Month_6
CUST_100579,23,Young (<25),Male,61100.0,13800,debt_consolidation,5,7,8,0.4747,0,0,1,Month_6
CUST_100580,34,Working Age (25-55),Male,60200.0,27800,medical,7,11,10,0.2961,0,3,0,Month_6
CUST_100581,19,Young (<25),Female,36100.0,10900,credit_card,1,7,4,0.2801,0,2,0,Month_6
CUST_100582,58,Senior (>55),Female,78500.0,40200,debt_consolidation,0,18,10,0.5255,0,0,1,Month_6
CUST_100583,53,Working Age (25-55),Male,101900.0,25700,debt_consolidation,1,23,9,0.446,0,1,0,Month_6
CUST_100584,39,Working Age (25-55),Male,32900.0,13500,credit_card,0,17,5,0.4539,0,1,0,Month_6
CUST_100585,19,Young (<25),Female,54200.0,9700,credit_card,0,8,4,0.564,0,0,1,Month_6
CUST_100586,43,Working Age (25-55),Male,77100.0,20900,debt_consolidation,9,17,7,0.2753,0,0,0,Month_6
CUST_100587,38,Working Age (25-55),Male,30500.0,10900,debt_consolidation,5,11,5,0.3538,0,0,1,Month_6
CUST_100588,37,Working Age (25-55),Female,60100.0,18200,debt_consolidation,2,7,5,0.5753,0,0,1,Month_6
CUST_100589,41,Working Age (25-55),Female,25400.0,6100,credit_card,7,11,10,0.3144,0,0,0,Month_6
CUST_100590,55,Working Age (25-55),Male,52200.0,25600,credit_card,5,19,5,0.3714,0,0,0,Month_6
CUST_100591,44,Working Age (25-55),Female,97200.0,12000,debt_consolidation,3,12,4,0.4494,0,0,0,Month_6
CUST_100592,26,Working Age (25-55),Male,46600.0,6400,debt_consolidation,0,6,5,0.2293,0,2,0,Month_6
CUST_100593,23,Young (<25),Male,54200.0,14100,debt_consolidation,2,11,5,0.3112,0,2,0,Month_6
CUST_100594,34,Working Age (25-55),Male,91400.0,20700,home_improvement,0,13,13,0.2936,0,0,0,Month_6
CUST_100595,24,Young (<25),Male,111500.0,50000,debt_consolidation,0,11,7,0.3681,0,0,0,Month_6
CUST_100596,22,Young (<25),Female,54800.0,18300,debt_consolidation,4,7,9,0.278,1,1,1,Month_6
CUST_100597,19,Young (<25),Male,30200.0,6700,debt_consolidation,1,8,10,0.2138,0,0,0,Month_6
CUST_100598,36,Working Age (25-55),Male,28800.0,9800,debt_consolidation,0,12,10,0.35,0,0,0,Month_6
CUST_100599,19,Young (<25),Male,66700.0,11000,home_improvement,0,9,9,0.2213,0,0,0,Month_6
CUST_100600,41,Working Age (25-55),Female,30900.0,16400,debt_consolidation,3,11,8,0.3445,0,0,1,Month_6
CUST_100601,37,Working Age (25-55),Female,19500.0,3900,credit_card,19,12,4,0.1904,1,0,0,Month_6
CUST_100602,36,Working Age (25-55),Male,23900.0,4800,debt_consolidation,1,9,1,0.4706,0,0,1,Month_6
CUST_100603,31,Working Age (25-55),Male,15000.0,5400,debt_consolidation,0,9,6,0.3834,0,0,1,Month_6
CUST_100604,33,Working Age (25-55),Female,45400.0,17100,medical,15,10,5,0.4304,0,0,0,Month_6
CUST_100605,45,Working Age (25-55),Female,38600.0,16200,credit_card,2,15,7,0.3794,0,0,1,Month_6
CUST_100606,46,Working Age (25-55),Female,60700.0,32700,debt_consolidation,3,19,5,0.2804,0,1,0,Month_6
CUST_100607,49,Working Age (25-55),Male,26100.0,12700,credit_card,0,19,4,0.3121,0,0,0,Month_6
CUST_100608,48,Working Age (25-55),Female,18000.0,5300,major_purchase,3,15,3,0.2186,0,1,0,Month_6
CUST_100609,32,Working Age (25-55),Female,69500.0,30400,small_business,8,10,6,0.4699,0,0,1,Month_6
CUST_100610,43,Working Age (25-55),Male,44900.0,15200,credit_card,2,20,6,0.4981,1,0,1,Month_6
CUST_100611,41,Working Age (25-55),Female,30800.0,8100,credit_card,3,10,8,0.3724,0,1,1,Month_6
CUST_100612,53,Working Age (25-55),Female,31900.0,8900,debt_consolidation,3,20,8,0.2235,0,1,0,Month_6
CUST_100613,30,Working Age (25-55),Male,86300.0,27900,credit_card,2,8,5,0.285,0,0,0,Month_6
CUST_100614,46,Working Age (25-55),Female,31100.0,9800,debt_consolidation,10,18,9,0.4627,0,0,0,Month_6
CUST_100615,42,Working Age (25-55),Male,92900.0,22500,debt_consolidation,3,17,8,0.4512,0,0,0,Month_6
CUST_100616,40,Working Age (25-55),Female,121700.0,47500,major_purchase,15,13,7,0.1755,0,0,0,Month_6
CUST_100617,47,Working Age (25-55),Male,57800.0,18400,credit_card,5,15,10,0.226,0,3,0,Month_6
CUST_100618,19,Young (<25),Male,27700.0,11900,debt_consolidation,1,2,8,0.5714,0,0,1,Month_6
CUST_100619,48,Working Age (25-55),Male,71700.0,24400,home_improvement,12,20,5,0.3027,0,0,0,Month_6
CUST_100620,38,Working Age (25-55),Male,33800.0,7300,small_business,0,14,6,0.4134,0,0,0,Month_6
CUST_100621,46,Working Age (25-55),Female,31000.0,11800,debt_consolidation,8,16,9,0.4077,0,0,1,Month_6
CUST_100622,33,Working Age (25-55),Male,31100.0,6300,debt_consolidation,0,8,8,0.1992,0,0,0,Month_6
CUST_100623,47,Working Age (25-55),Female,50200.0,7800,home_improvement,2,16,4,0.1731,0,0,0,Month_6
CUST_100624,47,Working Age (25-55),Female,68300.0,16300,small_business,3,15,5,0.4845,0,0,0,Month_6
CUST_100625,33,Working Age (25-55),Female,75400.0,18900,medical,1,9,6,0.3673,0,1,0,Month_6
CUST_100626,52,Working Age (25-55),Female,33600.0,10200,home_improvement,1,18,6,0.2919,1,0,1,Month_6
CUST_100627,48,Working Age (25-55),Male,30100.0,6300,debt_consolidation,19,22,4,0.3593,0,0,0,Month_6
CUST_100628,44,Working Age (25-55),Male,30700.0,5900,credit_card,1,10,8,0.3378,0,0,0,Month_6
CUST_100629,35,Working Age (25-55),Male,23800.0,6400,home_improvement,1,8,6,0.2833,0,0,0,Month_6
CUST_100630,45,Working Age (25-55),Female,74900.0,38600,debt_consolidation,1,13,5,0.3529,0,2,1,Month_6
CUST_100631,38,Working Age (25-55),Male,69400.0,11000,debt_consolidation,3,12,11,0.4396,0,0,0,Month_6
CUST_100632,35,Working Age (25-55),Female,34900.0,6800,debt_consolidation,17,9,7,0.3007,0,1,0,Month_6
CUST_100633,40,Working Age (25-55),Male,38600.0,19600,home_improvement,2,13,7,0.4135,0,0,1,Month_6
CUST_100634,52,Working Age (25-55),Female,44800.0,8300,debt_consolidation,2,20,4,0.2232,0,3,0,Month_6
CUST_100635,38,Working Age (25-55),Female,22600.0,11000,credit_card,5,9,5,0.4727,0,0,1,Month_6
CUST_100636,42,Working Age (25-55),Male,32200.0,11600,small_business,1,16,7,0.2456,0,0,0,Month_6
CUST_100637,36,Working Age (25-55),Female,28200.0,4900,credit_card,5,13,10,0.3377,0,0,0,Month_6
CUST_100638,40,Working Age (25-55),Female,74500.0,9400,home_improvement,6,10,7,0.209,0,0,0,Month_6
CUST_100639,49,Working Age (25-55),Female,32200.0,7800,debt_consolidation,6,15,5,0.5291,1,0,1,Month_6
CUST_100640,19,Young (<25),Male,46600.0,24300,credit_card,0,11,7,0.1981,0,1,0,Month_6
CUST_100641,41,Working Age (25-55),Male,33700.0,12000,small_business,7,16,6,0.4117,0,0,0,Month_6
CUST_100642,38,Working Age (25-55),Male,33800.0,16400,credit_card,0,12,7,0.1865,0,0,0,Month_6
CUST_100643,46,Working Age (25-55),Female,39100.0,13100,debt_consolidation,5,18,7,0.2656,0,0,0,Month_6
CUST_100644,33,Working Age (25-55),Male,76100.0,14700,debt_consolidation,5,9,3,0.6326,0,1,1,Month_6
CUST_100645,30,Working Age (25-55),Female,51400.0,9000,credit_card,4,11,4,0.3947,0,0,1,Month_6
CUST_100646,73,Senior (>55),Male,19700.0,4400,debt_consolidation,0,26,8,0.3779,0,0,0,Month_6
CUST_100647,32,Working Age (25-55),Female,50700.0,15900,credit_card,2,9,8,0.2966,0,0,0,Month_6
CUST_100648,34,Working Age (25-55),Male,54300.0,21400,credit_card,16,10,6,0.2624,0,0,0,Month_6
CUST_100649,42,Working Age (25-55),Female,86300.0,25000,major_purchase,1,9,9,0.3361,1,1,1,Month_6
CUST_100650,53,Working Age (25-55),Female,65700.0,10800,debt_consolidation,17,21,5,0.2469,0,0,0,Month_6
CUST_100651,29,Working Age (25-55),Female,18300.0,2500,credit_card,0,7,7,0.4333,0,0,0,Month_6
CUST_100652,51,Working Age (25-55),Female,82400.0,41100,credit_card,7,19,9,0.325,0,0,1,Month_6
CUST_100653,38,Working Age (25-55),Male,102200.0,27200,debt_consolidation,2,13,10,0.3367,0,0,0,Month_6
CUST_100654,53,Working Age (25-55),Female,68300.0,32000,credit_card,3,18,9,0.2025,1,0,0,Month_6
CUST_100655,25,Working Age (25-55),Female,45400.0,14700,medical,1,9,5,0.2745,0,0,0,Month_6
CUST_100656,52,Working Age (25-55),Female,42000.0,19500,debt_consolidation,6,11,9,0.277,0,0,0,Month_6
CUST_100657,51,Working Age (25-55),Female,25600.0,8600,home_improvement,4,18,7,0.3213,0,0,0,Month_6
CUST_100658,29,Working Age (25-55),Male,67200.0,32500,debt_consolidation,3,8,3,0.4596,0,0,1,Month_6
CUST_100659,48,Working Age (25-55),Male,65900.0,20700,debt_consolidation,1,21,11,0.2653,0,1,0,Month_6
CUST_100660,49,Working Age (25-55),Male,34600.0,9700,debt_consolidation,7,19,8,0.2941,0,0,0,Month_6
CUST_100661,45,Working Age (25-55),Female,53600.0,24300,home_improvement,15,14,7,0.1997,1,0,0,Month_6
CUST_100662,44,Working Age (25-55),Male,36800.0,15800,credit_card,3,13,4,0.1711,0,0,0,Month_6
CUST_100663,51,Working Age (25-55),Male,178400.0,36200,credit_card,17,20,9,0.2553,0,0,0,Month_6
CUST_100664,63,Senior (>55),Female,36900.0,19600,debt_consolidation,2,24,12,0.459,0,0,1,Month_6
CUST_100665,52,Working Age (25-55),Male,21700.0,6600,home_improvement,1,22,7,0.3007,0,1,0,Month_6
CUST_100666,27,Working Age (25-55),Female,52600.0,11600,debt_consolidation,0,13,10,0.285,1,1,1,Month_6
CUST_100667,24,Young (<25),Female,64400.0,16900,debt_consolidation,6,3,11,0.3236,0,0,0,Month_6
CUST_100668,38,Working Age (25-55),Male,87000.0,22900,home_improvement,20,16,9,0.6644,1,0,1,Month_6
CUST_100669,54,Working Age (25-55),Male,20500.0,7000,debt_consolidation,10,23,3,0.4657,0,1,1,Month_6
CUST_100670,48,Working Age (25-55),Male,52600.0,28300,credit_card,0,16,4,0.4472,0,1,1,Month_6
CUST_100671,52,Working Age (25-55),Male,45100.0,8200,debt_consolidation,5,11,8,0.2532,0,0,0,Month_6
CUST_100672,37,Working Age (25-55),Male,32900.0,5400,debt_consolidation,7,12,5,0.2578,0,0,0,Month_6
CUST_100673,44,Working Age (25-55),Female,61000.0,30700,debt_consolidation,3,19,15,0.3072,0,0,0,Month_6
CUST_100674,19,Young (<25),Female,24500.0,10600,debt_consolidation,1,6,11,0.4924,1,1,1,Month_6
CUST_100675,45,Working Age (25-55),Female,41000.0,10200,credit_card,1,17,11,0.3575,0,0,0,Month_6
CUST_100676,55,Working Age (25-55),Male,37000.0,15800,debt_consolidation,7,19,7,0.3691,0,0,0,Month_6
CUST_100677,42,Working Age (25-55),Male,53500.0,9900,credit_card,0,18,3,0.4707,1,0,1,Month_6
CUST_100678,46,Working Age (25-55),Female,25200.0,12100,small_business,4,17,4,0.3571,0,0,0,Month_6
CUST_100679,51,Working Age (25-55),Male,22200.0,4600,major_purchase,4,15,9,0.4195,0,0,0,Month_6
CUST_100680,42,Working Age (25-55),Female,65900.0,24100,debt_consolidation,1,21,6,0.3164,0,0,0,Month_6
CUST_100681,41,Working Age (25-55),Male,41200.0,12200,debt_consolidation,0,15,8,0.4116,1,1,1,Month_6
CUST_100682,19,Young (<25),Female,26500.0,4800,credit_card,1,1,7,0.3849,0,0,1,Month_6
CUST_100683,25,Working Age (25-55),Male,73500.0,15000,debt_consolidation,1,9,10,0.4755,0,0,1,Month_6
CUST_100684,28,Working Age (25-55),Male,54100.0,10600,credit_card,7,11,11,0.366,0,0,0,Month_6
CUST_100685,45,Working Age (25-55),Male,36300.0,4500,home_improvement,2,14,9,0.3079,1,0,0,Month_6
CUST_100686,52,Working Age (25-55),Male,54900.0,7300,major_purchase,1,18,4,0.3825,0,0,0,Month_6
CUST_100687,60,Senior (>55),Female,65700.0,24200,major_purchase,0,22,6,0.3196,0,2,0,Month_6
CUST_100688,31,Working Age (25-55),Female,35700.0,17800,debt_consolidation,0,13,9,0.4725,0,0,1,Month_6
CUST_100689,56,Senior (>55),Male,35900.0,9600,credit_card,8,20,12,0.2444,0,1,0,Month_6
CUST_100690,48,Working Age (25-55),Male,54800.0,9000,credit_card,4,20,6,0.4328,0,0,0,Month_6
CUST_100691,57,Senior (>55),Female,61300.0,27400,debt_consolidation,1,15,8,0.214,0,1,0,Month_6
CUST_100692,33,Working Age (25-55),Male,75200.0,30600,medical,1,7,11,0.2149,0,0,0,Month_6
CUST_100693,32,Working Age (25-55),Male,39800.0,12100,credit_card,2,8,8,0.5407,0,0,1,Month_6
CUST_100694,43,Working Age (25-55),Female,46400.0,16700,debt_consolidation,1,17,10,0.5337,0,0,1,Month_6
CUST_100695,29,Working Age (25-55),Female,98400.0,27200,debt_consolidation,3,14,8,0.3583,0,2,0,Month_6
CUST_100696,50,Working Age (25-55),Female,109300.0,50000,small_business,3,21,4,0.5108,0,0,1,Month_6
CUST_100697,64,Senior (>55),Male,118500.0,22200,debt_consolidation,1,26,5,0.37,0,0,0,Month_6
CUST_100698,39,Working Age (25-55),Male,72400.0,10700,small_business,4,11,6,0.2353,0,0,0,Month_6
CUST_100699,30,Working Age (25-55),Female,49300.0,10300,debt_consolidation,0,13,7,0.3801,0,0,0,Month_6
CUST_100700,45,Working Age (25-55),Female,46200.0,6700,small_business,11,14,6,0.4753,0,0,0,Month_6
CUST_100701,44,Working Age (25-55),Female,110500.0,48000,small_business,4,15,6,0.298,0,2,0,Month_6
CUST_100702,25,Working Age (25-55),Female,48600.0,6900,credit_card,3,5,8,0.2934,0,0,1,Month_6
CUST_100703,43,Working Age (25-55),Female,94900.0,47500,credit_card,8,18,8,0.3435,0,2,0,Month_6
CUST_100704,48,Working Age (25-55),Female,69600.0,35400,major_purchase,5,14,8,0.504,0,0,1,Month_6
CUST_100705,43,Working Age (25-55),Male,58100.0,24300,small_business,1,13,4,0.383,0,0,0,Month_6
CUST_100706,49,Working Age (25-55),Male,71500.0,33900,major_purchase,1,15,9,0.3078,0,0,0,Month_6
CUST_100707,34,Working Age (25-55),Female,38200.0,13600,credit_card,2,14,4,0.232,0,0,0,Month_6
CUST_100708,49,Working Age (25-55),Male,47700.0,16200,debt_consolidation,0,9,2,0.3623,0,0,0,Month_6
CUST_100709,55,Working Age (25-55),Female,51500.0,16800,debt_consolidation,0,21,9,0.4018,0,0,0,Month_6
CUST_100710,46,Working Age (25-55),Female,51200.0,6900,home_improvement,0,12,3,0.4022,0,1,0,Month_6
CUST_100711,42,Working Age (25-55),Male,15000.0,7400,home_improvement,4,14,4,0.3799,0,0,0,Month_6
CUST_100712,22,Young (<25),Female,60400.0,7400,debt_consolidation,0,4,10,0.2902,0,0,0,Month_6
CUST_100713,38,Working Age (25-55),Female,111500.0,27000,major_purchase,0,13,8,0.3537,1,0,0,Month_6
CUST_100714,34,Working Age (25-55),Male,21700.0,6200,debt_consolidation,1,15,7,0.3086,1,0,1,Month_6
CUST_100715,21,Young (<25),Male,93600.0,19600,home_improvement,3,1,6,0.3028,0,1,0,Month_6
CUST_100716,39,Working Age (25-55),Female,71100.0,17700,credit_card,7,6,10,0.2587,0,0,0,Month_6
CUST_100717,38,Working Age (25-55),Male,46000.0,16700,major_purchase,5,12,7,0.2741,0,0,0,Month_6
CUST_100718,44,Working Age (25-55),Male,24100.0,9600,debt_consolidation,0,16,3,0.2831,0,0,0,Month_6
CUST_100719,51,Working Age (25-55),Male,24600.0,7700,credit_card,7,15,11,0.2665,0,0,0,Month_6
CUST_100720,38,Working Age (25-55),Male,16600.0,8300,credit_card,3,16,6,0.388,0,0,0,Month_6
CUST_100721,39,Working Age (25-55),Female,68000.0,29000,debt_consolidation,9,9,10,0.2632,0,0,0,Month_6
CUST_100722,25,Working Age (25-55),Female,60900.0,21900,home_improvement,1,6,9,0.2924,0,3,1,Month_6
CUST_100723,30,Working Age (25-55),Female,49800.0,18500,major_purchase,8,11,7,0.2615,0,2,0,Month_6
CUST_100724,25,Working Age (25-55),Female,74700.0,39400,major_purchase,3,7,6,0.3426,0,1,1,Month_6
CUST_100725,42,Working Age (25-55),Female,48800.0,24800,home_improvement,4,15,6,0.2042,0,0,0,Month_6
CUST_100726,50,Working Age (25-55),Male,44000.0,6600,debt_consolidation,0,23,3,0.4238,1,0,1,Month_6
CUST_100727,19,Young (<25),Female,68700.0,26200,credit_card,1,9,5,0.4976,0,0,1,Month_6
CUST_100728,36,Working Age (25-55),Female,72800.0,31600,credit_card,0,4,2,0.2881,1,0,1,Month_6
CUST_100729,45,Working Age (25-55),Male,57800.0,17000,debt_consolidation,3,19,8,0.3545,0,0,0,Month_6
CUST_100730,52,Working Age (25-55),Female,34200.0,17400,debt_consolidation,5,18,3,0.1767,1,0,0,Month_6
CUST_100731,54,Working Age (25-55),Female,70500.0,17400,debt_consolidation,11,17,9,0.5835,1,0,1,Month_6
CUST_100732,75,Senior (>55),Male,91400.0,44400,debt_consolidation,0,32,5,0.3157,0,0,0,Month_6
CUST_100733,32,Working Age (25-55),Female,39200.0,12700,debt_consolidation,3,8,6,0.3829,0,3,1,Month_6
CUST_100734,44,Working Age (25-55),Male,54400.0,21300,credit_card,0,14,9,0.1961,0,0,0,Month_6
CUST_100735,49,Working Age (25-55),Female,47100.0,14100,debt_consolidation,0,14,11,0.498,0,0,1,Month_6
CUST_100736,37,Working Age (25-55),Female,45500.0,22500,credit_card,10,15,7,0.3274,0,0,0,Month_6
CUST_100737,40,Working Age (25-55),Male,38500.0,13700,credit_card,3,12,9,0.3183,0,0,0,Month_6
CUST_100738,57,Senior (>55),Female,39800.0,5600,credit_card,17,18,11,0.3778,0,0,0,Month_6
CUST_100739,46,Working Age (25-55),Female,46100.0,11300,major_purchase,0,19,11,0.3909,1,0,1,Month_6
CUST_100740,32,Working Age (25-55),Male,63000.0,26900,credit_card,0,10,5,0.3147,0,0,0,Month_6
CUST_100741,31,Working Age (25-55),Female,90300.0,17600,debt_consolidation,5,14,6,0.2061,0,2,0,Month_6
CUST_100742,47,Working Age (25-55),Male,28000.0,9200,debt_consolidation,11,15,8,0.165,0,0,0,Month_6
CUST_100743,35,Working Age (25-55),Male,31200.0,10600,debt_consolidation,2,13,7,0.432,0,1,1,Month_6
CUST_100744,32,Working Age (25-55),Female,44400.0,15400,debt_consolidation,10,12,9,0.3256,0,0,0,Month_6
CUST_100745,65,Senior (>55),Female,46500.0,18500,credit_card,2,18,5,0.5013,1,0,1,Month_6
CUST_100746,40,Working Age (25-55),Male,16300.0,7400,debt_consolidation,2,14,5,0.3227,1,0,1,Month_6
CUST_100747,22,Young (<25),Male,25300.0,8600,debt_consolidation,4,9,5,0.165,0,0,0,Month_6
CUST_100748,51,Working Age (25-55),Female,32300.0,4600,credit_card,3,16,8,0.3749,0,0,0,Month_6
CUST_100749,23,Young (<25),Female,33700.0,6100,small_business,1,7,7,0.4007,0,0,1,Month_6
CUST_100750,20,Young (<25),Female,63400.0,9700,debt_consolidation,2,4,4,0.3262,0,0,0,Month_6
CUST_100751,31,Working Age (25-55),Female,36400.0,6100,home_improvement,5,8,7,0.3434,0,0,0,Month_6
CUST_100752,46,Working Age (25-55),Male,76600.0,11600,debt_consolidation,6,17,10,0.2743,0,2,0,Month_6
CUST_100753,29,Working Age (25-55),Female,42900.0,16800,small_business,2,6,5,0.2536,1,0,1,Month_6
CUST_100754,38,Working Age (25-55),Female,21900.0,8500,credit_card,0,13,9,0.3682,0,0,0,Month_6
CUST_100755,47,Working Age (25-55),Female,95900.0,31600,debt_consolidation,0,11,3,0.3079,0,1,0,Month_6
CUST_100756,35,Working Age (25-55),Female,33600.0,9000,home_improvement,8,12,7,0.3843,0,2,0,Month_6
CUST_100757,41,Working Age (25-55),Male,27900.0,10000,debt_consolidation,2,15,4,0.647,0,2,1,Month_6
CUST_100758,22,Young (<25),Male,71400.0,31800,debt_consolidation,4,8,4,0.2662,0,0,0,Month_6
CUST_100759,44,Working Age (25-55),Male,94900.0,35200,debt_consolidation,1,13,3,0.3755,0,0,0,Month_6
CUST_100760,65,Senior (>55),Female,68600.0,11400,debt_consolidation,0,23,10,0.2247,1,0,0,Month_6
CUST_100761,28,Working Age (25-55),Male,24100.0,8100,debt_consolidation,1,6,8,0.226,1,0,1,Month_6
CUST_100762,56,Senior (>55),Male,72100.0,35100,debt_consolidation,1,19,5,0.4364,0,0,1,Month_6
CUST_100763,26,Working Age (25-55),Female,82600.0,40800,credit_card,1,7,4,0.2381,0,0,0,Month_6
CUST_100764,28,Working Age (25-55),Male,60100.0,10300,debt_consolidation,2,9,5,0.2865,1,0,0,Month_6
CUST_100765,66,Senior (>55),Male,39400.0,15600,credit_card,0,27,10,0.6721,0,0,1,Month_6
CUST_100766,36,Working Age (25-55),Female,19500.0,2500,debt_consolidation,8,13,3,0.4652,1,0,1,Month_6
CUST_100767,50,Working Age (25-55),Male,47600.0,11600,small_business,6,17,8,0.4272,0,2,1,Month_6
CUST_100768,46,Working Age (25-55),Female,43000.0,14100,medical,8,14,9,0.3132,0,0,0,Month_6
CUST_100769,44,Working Age (25-55),Female,31800.0,9800,debt_consolidation,1,19,4,0.3247,0,0,0,Month_6
CUST_100770,50,Working Age (25-55),Male,29900.0,8500,debt_consolidation,0,18,5,0.3722,0,0,0,Month_6
CUST_100771,58,Senior (>55),Male,61500.0,13900,credit_card,1,18,11,0.2827,0,0,0,Month_6
CUST_100772,46,Working Age (25-55),Female,37500.0,11000,debt_consolidation,4,11,9,0.4314,0,0,0,Month_6
CUST_100773,29,Working Age (25-55),Female,63400.0,16500,debt_consolidation,1,7,7,0.2521,0,0,0,Month_6
CUST_100774,40,Working Age (25-55),Female,26400.0,9400,home_improvement,3,16,7,0.605,1,0,1,Month_6
CUST_100775,32,Working Age (25-55),Female,49300.0,8500,credit_card,12,8,4,0.2495,1,0,0,Month_6
CUST_100776,40,Working Age (25-55),Female,27600.0,6100,small_business,0,15,4,0.5196,0,1,1,Month_6
CUST_100777,51,Working Age (25-55),Male,71400.0,35800,major_purchase,9,17,5,0.2481,1,0,0,Month_6
CUST_100778,48,Working Age (25-55),Male,47400.0,21800,debt_consolidation,7,19,6,0.2125,0,1,1,Month_6
CUST_100779,40,Working Age (25-55),Female,54500.0,15000,debt_consolidation,0,14,8,0.2354,0,1,0,Month_6
CUST_100780,30,Working Age (25-55),Female,40500.0,17200,credit_card,1,10,9,0.2493,1,0,1,Month_6
CUST_100781,26,Working Age (25-55),Female,43200.0,13000,home_improvement,3,8,7,0.4386,1,3,0,Month_6
CUST_100782,29,Working Age (25-55),Female,24800.0,6300,credit_card,2,7,7,0.3147,0,0,0,Month_6
CUST_100783,37,Working Age (25-55),Female,28000.0,9500,debt_consolidation,11,8,6,0.5003,1,0,1,Month_6
CUST_100784,19,Young (<25),Male,34600.0,18000,home_improvement,1,3,9,0.2614,0,2,1,Month_6
CUST_100785,21,Young (<25),Male,17200.0,9000,credit_card,3,7,6,0.3362,0,0,0,Month_6
CUST_100786,29,Working Age (25-55),Male,78400.0,42600,debt_consolidation,10,6,8,0.2332,0,0,0,Month_6
CUST_100787,34,Working Age (25-55),Male,43400.0,12100,medical,4,9,7,0.3757,0,0,0,Month_6
CUST_100788,19,Young (<25),Female,37800.0,9000,debt_consolidation,1,6,4,0.1805,0,0,0,Month_6
CUST_100789,49,Working Age (25-55),Male,64800.0,8400,credit_card,10,13,8,0.2778,0,0,0,Month_6
CUST_100790,30,Working Age (25-55),Female,60200.0,8900,debt_consolidation,0,7,3,0.2722,1,0,0,Month_6
CUST_100791,33,Working Age (25-55),Male,25700.0,11100,small_business,8,18,6,0.4168,0,1,1,Month_6
CUST_100792,54,Working Age (25-55),Male,82000.0,34200,small_business,2,18,8,0.3493,0,0,1,Month_6
CUST_100793,32,Working Age (25-55),Male,60000.0,27200,debt_consolidation,2,9,8,0.2517,1,1,1,Month_6
CUST_100794,33,Working Age (25-55),Female,36000.0,6500,debt_consolidation,13,12,3,0.5524,1,0,1,Month_6
CUST_100795,50,Working Age (25-55),Female,40300.0,15500,credit_card,0,16,9,0.2968,1,0,1,Month_6
CUST_100796,50,Working Age (25-55),Male,18200.0,8600,credit_card,1,16,7,0.2041,1,0,0,Month_6
CUST_100797,48,Working Age (25-55),Female,63900.0,26900,debt_consolidation,0,16,9,0.2588,0,0,0,Month_6
CUST_100798,42,Working Age (25-55),Male,62000.0,24400,credit_card,2,13,3,0.1752,0,3,0,Month_6
CUST_100799,25,Working Age (25-55),Male,38400.0,10000,debt_consolidation,7,7,9,0.3731,0,1,1,Month_6
CUST_100800,51,Working Age (25-55),Male,26200.0,6300,debt_consolidation,1,16,9,0.3981,0,0,0,Month_6
CUST_100801,44,Working Age (25-55),Male,54700.0,15700,debt_consolidation,0,18,4,0.5206,1,0,1,Month_6
CUST_100802,45,Working Age (25-55),Male,15000.0,5600,credit_card,1,18,8,0.3095,0,0,0,Month_6
CUST_100803,37,Working Age (25-55),Female,64400.0,11600,major_purchase,2,15,7,0.3237,0,0,0,Month_6
CUST_100804,33,Working Age (25-55),Male,15000.0,2100,debt_consolidation,13,13,11,0.4856,0,0,1,Month_6
CUST_100805,40,Working Age (25-55),Female,76400.0,22300,debt_consolidation,4,12,4,0.2413,0,0,0,Month_6
CUST_100806,28,Working Age (25-55),Male,26900.0,3800,debt_consolidation,10,9,8,0.4751,0,0,0,Month_6
CUST_100807,44,Working Age (25-55),Male,60300.0,20400,debt_consolidation,0,20,3,0.3198,0,0,0,Month_6
CUST_100808,48,Working Age (25-55),Male,67800.0,16300,major_purchase,3,14,8,0.3185,1,0,0,Month_6
CUST_100809,54,Working Age (25-55),Male,24200.0,6000,credit_card,6,16,9,0.418,1,1,1,Month_6
CUST_100810,29,Working Age (25-55),Female,29900.0,12700,debt_consolidation,1,10,6,0.3892,0,2,1,Month_6
CUST_100811,45,Working Age (25-55),Female,31900.0,7800,debt_consolidation,0,11,9,0.4207,0,3,1,Month_6
CUST_100812,32,Working Age (25-55),Female,94400.0,44000,debt_consolidation,4,16,6,0.2164,0,0,0,Month_6
CUST_100813,48,Working Age (25-55),Female,57800.0,14000,credit_card,23,15,3,0.3533,0,0,0,Month_6
CUST_100814,24,Young (<25),Female,43600.0,21500,debt_consolidation,5,12,10,0.363,0,0,0,Month_6
CUST_100815,41,Working Age (25-55),Male,46700.0,24600,small_business,9,9,8,0.5298,1,0,1,Month_6
CUST_100816,28,Working Age (25-55),Male,63300.0,29700,debt_consolidation,2,7,4,0.3117,0,2,1,Month_6
CUST_100817,32,Working Age (25-55),Male,61000.0,13100,credit_card,1,2,8,0.2435,0,0,0,Month_6
CUST_100818,46,Working Age (25-55),Female,43600.0,22100,credit_card,0,14,4,0.4233,0,0,1,Month_6
CUST_100819,50,Working Age (25-55),Male,56500.0,28700,medical,5,17,6,0.3735,0,0,0,Month_6
CUST_100820,45,Working Age (25-55),Female,101500.0,34900,credit_card,4,13,4,0.3626,1,0,1,Month_6
CUST_100821,38,Working Age (25-55),Male,35200.0,15000,major_purchase,2,19,6,0.2611,0,1,0,Month_6
CUST_100822,53,Working Age (25-55),Female,16900.0,6200,major_purchase,9,18,8,0.4425,0,3,1,Month_6
CUST_100823,21,Young (<25),Male,44100.0,15900,home_improvement,3,3,9,0.2771,1,0,1,Month_6
CUST_100824,50,Working Age (25-55),Male,45500.0,11500,debt_consolidation,2,14,7,0.3331,0,3,0,Month_6
CUST_100825,38,Working Age (25-55),Male,24100.0,12600,credit_card,3,16,3,0.3002,0,0,0,Month_6
CUST_100826,23,Young (<25),Female,23100.0,3500,debt_consolidation,1,8,3,0.3906,0,0,0,Month_6
CUST_100827,42,Working Age (25-55),Male,102500.0,21800,debt_consolidation,0,13,7,0.2941,0,0,0,Month_6
CUST_100828,40,Working Age (25-55),Male,123100.0,35200,debt_consolidation,6,14,11,0.5837,0,3,1,Month_6
CUST_100829,19,Young (<25),Male,48600.0,25600,debt_consolidation,1,3,1,0.243,0,1,1,Month_6
CUST_100830,27,Working Age (25-55),Female,36200.0,15200,debt_consolidation,1,8,6,0.2968,0,0,0,Month_6
CUST_100831,23,Young (<25),Male,168600.0,37400,debt_consolidation,0,7,5,0.4335,0,1,0,Month_6
CUST_100832,37,Working Age (25-55),Female,140800.0,50000,credit_card,15,14,3,0.5219,0,1,1,Month_6
CUST_100833,19,Young (<25),Male,24000.0,11800,credit_card,1,2,8,0.3928,0,1,1,Month_6
CUST_100834,31,Working Age (25-55),Male,75700.0,10600,credit_card,5,13,8,0.3468,0,1,0,Month_6
CUST_100835,55,Working Age (25-55),Male,51600.0,10500,major_purchase,0,20,12,0.6989,1,0,1,Month_6
CUST_100836,39,Working Age (25-55),Male,23100.0,5800,debt_consolidation,5,14,4,0.3688,0,0,0,Month_6
CUST_100837,41,Working Age (25-55),Male,17000.0,8100,credit_card,1,10,8,0.344,0,0,1,Month_6
CUST_100838,31,Working Age (25-55),Female,85600.0,22100,debt_consolidation,3,9,6,0.293,0,0,0,Month_6
CUST_100839,58,Senior (>55),Male,33200.0,16100,debt_consolidation,3,20,6,0.388,0,2,1,Month_6
CUST_100840,31,Working Age (25-55),Male,75300.0,30700,debt_consolidation,2,9,4,0.3273,0,0,0,Month_6
CUST_100841,49,Working Age (25-55),Female,51600.0,11600,major_purchase,6,18,10,0.422,0,0,0,Month_6
CUST_100842,19,Young (<25),Female,48400.0,26200,credit_card,0,1,7,0.1949,0,0,0,Month_6
CUST_100843,19,Young (<25),Male,41500.0,20900,debt_consolidation,1,9,4,0.2466,0,1,0,Month_6
CUST_100844,67,Senior (>55),Female,31400.0,15300,debt_consolidation,8,27,4,0.5724,1,0,1,Month_6
CUST_100845,39,Working Age (25-55),Female,88100.0,36200,debt_consolidation,5,12,10,0.2919,0,1,0,Month_6
CUST_100846,44,Working Age (25-55),Male,18100.0,8900,credit_card,8,11,10,0.1806,0,0,0,Month_6
CUST_100847,40,Working Age (25-55),Female,95500.0,36200,credit_card,2,13,12,0.1935,0,0,0,Month_6
CUST_100848,34,Working Age (25-55),Female,37100.0,11500,debt_consolidation,0,14,7,0.3739,0,0,0,Month_6
CUST_100849,29,Working Age (25-55),Female,42900.0,12600,small_business,2,12,8,0.3196,1,0,1,Month_6
CUST_100850,39,Working Age (25-55),Female,97400.0,39800,credit_card,12,11,14,0.2488,0,0,0,Month_6
CUST_100851,34,Working Age (25-55),Male,58200.0,20100,small_business,0,4,8,0.2829,0,0,0,Month_6
CUST_100852,28,Working Age (25-55),Female,32800.0,7800,major_purchase,5,12,10,0.165,0,0,0,Month_6
CUST_100853,28,Working Age (25-55),Male,85800.0,12000,home_improvement,1,11,3,0.1846,0,2,0,Month_6
CUST_100854,28,Working Age (25-55),Female,40700.0,13300,home_improvement,5,12,8,0.4192,0,0,1,Month_6
CUST_100855,61,Senior (>55),Male,30900.0,16000,major_purchase,4,21,12,0.3085,0,0,0,Month_6
CUST_100856,42,Working Age (25-55),Male,62500.0,10100,credit_card,1,11,3,0.2794,0,0,0,Month_6
CUST_100857,46,Working Age (25-55),Female,83700.0,38700,credit_card,0,13,6,0.2986,0,0,0,Month_6
CUST_100858,35,Working Age (25-55),Female,45100.0,5900,credit_card,1,12,6,0.1748,1,0,0,Month_6
CUST_100859,40,Working Age (25-55),Male,35700.0,12700,credit_card,0,20,12,0.3486,0,1,0,Month_6
CUST_100860,19,Young (<25),Female,101700.0,23700,debt_consolidation,1,5,4,0.2323,0,0,0,Month_6
CUST_100861,46,Working Age (25-55),Male,20100.0,3800,debt_consolidation,11,14,5,0.3183,0,0,0,Month_6
CUST_100862,48,Working Age (25-55),Female,55400.0,23700,credit_card,5,18,13,0.3333,1,2,1,Month_6
CUST_100863,36,Working Age (25-55),Male,59100.0,9700,debt_consolidation,0,7,6,0.3256,1,0,1,Month_6
CUST_100864,36,Working Age (25-55),Male,15000.0,7600,credit_card,2,6,4,0.2247,0,1,0,Month_6
CUST_100865,52,Working Age (25-55),Male,18600.0,5100,debt_consolidation,4,19,7,0.4272,0,0,0,Month_6
CUST_100866,19,Young (<25),Female,15000.0,4700,home_improvement,0,7,7,0.4161,0,0,1,Month_6
CUST_100867,27,Working Age (25-55),Male,59800.0,30700,credit_card,0,8,8,0.2345,0,1,1,Month_6
CUST_100868,42,Working Age (25-55),Male,86800.0,23700,small_business,0,19,5,0.3982,0,1,0,Month_6
CUST_100869,49,Working Age (25-55),Female,34000.0,4900,major_purchase,5,21,9,0.5008,1,1,1,Month_6
CUST_100870,28,Working Age (25-55),Female,24000.0,3800,credit_card,1,8,11,0.2381,0,0,0,Month_6
CUST_100871,49,Working Age (25-55),Female,88900.0,14100,home_improvement,2,20,5,0.2958,0,1,0,Month_6
CUST_100872,52,Working Age (25-55),Male,22900.0,11100,major_purchase,1,20,9,0.4717,0,0,1,Month_6
CUST_100873,44,Working Age (25-55),Male,15000.0,2600,credit_card,0,13,3,0.3223,0,0,0,Month_6
CUST_100874,50,Working Age (25-55),Female,58100.0,22300,debt_consolidation,0,19,14,0.2375,0,1,1,Month_6
CUST_100875,26,Working Age (25-55),Male,47600.0,11100,credit_card,6,6,4,0.302,1,0,1,Month_6
CUST_100876,49,Working Age (25-55),Female,28000.0,4800,debt_consolidation,3,24,8,0.3448,0,1,0,Month_6
CUST_100877,36,Working Age (25-55),Female,88300.0,20100,credit_card,6,13,6,0.2143,0,1,0,Month_6
CUST_100878,43,Working Age (25-55),Male,27000.0,12500,small_business,5,13,10,0.3139,0,0,0,Month_6
CUST_100879,42,Working Age (25-55),Male,66500.0,12700,debt_consolidation,3,15,4,0.5362,0,0,1,Month_6
CUST_100880,33,Working Age (25-55),Male,60000.0,31800,debt_consolidation,13,13,13,0.2467,0,2,0,Month_6
CUST_100881,34,Working Age (25-55),Male,59600.0,13400,medical,4,17,3,0.2019,0,3,0,Month_6
CUST_100882,34,Working Age (25-55),Male,51900.0,22100,small_business,8,18,5,0.2997,0,0,1,Month_6
CUST_100883,40,Working Age (25-55),Male,25000.0,5600,debt_consolidation,3,5,8,0.3295,0,0,0,Month_6
CUST_100884,31,Working Age (25-55),Female,79900.0,10600,credit_card,1,13,9,0.3761,0,3,0,Month_6
CUST_100885,49,Working Age (25-55),Male,132900.0,44400,credit_card,4,12,8,0.4281,0,1,1,Month_6
CUST_100886,36,Working Age (25-55),Male,56000.0,27100,credit_card,10,17,10,0.3478,1,1,1,Month_6
CUST_100887,20,Young (<25),Male,40800.0,22100,debt_consolidation,2,5,5,0.2698,0,0,0,Month_6
CUST_100888,58,Senior (>55),Female,41100.0,9300,debt_consolidation,4,17,9,0.3044,0,0,0,Month_6
CUST_100889,19,Young (<25),Male,87900.0,25700,credit_card,1,9,7,0.3492,0,1,0,Month_6
CUST_100890,49,Working Age (25-55),Male,38300.0,10400,debt_consolidation,7,18,8,0.3773,1,0,1,Month_6
CUST_100891,38,Working Age (25-55),Female,22400.0,7200,small_business,7,12,2,0.5743,0,0,1,Month_6
CUST_100892,61,Senior (>55),Female,32500.0,15000,credit_card,3,28,7,0.5283,1,0,1,Month_6
CUST_100893,56,Senior (>55),Male,60400.0,16100,credit_card,9,25,9,0.225,0,1,0,Month_6
CUST_100894,48,Working Age (25-55),Male,36400.0,18500,home_improvement,0,15,6,0.2831,0,0,0,Month_6
CUST_100895,36,Working Age (25-55),Female,42200.0,16300,credit_card,0,8,10,0.4047,0,0,1,Month_6
CUST_100896,27,Working Age (25-55),Male,41600.0,15900,small_business,3,7,8,0.292,0,0,0,Month_6
CUST_100897,45,Working Age (25-55),Female,29400.0,13000,debt_consolidation,0,17,7,0.2875,0,3,0,Month_6
CUST_100898,41,Working Age (25-55),Female,46400.0,16600,small_business,9,13,4,0.18,0,0,0,Month_6
CUST_100899,33,Working Age (25-55),Male,47600.0,21100,medical,3,11,10,0.3885,0,0,1,Month_6
CUST_100900,36,Working Age (25-55),Male,42500.0,8900,home_improvement,0,14,8,0.5006,0,0,1,Month_6
CUST_100901,44,Working Age (25-55),Female,144900.0,21700,home_improvement,5,14,10,0.4572,0,0,1,Month_6
CUST_100902,23,Young (<25),Female,15000.0,4200,small_business,5,8,4,0.3498,1,1,1,Month_6
CUST_100903,50,Working Age (25-55),Female,15200.0,4600,major_purchase,1,22,11,0.3799,0,0,0,Month_6
CUST_100904,48,Working Age (25-55),Male,16300.0,7300,small_business,2,15,6,0.166,0,0,0,Month_6
CUST_100905,47,Working Age (25-55),Male,49300.0,26300,debt_consolidation,0,14,7,0.2547,0,0,0,Month_6
CUST_100906,64,Senior (>55),Male,50500.0,13000,debt_consolidation,0,20,4,0.367,1,0,0,Month_6
CUST_100907,64,Senior (>55),Male,81300.0,42500,debt_consolidation,13,20,5,0.2914,1,1,1,Month_6
CUST_100908,35,Working Age (25-55),Male,36100.0,10800,medical,5,12,11,0.4614,0,0,1,Month_6
CUST_100909,59,Senior (>55),Male,60600.0,22500,home_improvement,11,23,7,0.317,0,0,0,Month_6
CUST_100910,44,Working Age (25-55),Female,28700.0,7500,credit_card,8,17,5,0.6167,1,3,1,Month_6
CUST_100911,47,Working Age (25-55),Male,21400.0,3200,credit_card,0,18,2,0.3293,0,1,0,Month_6
CUST_100912,29,Working Age (25-55),Male,20800.0,8700,credit_card,5,12,12,0.337,0,0,0,Month_6
CUST_100913,44,Working Age (25-55),Male,54300.0,20900,debt_consolidation,4,17,7,0.2156,0,0,0,Month_6
CUST_100914,61,Senior (>55),Male,24600.0,9000,small_business,0,13,3,0.3735,0,0,0,Month_6
CUST_100915,32,Working Age (25-55),Male,15000.0,4500,debt_consolidation,3,12,8,0.4574,0,1,1,Month_6
CUST_100916,40,Working Age (25-55),Male,51600.0,10400,credit_card,8,13,8,0.2409,0,0,0,Month_6
CUST_100917,51,Working Age (25-55),Male,29400.0,11700,credit_card,11,14,4,0.4226,0,0,0,Month_6
CUST_100918,39,Working Age (25-55),Female,212400.0,50000,credit_card,0,13,10,0.3108,0,0,0,Month_6
CUST_100919,31,Working Age (25-55),Male,27100.0,9900,credit_card,3,9,8,0.1999,0,3,0,Month_6
CUST_100920,61,Senior (>55),Female,49400.0,13500,debt_consolidation,0,23,6,0.4778,0,0,0,Month_6
CUST_100921,25,Working Age (25-55),Female,57600.0,27700,debt_consolidation,1,12,3,0.4145,0,0,1,Month_6
CUST_100922,41,Working Age (25-55),Female,26900.0,11000,medical,4,13,7,0.4679,1,0,1,Month_6
CUST_100923,65,Senior (>55),Female,99400.0,16900,credit_card,1,21,8,0.4211,0,0,1,Month_6
CUST_100924,40,Working Age (25-55),Male,37400.0,13300,home_improvement,3,18,11,0.2092,0,1,0,Month_6
CUST_100925,55,Working Age (25-55),Female,102400.0,15700,home_improvement,4,20,7,0.5223,1,0,1,Month_6
CUST_100926,48,Working Age (25-55),Male,24000.0,7600,credit_card,9,13,6,0.2611,0,0,0,Month_6
CUST_100927,44,Working Age (25-55),Male,26300.0,9600,debt_consolidation,1,21,4,0.2093,0,0,0,Month_6
CUST_100928,28,Working Age (25-55),Female,18600.0,9200,debt_consolidation,7,4,6,0.2537,0,1,0,Month_6
CUST_100929,52,Working Age (25-55),Male,72400.0,31600,debt_consolidation,6,19,2,0.4135,0,0,0,Month_6
CUST_100930,59,Senior (>55),Female,48300.0,7200,debt_consolidation,2,17,5,0.3476,0,0,0,Month_6
CUST_100931,56,Senior (>55),Female,21900.0,11700,credit_card,1,21,6,0.2224,0,0,0,Month_6
CUST_100932,36,Working Age (25-55),Female,52400.0,15800,debt_consolidation,7,13,3,0.4315,0,1,1,Month_6
CUST_100933,29,Working Age (25-55),Female,60700.0,25100,debt_consolidation,3,13,12,0.3018,1,0,1,Month_6
CUST_100934,42,Working Age (25-55),Female,29700.0,8900,debt_consolidation,4,10,9,0.3014,0,0,0,Month_6
CUST_100935,48,Working Age (25-55),Female,57600.0,10900,debt_consolidation,2,16,8,0.2516,0,1,0,Month_6
CUST_100936,38,Working Age (25-55),Female,33400.0,13700,home_improvement,2,14,6,0.3072,0,0,0,Month_6
CUST_100937,22,Young (<25),Male,75500.0,27900,debt_consolidation,2,6,6,0.3461,0,0,0,Month_6
CUST_100938,47,Working Age (25-55),Male,38400.0,6600,major_purchase,6,17,6,0.3396,0,0,0,Month_6
CUST_100939,19,Young (<25),Male,41100.0,21400,credit_card,1,5,7,0.3746,1,0,1,Month_6
CUST_100940,45,Working Age (25-55),Female,27600.0,8400,home_improvement,3,17,8,0.2501,1,0,0,Month_6
CUST_100941,40,Working Age (25-55),Male,24200.0,4400,credit_card,2,17,5,0.2932,0,0,0,Month_6
CUST_100942,41,Working Age (25-55),Male,113000.0,50000,debt_consolidation,5,12,7,0.2519,0,0,0,Month_6
CUST_100943,38,Working Age (25-55),Female,82600.0,11100,small_business,4,14,10,0.327,0,1,0,Month_6
CUST_100944,39,Working Age (25-55),Female,35100.0,8800,debt_consolidation,1,16,5,0.2781,0,1,0,Month_6
CUST_100945,45,Working Age (25-55),Female,21700.0,7600,credit_card,0,13,7,0.3865,0,0,0,Month_6
CUST_100946,54,Working Age (25-55),Female,110900.0,24600,debt_consolidation,2,18,4,0.452,0,0,1,Month_6
CUST_100947,49,Working Age (25-55),Female,27700.0,9500,debt_consolidation,1,16,4,0.5167,0,0,1,Month_6
CUST_100948,48,Working Age (25-55),Male,52100.0,19400,small_business,2,20,8,0.5927,0,0,1,Month_6
CUST_100949,50,Working Age (25-55),Female,80100.0,31000,medical,4,20,8,0.2388,0,1,0,Month_6
CUST_100950,36,Working Age (25-55),Male,48000.0,10800,major_purchase,1,20,8,0.2731,0,0,0,Month_6
CUST_100951,37,Working Age (25-55),Female,123400.0,33900,debt_consolidation,19,11,3,0.2751,0,0,0,Month_6
CUST_100952,38,Working Age (25-55),Female,15000.0,7700,debt_consolidation,0,13,7,0.2864,0,1,1,Month_6
CUST_100953,51,Working Age (25-55),Female,75200.0,28700,debt_consolidation,6,22,14,0.5095,0,0,0,Month_6
CUST_100954,47,Working Age (25-55),Female,32700.0,4300,credit_card,1,17,4,0.1955,0,0,0,Month_6
CUST_100955,37,Working Age (25-55),Female,27600.0,6400,debt_consolidation,13,18,7,0.3295,0,2,0,Month_6
CUST_100956,54,Working Age (25-55),Female,62000.0,26700,major_purchase,1,16,10,0.1661,0,0,0,Month_6
CUST_100957,48,Working Age (25-55),Male,43100.0,9700,debt_consolidation,14,16,7,0.2117,0,2,0,Month_6
CUST_100958,19,Young (<25),Male,15600.0,5400,debt_consolidation,1,8,6,0.4296,0,1,1,Month_6
CUST_100959,29,Working Age (25-55),Female,20000.0,6700,credit_card,1,11,6,0.1689,1,0,0,Month_6
CUST_100960,56,Senior (>55),Male,42700.0,20100,credit_card,1,19,7,0.3028,0,0,0,Month_6
CUST_100961,19,Young (<25),Female,51700.0,13200,debt_consolidation,1,8,7,0.2533,0,0,0,Month_6
CUST_100962,40,Working Age (25-55),Male,50600.0,9500,credit_card,6,10,7,0.3307,0,0,0,Month_6
CUST_100963,42,Working Age (25-55),Female,65700.0,35000,debt_consolidation,2,14,8,0.3243,0,0,0,Month_6
CUST_100964,22,Young (<25),Female,18500.0,3200,home_improvement,4,10,7,0.3976,0,0,0,Month_6
CUST_100965,38,Working Age (25-55),Male,34000.0,7600,debt_consolidation,6,8,9,0.3486,0,1,0,Month_6
CUST_100966,24,Young (<25),Male,16100.0,5300,small_business,6,9,10,0.2425,0,0,0,Month_6
CUST_100967,47,Working Age (25-55),Female,59700.0,13900,debt_consolidation,7,20,9,0.2095,1,2,0,Month_6
CUST_100968,38,Working Age (25-55),Male,24100.0,11100,debt_consolidation,2,11,6,0.3415,0,0,0,Month_6
CUST_100969,50,Working Age (25-55),Male,60100.0,23600,small_business,3,14,7,0.351,0,1,1,Month_6
CUST_100970,24,Young (<25),Male,45000.0,19000,credit_card,0,10,6,0.4082,0,0,1,Month_6
CUST_100971,36,Working Age (25-55),Male,15000.0,7600,small_business,1,13,9,0.4726,0,2,1,Month_6
CUST_100972,34,Working Age (25-55),Female,81200.0,19900,credit_card,0,9,8,0.4531,0,0,0,Month_6
CUST_100973,23,Young (<25),Male,82700.0,31300,small_business,0,7,5,0.4825,0,0,1,Month_6
CUST_100974,58,Senior (>55),Male,95700.0,31800,small_business,1,20,5,0.3624,0,0,0,Month_6
CUST_100975,64,Senior (>55),Male,74000.0,9100,debt_consolidation,0,23,9,0.4533,0,0,0,Month_6
CUST_100976,35,Working Age (25-55),Male,32300.0,5900,debt_consolidation,0,16,8,0.4787,1,0,1,Month_6
CUST_100977,51,Working Age (25-55),Female,56000.0,24400,debt_consolidation,10,15,5,0.3591,0,1,0,Month_6
CUST_100978,20,Young (<25),Male,41400.0,19300,debt_consolidation,0,8,6,0.2429,0,0,0,Month_6
CUST_100979,46,Working Age (25-55),Male,20000.0,5100,credit_card,9,16,7,0.2899,1,0,0,Month_6
CUST_100980,37,Working Age (25-55),Female,54000.0,12400,home_improvement,0,17,4,0.2184,0,0,0,Month_6
CUST_100981,38,Working Age (25-55),Male,31100.0,10900,major_purchase,0,10,7,0.2817,0,0,0,Month_6
CUST_100982,34,Working Age (25-55),Male,28500.0,4700,home_improvement,3,14,4,0.2203,0,0,0,Month_6
CUST_100983,20,Young (<25),Male,24700.0,5000,home_improvement,2,5,5,0.3603,0,1,1,Month_6
CUST_100984,56,Senior (>55),Female,30700.0,13700,credit_card,0,18,4,0.4392,0,2,1,Month_6
CUST_100985,53,Working Age (25-55),Male,33900.0,9100,debt_consolidation,8,15,9,0.5127,1,1,0,Month_6
CUST_100986,51,Working Age (25-55),Male,15000.0,5700,debt_consolidation,3,21,4,0.2726,0,0,0,Month_6
CUST_100987,39,Working Age (25-55),Male,57900.0,30500,small_business,2,9,8,0.541,0,1,1,Month_6
CUST_100988,43,Working Age (25-55),Male,72400.0,9800,home_improvement,3,16,9,0.3326,0,0,0,Month_6
CUST_100989,55,Working Age (25-55),Male,38200.0,15800,credit_card,4,23,8,0.2931,0,0,0,Month_6
CUST_100990,52,Working Age (25-55),Female,51500.0,13300,debt_consolidation,4,17,6,0.2006,0,1,0,Month_6
CUST_100991,39,Working Age (25-55),Female,42400.0,23100,credit_card,10,14,9,0.1764,0,2,0,Month_6
CUST_100992,32,Working Age (25-55),Male,26900.0,4900,home_improvement,4,7,5,0.1916,0,1,0,Month_6
CUST_100993,36,Working Age (25-55),Male,22100.0,10100,home_improvement,3,12,7,0.2342,0,0,0,Month_6
CUST_100994,37,Working Age (25-55),Female,55400.0,28600,credit_card,14,9,9,0.3209,0,1,0,Month_6
CUST_100995,38,Working Age (25-55),Female,63600.0,31500,debt_consolidation,14,18,7,0.2495,1,1,0,Month_6
CUST_100996,54,Working Age (25-55),Male,34300.0,9500,home_improvement,1,16,8,0.585,1,0,1,Month_6
CUST_100997,26,Working Age (25-55),Female,27400.0,10700,major_purchase,4,8,5,0.4717,0,0,1,Month_6
CUST_100998,48,Working Age (25-55),Female,30400.0,7200,credit_card,2,16,11,0.4756,0,0,1,Month_6
CUST_100999,61,Senior (>55),Male,38300.0,5300,debt_consolidation,2,15,11,0.3844,0,0,0,Month_6
